id,species,enc_id,rec_id,n,n10,1,2,3,4,5,6,7,8,9,10,11,12,13,14,15,16,17,18,19,20,21,22,23,24,25,26,27,28,29,30,31,32,33,34,35,36,37,38,39,40,41,42,43,44,45,46,47,48,49,50,51,52,53,54,55,56,57,58,59,60,61,62,63,64,65,66,67,68,69,70,71,72,73,74,75,76,77,78,79,80,81
1,Ggr,105,2009-06-25a.WAV,37,4,0.000242982,0.0002566,0.000167995,0.000131155,0.000815698,0.00139781,0.001192894,0.001307036,0.001147301,0.000556973,0.001001053,0.00159431,0.001648486,0.002088895,0.002526326,0.002655938,0.002549774,0.003147916,0.002821015,0.002910916,0.003852009,0.005297904,0.006659214,0.006429638,0.007515268,0.008965417,0.009705999,0.010413686,0.012355915,0.014560592,0.016002651,0.017106148,0.017564643,0.017307227,0.016623217,0.016433457,0.016717543,0.015904797,0.015186681,0.016495957,0.018533398,0.020899727,0.022430419,0.02259355,0.021353923,0.019176368,0.017460787,0.01650575,0.016112323,0.015893242,0.015594107,0.015828575,0.017182537,0.018278991,0.018308689,0.017020296,0.015146287,0.01524536,0.016345337,0.017360023,0.017771373,0.017419295,0.017632644,0.018074461,0.017573045,0.017565874,0.01830203,0.018585214,0.018598025,0.017613724,0.015973754,0.015597133,0.016294679,0.016940264,0.01733933,0.016847117,0.016138465,0.016291827,0.016745251,0.017168815,0.016998953
2,Ggr,105,2009-06-25a.WAV,41,4,0.00029799,0.000254538,0.000169267,6.959107772197731e-05,0.000608045,0.001243278,0.001017955,0.001104979,0.001148096,0.000542549,0.000858019,0.001271434,0.001284996,0.001819845,0.002259226,0.002414882,0.002340865,0.002757509,0.002548483,0.002766564,0.003765595,0.005205679,0.006498108,0.006184396,0.007269356,0.008724583,0.009387624,0.010150999,0.012188095,0.014392562,0.01614106,0.017352066,0.017551822,0.017007744,0.016279926,0.016122854,0.016299664,0.015650383,0.015074638,0.016641585,0.0189694,0.021150413,0.022156116,0.022073633,0.02082668,0.018681291,0.017070551,0.016175247,0.015924226,0.015895122,0.015991704,0.016399179,0.01748026,0.018262867,0.018294087,0.017048121,0.015188444,0.015320039,0.016383462,0.017309883,0.017812979,0.017679205,0.018150973,0.01882611,0.018269818,0.018071321,0.018525246,0.018686635,0.018662106,0.017865043,0.016503682,0.016121673,0.01674648,0.017411247,0.017617361,0.017005275,0.016357763,0.016550995,0.017041837,0.017478475,0.017348205
3,Ttr,539,HF_20100922_085731.wav,7,1,4.1570828038532174e-05,0.000741489,0.001505604,0.002961648,0.00451007,0.005342055,0.005056625,0.004611809,0.004980261,0.004991089,0.004969612,0.005279214,0.005723113,0.006083331,0.006107761,0.005536064,0.00467418,0.004927863,0.006215173,0.007374428,0.008118081,0.008488906,0.008654612,0.009476683,0.011072486,0.012746845,0.014149832,0.015168918,0.015806817,0.016165485,0.016429092,0.016803535,0.01736035,0.01796764,0.018439751,0.018672913,0.018654295,0.018439811,0.018126439,0.017786503,0.017502743,0.017587001,0.017821065,0.017716168,0.017144135,0.016695877,0.016628549,0.016241616,0.015647886,0.015146548,0.014764595,0.014269339,0.013479637,0.012685373,0.012160751,0.012038133,0.012900175,0.013736884,0.014327258,0.014768511,0.015087947,0.01530043,0.015419809,0.015449519,0.015418073,0.015454872,0.015730662,0.016167284,0.016557809,0.01680234,0.016871067,0.016753652,0.016438452,0.015905073,0.015115977,0.014013846,0.012563894,0.010970041,0.010031111,0.010120182,0.010403764
4,Gme,459,Ob16C_20161006_104732_126.wav,4,0,0.006227747,0.005431736,0.004994807,0.006139763,0.007607538,0.008675685,0.009558624,0.010256781,0.010721973,0.010947274,0.01099032,0.010986434,0.011019692,0.011061295,0.011130394,0.010961351,0.010617574,0.012195875,0.013800545,0.014791335,0.015518408,0.016058215,0.016443607,0.016694061,0.016824016,0.016846338,0.016774573,0.016624858,0.016417371,0.016176772,0.015931729,0.0157147,0.015560467,0.015497262,0.015532917,0.015649567,0.015809935,0.015970741,0.016097091,0.016169257,0.016181873,0.016141571,0.016066004,0.01598261,0.015922699,0.015909214,0.015946444,0.016022693,0.016122355,0.016233819,0.016347666,0.016450861,0.01652482,0.016548731,0.016503714,0.016374528,0.016149081,0.015817196,0.015369595,0.014797556,0.014093735,0.013254709,0.012284517,0.011191414,0.009964843,0.008770445,0.008513868,0.009023356,0.009425787,0.009589762,0.009516886,0.00921038,0.008664245,0.007855348,0.006730521,0.005173503,0.002966413,0.000710252,2.7978507682332136e-05,0.000413611,0.000776768
5,Ggr,105,2009-06-25a.WAV,45,5,0.000224119,0.000213423,0.000194121,3.717698099721814e-05,0.000447427,0.00106666,0.000939769,0.001060801,0.001105297,0.000545296,0.000851911,0.00128243,0.00134641,0.00184145,0.00223931,0.002418059,0.002437889,0.002897005,0.00271415,0.00291438,0.003874852,0.005257716,0.006501441,0.006256978,0.007363164,0.008805541,0.009490993,0.010285402,0.012339391,0.014622631,0.016427659,0.017572098,0.017595806,0.016790632,0.015970434,0.015780414,0.015902506,0.015389559,0.015064204,0.016773902,0.019150422,0.021258059,0.022066394,0.021709347,0.020382601,0.018195718,0.016662216,0.01574089,0.015476518,0.015746491,0.016194324,0.016730858,0.017697775,0.018214375,0.018140118,0.016906421,0.015108662,0.015287306,0.016319153,0.017096498,0.017606351,0.017646544,0.018276899,0.019031645,0.018615748,0.018438074,0.018723509,0.018785844,0.018714706,0.017946911,0.016705916,0.01644798,0.017028193,0.017559426,0.017745364,0.017254324,0.016567373,0.016598261,0.01687976,0.01727279,0.017227827
6,Dde,524,HF_20100917_162823.wav,6,1,0.001072076,0.000977909,0.000383784,4.158541927326e-05,0.000352736,0.000672114,0.00150851,0.002424568,0.003178941,0.00379919,0.004413949,0.005103054,0.005814663,0.006460596,0.006989222,0.007374786,0.007607415,0.007692842,0.007651177,0.007473444,0.006978289,0.007617422,0.009137065,0.010272086,0.011262486,0.012169436,0.013004399,0.013766949,0.014454023,0.015063141,0.015593329,0.016045183,0.016420602,0.016722154,0.016951906,0.017109939,0.017193471,0.017197887,0.017120947,0.016971098,0.016773851,0.016551899,0.016291839,0.016068242,0.016157285,0.016452193,0.016656507,0.01672055,0.0166602,0.016487155,0.016209712,0.015848551,0.015484634,0.015262248,0.015188296,0.015122102,0.014983746,0.014778177,0.014591577,0.014545591,0.014619551,0.014697992,0.014731976,0.014746289,0.014827691,0.0150486,0.015347742,0.015607728,0.015762506,0.015787184,0.015673667,0.015439484,0.015183196,0.015025563,0.014881904,0.014734386,0.014975345,0.015482423,0.015903403,0.016224614,0.016420029
7,Ggr,335,PAM_20190628_123600_000.wav,182,18,0.000115651,3.672579318322819e-05,0.000469011,0.000871253,0.000907552,0.001076979,0.001450029,0.001744784,0.00216894,0.002930376,0.003417938,0.004091573,0.005160696,0.005913353,0.006391688,0.007309865,0.008487427,0.009494147,0.010544986,0.011703107,0.012756394,0.013731539,0.01467178,0.015494132,0.016149546,0.016690554,0.017109794,0.017358357,0.01742526,0.017332084,0.017138961,0.016925793,0.016769073,0.016720897,0.016901244,0.017510994,0.018392445,0.019160604,0.019642365,0.019832429,0.019783676,0.019575979,0.019314922,0.019072319,0.018815432,0.018484525,0.018124718,0.017750305,0.017302185,0.016753255,0.016140512,0.015392578,0.014328668,0.01308738,0.012223059,0.011790118,0.01123443,0.010482317,0.009909287,0.009769564,0.009987675,0.010627869,0.011451343,0.012241047,0.013004005,0.013812759,0.014411879,0.014659446,0.014610186,0.014336346,0.013995858,0.013246891,0.012276377,0.011978685,0.012736018,0.013571648,0.013903596,0.01379002,0.013115438,0.011465095,0.009442261
8,Gme,459,Ob16C_20161006_104732_126.wav,5,1,0.009713147,0.009731654,0.009751487,0.00979007,0.009830264,0.009833469,0.009746852,0.009465983,0.008804198,0.008253016,0.008670233,0.00910182,0.009457239,0.010120405,0.010884009,0.011434443,0.011688449,0.011574468,0.01069431,0.010116457,0.011419648,0.012239182,0.012853595,0.013372144,0.013820965,0.014240802,0.014627394,0.014923758,0.015083154,0.015097125,0.014992168,0.014831444,0.014714519,0.014748181,0.014992112,0.015426484,0.015969558,0.016528151,0.017036204,0.017460099,0.017788148,0.018021018,0.018166619,0.018238016,0.018252734,0.018232202,0.018200415,0.018181054,0.018192789,0.018243404,0.018325182,0.018415106,0.018481017,0.018489862,0.018413054,0.018227521,0.017914086,0.017454992,0.016831558,0.016022519,0.015004686,0.013762772,0.012331505,0.010896908,0.009817991,0.009341951,0.009338845,0.009456202,0.009405032,0.009036135,0.008280766,0.007077593,0.005302025,0.002547702,0.000790745,6.844919581675598e-05,0.001567659,0.003110368,0.003547017,0.003315968,0.002869724
9,Ttr,539,HF_20100922_085731.wav,4,0,0.003359365,0.001687078,0.000289784,0.001039462,0.003587443,0.004210752,0.004641283,0.007179107,0.008751692,0.009077049,0.008104828,0.006698684,0.007064187,0.00817329,0.008443075,0.008467461,0.007609847,0.007085075,0.008715174,0.009357396,0.008209845,0.008448169,0.007726764,0.008508255,0.011508443,0.012900116,0.01299674,0.012289264,0.012792892,0.014470341,0.015766141,0.016447822,0.016201488,0.016132327,0.017525497,0.017913503,0.016933928,0.016781342,0.016283517,0.015908197,0.015765891,0.01690816,0.018035722,0.018505576,0.018611025,0.018018187,0.017293532,0.017342847,0.017357904,0.017117352,0.017025117,0.016813645,0.01678236,0.016387634,0.015758066,0.014946789,0.014592754,0.014848037,0.014917617,0.014890927,0.014450695,0.013457529,0.012903292,0.012364644,0.012267032,0.012352874,0.011837779,0.012400394,0.013133545,0.013871885,0.01453795,0.014558936,0.014249025,0.013687667,0.012971819,0.012513913,0.012671135,0.012595593,0.011205585,0.01000044,0.010762508
10,Ttr,539,HF_20100922_085731.wav,8,1,6.293356582173196e-05,0.000656792,0.001611794,0.002460292,0.003219739,0.003883761,0.004545274,0.004922586,0.004534107,0.004081969,0.004697973,0.004898696,0.005102305,0.00551133,0.006103999,0.006596872,0.006781413,0.006865482,0.007298696,0.007830882,0.008286795,0.008823473,0.009809429,0.011106029,0.012247246,0.013055873,0.013517128,0.013620922,0.013522457,0.013609274,0.014145414,0.015105817,0.016158939,0.01692307,0.017281414,0.017342432,0.01734135,0.017462143,0.017679711,0.017752224,0.017436773,0.016597974,0.015497321,0.015327323,0.015926149,0.016472581,0.01672114,0.016724185,0.016591505,0.016233583,0.015631845,0.014891948,0.014372768,0.014410082,0.01477452,0.015024094,0.014858455,0.014895138,0.015592403,0.015765261,0.015490811,0.014939448,0.014089018,0.013616069,0.014153179,0.014244114,0.014175225,0.014139455,0.014214727,0.014378036,0.014492603,0.014457946,0.014219672,0.014023221,0.014141597,0.014518643,0.015272058,0.016106169,0.016539698,0.016462646,0.016122582
11,Dde,465,Ob16C_20161007_152509_949.wav,7,1,0.005528983,0.004940414,0.004051976,0.002621675,0.001744529,0.0012311,0.00031005,0.000557637,0.002367499,0.003029552,0.003365495,0.004154529,0.004808905,0.005079863,0.00494309,0.004791063,0.005211661,0.00529078,0.004942995,0.005641803,0.006178874,0.006067356,0.005389956,0.004430719,0.004533094,0.005788156,0.007328033,0.008365922,0.009058717,0.009665393,0.010407457,0.011325825,0.012296929,0.013198954,0.013999059,0.01470762,0.015342003,0.015918182,0.016450022,0.016949517,0.017426454,0.01788758,0.018336065,0.018771909,0.019192939,0.019595636,0.019975508,0.020327283,0.020645209,0.020923483,0.021156634,0.021339773,0.021468667,0.021539696,0.021549741,0.021496088,0.021376354,0.02118853,0.020931159,0.020603755,0.020207585,0.019746909,0.019230679,0.018674187,0.018099448,0.017532604,0.01699761,0.01650778,0.016059533,0.015633292,0.01520071,0.014732772,0.014209563,0.013632784,0.013015654,0.012338245,0.011555034,0.010685648,0.009877496,0.009288237,0.00902638
12,Dde,524,HF_20100917_162823.wav,6,1,0.00728098,0.007681727,0.007341015,0.006096896,0.004842,0.004173992,0.001746726,8.641728635943774e-06,0.000886685,0.001207113,0.001919084,0.003267963,0.005387617,0.007618778,0.009593018,0.011246486,0.012553467,0.013536232,0.01422561,0.014643205,0.014798288,0.014689051,0.014309051,0.013675709,0.012935037,0.012542672,0.013017693,0.014205885,0.015536114,0.01669799,0.017626122,0.018329017,0.018825077,0.019127958,0.019244659,0.019176538,0.018921623,0.018479646,0.017864642,0.017134798,0.016441137,0.016025089,0.016038111,0.016359283,0.01672759,0.016949448,0.01692496,0.016593375,0.015885228,0.014674488,0.012687924,0.009833749,0.009065422,0.011249789,0.013370587,0.014767298,0.015607539,0.016061987,0.016231233,0.016179623,0.015955917,0.01560392,0.015167339,0.014689284,0.014206191,0.013739236,0.013290625,0.012849291,0.012400579,0.011937615,0.011495976,0.011159389,0.01089892,0.010535803,0.009914823,0.009073736,0.008381399,0.007927226,0.00760158,0.006975795,0.006126692
13,Dde,415,SI20120620_171333.wav,80,8,6.388058841941936e-05,0.000492109,0.001321864,0.001615113,0.00155657,0.001661594,0.001907281,0.00295103,0.003915989,0.004311561,0.004663375,0.005353851,0.005997887,0.006537834,0.006724825,0.006862026,0.007360134,0.008138278,0.008679204,0.008931807,0.008837583,0.008837717,0.009392106,0.010073296,0.010564737,0.010879875,0.01107595,0.011188437,0.011407858,0.01167706,0.011991926,0.012416347,0.012879152,0.013251801,0.013637518,0.014117533,0.014724064,0.015183218,0.015413104,0.015491646,0.015459333,0.015380542,0.015397276,0.015468348,0.015485129,0.015395891,0.015153402,0.014995587,0.015091125,0.015344536,0.015747239,0.015925303,0.016235082,0.016616382,0.017038257,0.017443954,0.017705072,0.017858585,0.01786221,0.017827925,0.017888279,0.018040202,0.018144917,0.018221754,0.018180189,0.017971494,0.01778089,0.01769798,0.017541435,0.017282384,0.017085057,0.0168286,0.016433012,0.015883353,0.015286269,0.014911122,0.014760635,0.014407362,0.013842914,0.013248463,0.013045374
14,Ttr,539,HF_20100922_085731.wav,10,1,0.000424369,0.002687462,0.004873546,0.006351466,0.007057621,0.007082868,0.007002491,0.007213761,0.007751391,0.008231166,0.008521737,0.008862858,0.008624722,0.008396464,0.009616696,0.010898668,0.01104519,0.010072906,0.008707288,0.008583326,0.008668055,0.00937809,0.010819192,0.011768178,0.012518925,0.013125626,0.013471597,0.013748727,0.014088568,0.015017336,0.016092759,0.016602886,0.016329053,0.016333717,0.01698081,0.017689529,0.01787707,0.017984222,0.017938635,0.017696642,0.01726478,0.017008888,0.017148016,0.01693794,0.01612346,0.015523237,0.015358051,0.014998288,0.014126906,0.013471996,0.013006159,0.012381231,0.012182231,0.012907518,0.013763179,0.013952751,0.014325051,0.01442598,0.013473046,0.0121918,0.011655461,0.011357189,0.011287866,0.010895184,0.011062288,0.012347882,0.012422535,0.011403665,0.01085941,0.011180777,0.011711963,0.01236989,0.01324308,0.013907366,0.013894716,0.013447809,0.013304835,0.013523127,0.013992254,0.014606309,0.014820277
15,Dde,463,Ob16C_20161009_101111_088.wav,17,2,0.003671997,0.003501683,0.00305184,0.002172469,0.001287517,0.000429766,0.000139062,0.001159469,0.00184778,0.002418739,0.003147675,0.003624524,0.004165416,0.004668334,0.005053456,0.005477051,0.00594069,0.006483892,0.007168047,0.007851272,0.008552056,0.009144678,0.009453922,0.009435642,0.009203688,0.008724703,0.008701652,0.009176042,0.009350624,0.009610265,0.010395721,0.011162397,0.011937799,0.01273993,0.013514661,0.014221518,0.014849686,0.015400688,0.015877581,0.016283759,0.016624395,0.016907601,0.017145567,0.017355919,0.017562203,0.017790619,0.018061174,0.018378525,0.018730988,0.019097074,0.01945289,0.019777079,0.020053116,0.020269663,0.020419905,0.020500597,0.020511099,0.020452351,0.02032583,0.020132872,0.019874775,0.019553478,0.01917207,0.018734544,0.018244293,0.017699616,0.017080184,0.016295098,0.015559279,0.015452823,0.015375278,0.015076754,0.014629317,0.014070229,0.013369988,0.01247518,0.011720763,0.011381761,0.011191576,0.011175042,0.01132079
16,Gme,459,Ob16C_20161006_104732_126.wav,5,1,0.010696458,0.010694184,0.01071307,0.010768444,0.010830709,0.010819952,0.010668232,0.010423866,0.010430959,0.010852624,0.011267896,0.01141186,0.011429752,0.011656213,0.011962299,0.012345072,0.012743442,0.012782499,0.01199083,0.01163505,0.013372701,0.0144806,0.015112441,0.015460052,0.015645413,0.015770149,0.015867132,0.015903036,0.015843555,0.015676594,0.015402932,0.015034616,0.014592979,0.014079351,0.013394066,0.012895785,0.013590176,0.014455337,0.015009488,0.015385584,0.01564417,0.015813967,0.015895944,0.015861023,0.015635057,0.015207098,0.015388399,0.016216361,0.016855964,0.017297342,0.017609042,0.017813594,0.017914612,0.017908659,0.017790384,0.017554341,0.017195275,0.016707946,0.016087023,0.015327491,0.014426784,0.013393761,0.012282049,0.011259625,0.010556922,0.010171362,0.009877501,0.009509461,0.008995118,0.008293378,0.007376748,0.006260979,0.005091982,0.004100362,0.003128875,0.00216477,0.002428673,0.002621244,0.002132413,0.001108904,0
17,Ggr,105,2009-06-25a.WAV,54,5,0.000486446,0.000447649,0.000184424,7.332554213115714e-05,0.000444773,0.000947056,0.000830878,0.000852163,0.00065537,0.00034231,0.00078139,0.001189448,0.001230968,0.001642732,0.002118081,0.002390079,0.002467229,0.002878648,0.002713265,0.002866201,0.003636211,0.004888207,0.00614921,0.006017183,0.007040459,0.008334945,0.009022361,0.009875906,0.012057366,0.014433495,0.016198456,0.01719348,0.016964021,0.015991864,0.015076762,0.014914779,0.015248284,0.014962422,0.015140593,0.017199677,0.019563011,0.02131281,0.021601174,0.020944725,0.019405068,0.017368632,0.016071115,0.015156897,0.015353652,0.016001421,0.016586002,0.017140024,0.017967379,0.018171695,0.017905026,0.016803535,0.015086345,0.015061377,0.016133916,0.016980809,0.017540943,0.018040325,0.018914267,0.019683497,0.019130325,0.018970642,0.019082896,0.018863857,0.018819836,0.018317704,0.017389814,0.017280491,0.017653612,0.018158666,0.018323908,0.01793786,0.017496547,0.017583158,0.017868356,0.018212124,0.018228446
18,Ttr,539,HF_20100922_085731.wav,14,1,0.000140765,0.001201035,0.002877995,0.004172481,0.004840478,0.004889189,0.004535866,0.00496314,0.00567251,0.006291355,0.006720553,0.007022162,0.007131403,0.006952867,0.00735375,0.008412021,0.009252219,0.009635191,0.009599214,0.009398072,0.009517399,0.010025896,0.010566001,0.011210994,0.011838037,0.012154135,0.012784841,0.01334168,0.013597267,0.014024553,0.015237923,0.016490653,0.017391893,0.017987752,0.018130585,0.017777478,0.017237027,0.017124293,0.017387837,0.017922596,0.018317237,0.01824152,0.017521174,0.016552591,0.015668504,0.015394704,0.015561466,0.01566992,0.015539955,0.015080764,0.014757897,0.014169139,0.013556538,0.013359777,0.013990287,0.014261778,0.014183813,0.014477571,0.014329275,0.01404397,0.013552103,0.012905758,0.012681748,0.012686441,0.012750001,0.013328928,0.013318285,0.012797662,0.012639505,0.012968193,0.013532775,0.014028972,0.014159723,0.01405838,0.013702582,0.013230429,0.013408752,0.013774366,0.014071856,0.01439966,0.014514891
19,Dde,524,HF_20100917_162823.wav,4,0,0.004129038,0.00251707,0.000960345,0.000899361,0.00040251,0.000398943,0.003037097,0.004835137,0.005957515,0.006488901,0.006332508,0.005411807,0.004929168,0.005171381,0.005628008,0.006804138,0.007579774,0.007932687,0.00820384,0.008471545,0.008920976,0.009552245,0.010173389,0.010770693,0.011361125,0.011969561,0.012565095,0.013137372,0.013743266,0.014410637,0.015051568,0.015524372,0.015753385,0.015746548,0.015580316,0.015391872,0.015323758,0.015429513,0.015655527,0.01591254,0.016144985,0.016348577,0.016547794,0.016764357,0.016999736,0.017235841,0.017442227,0.017584377,0.017631725,0.017564796,0.017387335,0.017142107,0.016904602,0.016735565,0.016639052,0.016569918,0.016465543,0.016285951,0.016055237,0.015858765,0.015762896,0.015744959,0.015744049,0.015753049,0.015822239,0.015973917,0.016141123,0.016214313,0.016119246,0.015843091,0.015416475,0.014880126,0.014235841,0.013384297,0.012139096,0.010677263,0.010216539,0.010736158,0.011375348,0.011736362,0.01171059
20,Ttr,542,HF_20100918_171508.wav,4,0,0.001394027,0.001844598,0.001931433,0.000191796,0.000580904,0.001665692,0.002029586,0.001895694,0.002443343,0.003854694,0.005329443,0.006281702,0.007556091,0.008652927,0.009023733,0.008665959,0.008423212,0.009023973,0.009724093,0.010692973,0.011647433,0.012348749,0.01277168,0.012836762,0.012426488,0.01140246,0.009937627,0.010853357,0.013371438,0.015069133,0.016165822,0.016871555,0.01727487,0.01741478,0.017310754,0.016983787,0.016480318,0.015883478,0.015262237,0.014586477,0.013729007,0.012920249,0.012850111,0.012869751,0.012447372,0.012391231,0.013174536,0.013744638,0.013966374,0.014276698,0.014745973,0.015163654,0.015466602,0.015665303,0.015821615,0.015992341,0.016151017,0.016212611,0.016116154,0.015879021,0.015589513,0.01539692,0.015510015,0.015921267,0.016356155,0.016635563,0.01674066,0.016715113,0.016609415,0.0164542,0.016232882,0.015895887,0.015446606,0.015001783,0.014672739,0.01442561,0.014194805,0.013971549,0.013752893,0.013504172,0.013282919
21,Dde,415,SI20120620_171333.wav,93,9,0.000107493,0.000582758,0.001330699,0.001754619,0.001745108,0.001639727,0.001706989,0.002713054,0.003760199,0.004218392,0.0046403,0.005259377,0.005791008,0.006278327,0.006494117,0.006783169,0.007423191,0.008159492,0.008553054,0.00877585,0.008770329,0.008876336,0.009436925,0.010070367,0.010593925,0.011001185,0.011259061,0.011370057,0.01157153,0.011838631,0.012177593,0.012618035,0.013023148,0.013251211,0.013453766,0.013852983,0.014427256,0.014819987,0.014965241,0.015146836,0.015221609,0.015214414,0.015231318,0.015206154,0.015165444,0.015207857,0.015136929,0.015072033,0.015215354,0.015524458,0.015978603,0.016201242,0.0165093,0.01692427,0.017358019,0.017736654,0.017989825,0.018106592,0.01802373,0.017877324,0.01792085,0.018099822,0.018236707,0.018314229,0.018242068,0.017994009,0.01775511,0.017603712,0.017316783,0.01699369,0.016888396,0.016701524,0.01636281,0.01589066,0.015362636,0.015010419,0.014853842,0.014541843,0.014052785,0.013476305,0.01323935
22,Dde,415,SI20120620_171333.wav,77,8,0.000185936,0.000656367,0.000920266,0.001532368,0.001893486,0.00210172,0.002365186,0.002795834,0.002977055,0.002908592,0.00339471,0.004103536,0.004867377,0.005333366,0.005934534,0.00651388,0.006927404,0.006947466,0.007296799,0.007951787,0.008432623,0.008806951,0.009225973,0.009847057,0.010412294,0.010899457,0.011268068,0.011735728,0.012197146,0.012626089,0.012918604,0.013157169,0.013408649,0.013742126,0.014029589,0.0142322,0.014427264,0.014663,0.014815121,0.014825643,0.014868963,0.015073179,0.015308383,0.015508481,0.015649316,0.015836395,0.016153864,0.016434867,0.016641562,0.016850826,0.017120326,0.017424787,0.017704934,0.017903911,0.017998318,0.018092571,0.018186793,0.018238892,0.01823463,0.018156912,0.018020518,0.017920925,0.017839565,0.017828572,0.017764659,0.017638327,0.017449518,0.017264486,0.017106,0.016930407,0.016699248,0.016395639,0.016043826,0.01562279,0.015241685,0.014862116,0.014541715,0.014209372,0.013746901,0.013248517,0.012958878
23,Lac,712,500_20120714_110133.wav,5,1,0.000504069,0.000227867,0.002049276,0.002989085,0.003670183,0.00426811,0.004820243,0.005313799,0.005728236,0.006055333,0.00630494,0.006508,0.006704991,0.00690842,0.007084406,0.007184345,0.007174003,0.007029091,0.006706565,0.00626397,0.00645383,0.007248015,0.007902508,0.008377838,0.008718009,0.00892791,0.008986685,0.008817794,0.008157579,0.008568831,0.010282647,0.011481654,0.012423825,0.013215324,0.013898169,0.014499056,0.015038561,0.01553351,0.015996627,0.016435116,0.016850001,0.017237289,0.017590339,0.017902005,0.018165789,0.018376139,0.018528436,0.018619251,0.018647455,0.018616991,0.018541377,0.018445462,0.018353038,0.018261945,0.018137758,0.01793452,0.01761063,0.017126908,0.01643939,0.015515335,0.014432869,0.013302344,0.012402295,0.012196779,0.012847992,0.014200469,0.015323513,0.01605265,0.016486469,0.016691831,0.016715132,0.016619219,0.016508774,0.016455526,0.016406122,0.016272041,0.01602182,0.015668518,0.015230549,0.014682558,0.014124053
24,Ggr,105,2009-06-25a.WAV,9,1,0.004201753,0.003493505,0.003533445,0.004071745,0.003439528,0.002601043,0.002082091,0.002756135,0.002606613,0.001948222,0.002207063,0.002008768,0.002501117,0.002559116,0.001469365,0.0004618,2.6418028049409556e-05,0.000464631,0.002160331,0.003034726,0.002761305,0.001569287,0.003218417,0.005084059,0.006579035,0.008501228,0.010659329,0.012671942,0.013869211,0.014298733,0.014198148,0.013990329,0.014132532,0.014456821,0.014681725,0.014828557,0.014910597,0.014926624,0.015231642,0.016329889,0.017911969,0.019286517,0.020146591,0.020427117,0.02008962,0.019054618,0.017216951,0.015033263,0.014139305,0.014371847,0.014088151,0.01294806,0.012109226,0.012615441,0.013287057,0.012551087,0.01004658,0.010319353,0.014503085,0.017211531,0.018766161,0.019686471,0.020259349,0.020708389,0.021154581,0.021588513,0.021872359,0.021826311,0.021317376,0.020305561,0.019036383,0.018324587,0.018706178,0.019387924,0.019564465,0.019082098,0.018174645,0.017915101,0.018982626,0.020335247,0.021121481
25,Dde,524,HF_20100917_162823.wav,4,0,0.00106373,0.000128347,0.000935572,0.003459475,0.005681374,0.00646721,0.00604318,0.004539614,0.002460702,0.001803195,0.004259121,0.006577151,0.008106392,0.008873962,0.00902287,0.008977139,0.009004863,0.009003962,0.009113356,0.009531766,0.01030189,0.011329177,0.012468604,0.013558261,0.014405218,0.014840597,0.014955264,0.015324095,0.016168275,0.017010159,0.017656287,0.018146333,0.018473888,0.018531614,0.018319776,0.018280998,0.018662103,0.019065801,0.019252354,0.019204649,0.018992183,0.01871116,0.018432868,0.018301691,0.01831504,0.018243473,0.01789792,0.017622364,0.017976949,0.018203883,0.017987243,0.017633158,0.017279888,0.016908164,0.016570952,0.016400879,0.016370499,0.016213163,0.015836679,0.01555123,0.015305073,0.014748105,0.013945459,0.013346148,0.013321958,0.013561865,0.013461846,0.01262198,0.011178377,0.009577733,0.008082612,0.007015832,0.005950587,0.006394474,0.006902364,0.007288442,0.006681584,0.00604554,0.006084741,0.0080764,0.00995117
26,Dde,415,SI20120620_171333.wav,69,7,0.000213532,0.000698138,0.000991191,0.00163566,0.001958019,0.002234268,0.002585538,0.003012839,0.003322771,0.003351784,0.003749091,0.004563794,0.005412816,0.00576845,0.006270128,0.006968753,0.00743826,0.007451842,0.007719373,0.00836066,0.008997067,0.009388137,0.009668634,0.010171454,0.010764806,0.011388275,0.01181352,0.012142471,0.012451943,0.012771563,0.013063526,0.013314083,0.013496411,0.013834086,0.01413506,0.014330033,0.014530064,0.014735093,0.014852237,0.014842158,0.014829978,0.014992243,0.015218488,0.015409405,0.015545405,0.015747328,0.016088107,0.016411936,0.016656798,0.016861025,0.017052026,0.017240512,0.017432079,0.017591416,0.017733139,0.017822043,0.017773007,0.017671953,0.017628939,0.017606786,0.01756307,0.017440068,0.017373147,0.017368048,0.017265709,0.017193431,0.016972893,0.016792233,0.016641819,0.016524056,0.016407772,0.016203044,0.015934938,0.015564632,0.015083521,0.014620409,0.014308283,0.014008456,0.013483137,0.012917758,0.012623434
27,Dde,524,HF_20100917_161244.wav,29,3,0.001554989,0.000880209,7.034213290694647e-05,0.000619868,0.001753339,0.002775813,0.003306088,0.003977399,0.004823673,0.005320077,0.005817998,0.006321831,0.006410719,0.006289217,0.006404656,0.00679893,0.007022161,0.007096759,0.007402027,0.007667458,0.007873242,0.008284738,0.008962036,0.009615018,0.010134509,0.011067152,0.01240597,0.013230065,0.013709547,0.014037661,0.014455784,0.014561884,0.014468583,0.014764731,0.015247154,0.015603188,0.015796812,0.016068477,0.016205731,0.016159914,0.015959431,0.01598275,0.016144293,0.016308271,0.016394161,0.01637594,0.016178222,0.015760921,0.015596516,0.015504576,0.01553325,0.015590906,0.015840546,0.016219845,0.016395534,0.016331419,0.016116983,0.015939676,0.015861943,0.015735983,0.015696353,0.015849125,0.015984217,0.015980355,0.015926473,0.01572868,0.015538516,0.015591887,0.015710995,0.015913412,0.015897118,0.015747039,0.015763459,0.015532919,0.0150979,0.015040558,0.01502939,0.014891793,0.014801834,0.014790494,0.014750573
28,Ttr,539,HF_20100922_085731.wav,8,1,0.006511432,0.005732681,0.004249652,0.003649819,0.003308769,0.000920915,0.000653393,0.004631241,0.006903809,0.008258193,0.009150434,0.009731049,0.010034364,0.010046306,0.009749391,0.009135654,0.008224261,0.007102262,0.005965362,0.0051871,0.005155131,0.005332126,0.004756714,0.003991121,0.005648995,0.008437344,0.011047739,0.013079734,0.014626778,0.015803782,0.016679099,0.017291462,0.017660657,0.017792234,0.017678651,0.01729768,0.016608532,0.015549971,0.014071903,0.012364106,0.011555123,0.012594641,0.014221348,0.015453282,0.016225891,0.01661856,0.016698379,0.016525906,0.016182035,0.015797212,0.015548405,0.015562972,0.015797437,0.016080111,0.016245423,0.016186951,0.015848202,0.015230047,0.01449034,0.014114521,0.014591047,0.015696003,0.016863598,0.017806253,0.018461788,0.018834926,0.018938562,0.018779325,0.018355473,0.017660526,0.016700136,0.015547314,0.014439645,0.013725301,0.013459613,0.013297843,0.012884078,0.011935782,0.00995127,0.007951831,0.007123051
29,Ggr,105,2009-06-25a.WAV,11,1,0.003879139,0.003717502,0.004161226,0.004433848,0.003915302,0.00361881,0.003565273,0.003837192,0.003300816,0.002421092,0.002124516,0.001388535,0.001659576,0.001473339,0.000684826,0.000158314,0.000258538,0.001816881,0.003086321,0.003028603,0.002370796,0.002221811,0.004299581,0.005956343,0.006865029,0.00817689,0.010080034,0.012109331,0.013797463,0.014829262,0.015329042,0.015509788,0.015523723,0.015419476,0.015238682,0.01503029,0.014760866,0.0143189,0.013852789,0.014748664,0.017026158,0.018811666,0.019877988,0.020307598,0.020109059,0.019225892,0.01753997,0.015157181,0.013257083,0.013507433,0.014091775,0.013475636,0.012329534,0.012149637,0.012747824,0.012447327,0.010040289,0.008746918,0.013124306,0.016605912,0.018375968,0.01938538,0.020026181,0.020569508,0.02111898,0.021601302,0.021875225,0.021807076,0.021286326,0.02025752,0.018911723,0.018095728,0.018536603,0.019385734,0.019665197,0.019079577,0.017828703,0.017489413,0.018995621,0.020666021,0.021494621
30,Ttr,542,HF_20100918_173043.wav,4,0,0.004653602,0.002506545,0.002856912,0.004430127,0.00509399,0.004967773,0.003786699,0.001099321,0.000457698,0.003166873,0.004484926,0.006505402,0.008230191,0.009111315,0.009464027,0.009402783,0.008994249,0.00831752,0.007652312,0.007424003,0.007571468,0.008409007,0.009257916,0.009497939,0.0091764,0.008336289,0.008274357,0.010303171,0.012231323,0.013528344,0.01427052,0.014364945,0.013908393,0.01473162,0.015888788,0.016324424,0.016352453,0.016344031,0.016540582,0.016654126,0.016406664,0.015693012,0.014541691,0.013400432,0.012733033,0.013005692,0.013437552,0.014388523,0.015276897,0.015586076,0.015379412,0.014723074,0.013852392,0.013040109,0.012645723,0.012456566,0.013904861,0.015582297,0.016348235,0.016607059,0.016464651,0.015958226,0.015135799,0.01435977,0.01435516,0.015206235,0.016254632,0.017022294,0.017470982,0.017645101,0.017589864,0.017366138,0.017080802,0.016916054,0.016993964,0.017179671,0.017273571,0.017185171,0.016879749,0.016328663,0.015751841
31,Dde,524,HF_20100917_161244.wav,9,1,0.002199834,0.001132235,3.860665403620978e-05,0.00074124,0.002210944,0.00324034,0.003360474,0.003047419,0.003413441,0.004272151,0.004997618,0.005449694,0.005595636,0.005406681,0.005041341,0.005363619,0.005396607,0.00575131,0.0064275,0.006280208,0.006169228,0.006750026,0.006942866,0.006907895,0.007160119,0.007996896,0.008899263,0.009887445,0.010694154,0.011495252,0.013109592,0.014257441,0.014922672,0.015249514,0.015304586,0.015173656,0.015000067,0.014940208,0.015031618,0.015148519,0.015147162,0.015024821,0.014906023,0.014883792,0.014934737,0.015041274,0.015295477,0.015738459,0.016228768,0.016623326,0.016887224,0.017056891,0.017167027,0.017220002,0.017231315,0.01726052,0.017325001,0.017339698,0.017249215,0.017104125,0.01702275,0.017102114,0.017343724,0.017675395,0.018039699,0.018418844,0.018784285,0.01907054,0.019209646,0.019167261,0.018938534,0.01852578,0.017927541,0.017144168,0.016242177,0.015544196,0.015220975,0.015162486,0.015378871,0.015810638,0.016197604
32,Dde,415,SI20120620_171333.wav,71,7,4.589254149558156e-05,0.000261973,0.001256816,0.001631229,0.001572385,0.001459617,0.001489145,0.002448932,0.003392707,0.003956432,0.004223971,0.00470381,0.005241473,0.005880354,0.006122847,0.006256147,0.00678185,0.007638051,0.008350403,0.008628899,0.008475279,0.008462741,0.008967614,0.009643537,0.010209979,0.010635753,0.010847026,0.010991229,0.011242709,0.011453984,0.01170018,0.01198112,0.012302958,0.012791533,0.01337161,0.013959764,0.01452175,0.01496902,0.015223693,0.015374707,0.015439154,0.015473786,0.015573886,0.015667834,0.015687057,0.015540108,0.01520193,0.014901343,0.01493537,0.015203637,0.015697867,0.015959916,0.016342024,0.016747662,0.017168845,0.017637766,0.017968386,0.018092077,0.018128227,0.01822671,0.018427834,0.018665647,0.018775885,0.018859468,0.018911692,0.018810015,0.018544764,0.018356224,0.018105665,0.017779003,0.017487378,0.017202496,0.016847692,0.016328371,0.0157446,0.015426872,0.01535939,0.015018898,0.0143612,0.013614377,0.013309826
33,Ttr,539,HF_20100922_085731.wav,4,0,0.002512526,0.001601124,0.000139408,0.000686641,0.001759695,0.002394532,0.002275477,0.001654961,0.002119276,0.003716369,0.005674812,0.007563772,0.009330445,0.010792249,0.011800314,0.012299164,0.012263546,0.011654406,0.010617787,0.009885911,0.00961631,0.009442129,0.009464663,0.010267182,0.011802199,0.013316399,0.014209832,0.014204996,0.013205365,0.012920391,0.014365683,0.015598297,0.016064834,0.015972684,0.015802804,0.016106859,0.016953577,0.01794554,0.018747126,0.019215561,0.019306726,0.018991215,0.018221268,0.016930818,0.0151276,0.013166658,0.012093505,0.012799095,0.014143153,0.014996368,0.015409333,0.016023628,0.016678665,0.016700577,0.015852034,0.014400744,0.013791172,0.013843655,0.013611845,0.012543154,0.011031175,0.01100868,0.010951814,0.010913874,0.010904822,0.011886034,0.012231998,0.011697898,0.01146073,0.012123305,0.013541242,0.014722001,0.015508114,0.016226716,0.016840818,0.017112519,0.017178156,0.017066907,0.016559038,0.015615218,0.014822886
34,Gme,459,Ob16C_20161006_104732_126.wav,6,1,0.009190613,0.009195031,0.009253253,0.009361343,0.009466103,0.009461973,0.00923567,0.008730905,0.008075454,0.007878523,0.008619879,0.009273464,0.009727783,0.010298687,0.010867864,0.011446448,0.012002487,0.012229586,0.011697002,0.011376959,0.012697541,0.013529691,0.014118812,0.014561504,0.014888274,0.015151421,0.015367544,0.015506143,0.015541378,0.01547206,0.015316738,0.015118849,0.014952368,0.014901051,0.015015618,0.015287349,0.015656653,0.016049613,0.016414454,0.016732452,0.017007999,0.017252074,0.017470795,0.017665363,0.017837893,0.017994438,0.018143612,0.018293058,0.018445392,0.018594997,0.018727351,0.018821637,0.018855209,0.018807365,0.018660957,0.018402145,0.018019281,0.017501698,0.016838781,0.016019689,0.015035028,0.013886053,0.012620181,0.011408327,0.010513367,0.010005424,0.009732219,0.009522413,0.009206437,0.008660279,0.007816233,0.006623085,0.004997935,0.002653376,0.001422656,0.00067362,0.001295135,0.00203796,0.001855301,0.001006699,0
35,Dde,415,SI20120620_171333.wav,87,9,0.000182715,0.000906574,0.001521452,0.001881751,0.001858677,0.001726151,0.001877628,0.002604269,0.003508644,0.00408304,0.004592928,0.005115742,0.00557641,0.006031724,0.006417653,0.006931058,0.007654486,0.00819205,0.008236904,0.008237243,0.00835408,0.008750036,0.009320326,0.009899123,0.010432331,0.010870767,0.011187441,0.011328385,0.011581978,0.011893404,0.012209088,0.012644149,0.013101188,0.013355538,0.013548799,0.013987936,0.014545828,0.014885329,0.014994081,0.015193476,0.015361416,0.015479471,0.015571543,0.015550687,0.015464497,0.015520801,0.015618595,0.015758337,0.01594486,0.016212565,0.016471879,0.016576617,0.016879848,0.017287276,0.017665733,0.018001522,0.01825783,0.018406459,0.018328844,0.018154544,0.0181188,0.018198436,0.018323981,0.018363928,0.018180861,0.017833801,0.017520059,0.017343994,0.017083553,0.016775074,0.016648047,0.016362499,0.015837494,0.015257314,0.014777931,0.014479891,0.014338579,0.013990822,0.013415607,0.012797449,0.012618175
36,Dde,524,HF_20100917_151117.wav,4,0,0.000995859,0.000611875,0.000361281,0.000151731,0.001474419,0.002938853,0.003163567,0.004179777,0.00613941,0.006732779,0.007778379,0.009634419,0.010754343,0.011404826,0.011672857,0.011621164,0.011420509,0.011251804,0.010926745,0.010316711,0.010135708,0.011257842,0.012913172,0.014182679,0.014994511,0.015505116,0.015890002,0.01626073,0.016610282,0.016878109,0.017025232,0.017020166,0.016937665,0.017047812,0.017422571,0.017867956,0.018208589,0.018331601,0.018219042,0.017945348,0.01758533,0.01717679,0.016891418,0.016956621,0.017266994,0.017502903,0.017465011,0.017164826,0.016728998,0.016212976,0.015642164,0.0149459,0.013811078,0.01330916,0.014101193,0.014546974,0.01445951,0.01382125,0.012714665,0.011535614,0.010608988,0.008653253,0.007003036,0.009277075,0.011312249,0.012445844,0.012726375,0.012540126,0.012283587,0.012208437,0.01186102,0.01114473,0.011736133,0.012444584,0.012289724,0.011645349,0.011044765,0.010972547,0.01139195,0.011473545,0.010911863
37,Dde,577,HF_20100928_174711.wav,6,1,0.001533791,0.000124298,0.001185608,0.002965501,0.003638023,0.003775638,0.003529182,0.003045866,0.00275993,0.00340074,0.004730691,0.005765609,0.00616043,0.005771748,0.004151365,0.002418855,0.003642905,0.005269934,0.007080572,0.008569125,0.009443812,0.01005583,0.010710898,0.01153754,0.012575378,0.013756733,0.014821233,0.015632135,0.016199299,0.016577432,0.016829425,0.017000941,0.017108254,0.01715361,0.01715213,0.017140718,0.017139617,0.017119038,0.017039542,0.016882842,0.016627066,0.016228816,0.015647796,0.014991312,0.01467024,0.014684101,0.01476579,0.014932584,0.015156619,0.015348863,0.015496625,0.015676547,0.015972211,0.016351842,0.016698548,0.016913203,0.016932414,0.016722763,0.016316761,0.01587886,0.015526628,0.015138461,0.014622788,0.014043941,0.01346921,0.0128437,0.012371257,0.012494567,0.012845278,0.013058701,0.013101778,0.01271556,0.013297638,0.014770241,0.015687122,0.016264701,0.016549506,0.016544719,0.016242547,0.015675738,0.015326737
38,Dde,415,SI20120620_171333.wav,104,10,0.000331991,0.000135348,8.74290937010234e-05,0.000460387,0.000876349,0.00156717,0.0022489,0.002331947,0.002328686,0.002583956,0.00286206,0.003180738,0.003850265,0.004618099,0.005366806,0.005814984,0.006189536,0.006500947,0.006903901,0.007406362,0.007629259,0.007766636,0.008038633,0.008767035,0.009800031,0.010507085,0.010726205,0.010756066,0.010905635,0.011240649,0.011615284,0.012080416,0.012474904,0.012860053,0.013178049,0.013351114,0.013545261,0.013917859,0.014358991,0.014724582,0.015032892,0.015379693,0.015722925,0.016001409,0.016220153,0.016528631,0.016885407,0.017282492,0.017637711,0.017906954,0.018170612,0.018383301,0.018611915,0.018850378,0.01908971,0.019298045,0.019421213,0.01947181,0.019442503,0.019378891,0.019335021,0.019316492,0.019300258,0.01920755,0.019042019,0.018823454,0.018566326,0.018275544,0.017906113,0.017487983,0.017056284,0.016687361,0.01635718,0.015955334,0.015423198,0.014842343,0.014362086,0.013919058,0.013476131,0.013079011,0.012975002
39,Ttr,542,HF_20100918_173043.wav,5,1,2.977175553109663e-05,0.001801015,0.003155099,0.004275437,0.004967512,0.005126984,0.005153647,0.005369311,0.005689339,0.006171492,0.006441822,0.006282973,0.006195784,0.006568632,0.007023411,0.007492853,0.008030353,0.008527419,0.008559237,0.008375496,0.009502964,0.011052906,0.012084273,0.012597558,0.012556396,0.012557489,0.013105562,0.013967678,0.014822954,0.015341423,0.015672451,0.015710349,0.01521621,0.014506104,0.014598205,0.014997608,0.015161161,0.015025056,0.014873562,0.014794603,0.014667939,0.014348124,0.013178601,0.012876332,0.015002666,0.016560561,0.017553116,0.01813618,0.018366496,0.018245427,0.017725476,0.016958902,0.017007133,0.017635654,0.017861317,0.017699317,0.01727896,0.016597357,0.015552013,0.014236347,0.013075441,0.012146554,0.011722585,0.012029164,0.013505264,0.014782542,0.015418606,0.015807818,0.015914232,0.015697383,0.015196075,0.014425906,0.01335403,0.011982726,0.010989396,0.010931142,0.011275979,0.011990996,0.01271374,0.013047742,0.013122661
40,Ttr,542,HF_20100918_171508.wav,5,1,0.001476643,0.00178181,0.001722304,0.000165116,0.000617025,0.001858994,0.002499701,0.002627829,0.003214232,0.004401483,0.005489976,0.005937755,0.006699555,0.008006754,0.008979742,0.009156871,0.009278353,0.0100008,0.010723691,0.011600628,0.012401431,0.012935326,0.013205261,0.013201265,0.012897698,0.012191007,0.011162305,0.012112485,0.014361484,0.015872525,0.016830571,0.017416186,0.017711834,0.017764675,0.017613076,0.017298261,0.016869115,0.016381858,0.01586608,0.0152679,0.014456295,0.01360062,0.013257154,0.012932232,0.01248421,0.012741724,0.013773807,0.0145229,0.014875901,0.015215928,0.015611146,0.015886278,0.015980911,0.015882712,0.015590351,0.014980685,0.014206414,0.014706439,0.015335577,0.015425086,0.015273629,0.015075215,0.015043475,0.015233592,0.01552123,0.015815393,0.016029431,0.0161021,0.016028004,0.015812916,0.015423791,0.014792344,0.013968441,0.013438957,0.013456031,0.013551305,0.013492721,0.013272941,0.01286432,0.01208274,0.010655449
41,Dde,415,SI20120620_171333.wav,88,9,3.140299569314672e-05,7.930250178206038e-05,6.102715080747278e-05,0.000517294,0.000960075,0.001404033,0.001941366,0.002253488,0.002545665,0.002824814,0.003109441,0.003761861,0.004363116,0.004810872,0.005291184,0.006089046,0.006888535,0.007503222,0.00788183,0.008146753,0.00843285,0.008845368,0.009404215,0.010085113,0.010584742,0.010861967,0.011194495,0.011412754,0.01159877,0.011913693,0.012271021,0.012679951,0.013013597,0.013296664,0.013616527,0.01386615,0.014168342,0.014468738,0.014683891,0.014927506,0.01521443,0.015504166,0.015801166,0.016124288,0.016494249,0.016810388,0.017071027,0.01728347,0.017530435,0.017846437,0.018145796,0.018348198,0.018434502,0.018504591,0.018651139,0.018801936,0.018866549,0.018836933,0.018776275,0.018731701,0.01868643,0.018640664,0.018560787,0.018430151,0.018269598,0.018091608,0.017875685,0.017591749,0.017263493,0.01690027,0.016459636,0.016020074,0.015596322,0.015153557,0.014613327,0.013998041,0.01353958,0.013098028,0.012700554,0.012473315,0.01246877
42,Dde,524,HF_20100917_161244.wav,19,2,0.00176119,0.000856044,7.308317337082273e-05,0.000413651,0.001195342,0.002176268,0.00297424,0.003807857,0.004839998,0.005613463,0.006152873,0.00646828,0.006618986,0.006595429,0.006433838,0.006611031,0.006872585,0.007084358,0.007251575,0.007569804,0.007976355,0.008356155,0.008937651,0.009410237,0.010222865,0.011424757,0.012481777,0.013260388,0.013798112,0.014178927,0.014405643,0.014408118,0.014116717,0.014398952,0.014937832,0.015353471,0.015712187,0.01594254,0.015980754,0.015833854,0.015710801,0.015763998,0.015869719,0.016087201,0.016331875,0.016477406,0.016249763,0.015668563,0.015566531,0.015696981,0.015909742,0.016153974,0.016305901,0.016420828,0.016409213,0.016206345,0.015837097,0.015485918,0.015329065,0.01529136,0.015427265,0.015772841,0.016146342,0.016377247,0.016393323,0.016199965,0.01602385,0.016012694,0.016029026,0.016005471,0.015920521,0.015764514,0.015531548,0.015175024,0.014909467,0.014949805,0.014932652,0.015085907,0.015314649,0.015413994,0.01533443
43,Dde,530,HF_20100917_221931.wav,4,0,0.000694454,0.000246807,0.002366313,0.004993302,0.006948192,0.008164464,0.00873397,0.008717555,0.008158751,0.007164841,0.005996451,0.006625307,0.008330578,0.009192776,0.00945391,0.009310671,0.008875318,0.0081525,0.007008779,0.005047063,0.004535069,0.005672779,0.005812467,0.006804952,0.009618864,0.012002151,0.013787165,0.015265249,0.016487776,0.017450032,0.018213276,0.018820345,0.019250474,0.019479056,0.019559119,0.019618378,0.019707068,0.019728683,0.019576576,0.019192292,0.018528098,0.017528315,0.016148882,0.014432874,0.012754138,0.012000269,0.012450162,0.013352217,0.014223388,0.014987842,0.015660692,0.01623893,0.016726321,0.017130159,0.017410841,0.017479803,0.01725681,0.016701925,0.015809199,0.014585386,0.01302479,0.011251033,0.009870084,0.009618957,0.010069401,0.010544637,0.011771538,0.013119917,0.013938601,0.014340754,0.014256916,0.013286103,0.013010016,0.01399511,0.014017406,0.01325951,0.012218872,0.011842245,0.011326084,0.010053392,0.009014611
44,Gme,6,MF20070712_111215.wav,6,1,0.005839342,0.004951579,0.003948061,0.00321917,0.002886602,0.001969042,0.000181676,0.000761581,0.001515855,0.001833895,0.003157869,0.003637473,0.004485891,0.005908769,0.006284636,0.006239742,0.006252322,0.006604435,0.007561409,0.008600262,0.009106272,0.009077899,0.008953821,0.009052358,0.009242526,0.009501555,0.009574272,0.009543317,0.009909024,0.011158124,0.012636784,0.013734925,0.014480752,0.014949043,0.01526704,0.015596793,0.015921959,0.016063462,0.015914477,0.015423971,0.014462749,0.013016094,0.012760549,0.012926117,0.013367089,0.014178596,0.014741287,0.01510275,0.015371225,0.015655557,0.016142372,0.016809568,0.017419743,0.017828662,0.018025714,0.01807258,0.01804459,0.017959287,0.017705027,0.017170162,0.017247113,0.017706988,0.017718737,0.017651427,0.017907333,0.018285353,0.01853493,0.018595214,0.018459218,0.018151975,0.017712364,0.017177556,0.016613444,0.016140627,0.015771444,0.015417393,0.0151377,0.014974962,0.014743691,0.014318881,0.014025948
45,Dde,415,SI20120620_171333.wav,91,9,3.615299780220761e-05,0.000141632,0.000388012,0.000920981,0.001329318,0.001656523,0.002131996,0.002581409,0.002890482,0.003127326,0.003476777,0.004184786,0.004529714,0.004638011,0.005218133,0.00625782,0.007107355,0.007644795,0.00800906,0.008494723,0.009018961,0.009351763,0.009578956,0.010023759,0.010667841,0.011134211,0.011532976,0.011734342,0.011934515,0.012292909,0.012712491,0.01306397,0.013248969,0.013336967,0.013519364,0.013764571,0.013951613,0.014104805,0.01417736,0.014354148,0.014565665,0.014769938,0.015127501,0.015544638,0.015865454,0.01604613,0.016224259,0.016375081,0.016543853,0.016820047,0.017117387,0.017369569,0.017546896,0.017664652,0.017876708,0.018150269,0.018291668,0.018305362,0.018289478,0.018242044,0.018185172,0.018208314,0.018178794,0.018091885,0.018001735,0.017949352,0.017867083,0.017681419,0.017441754,0.017175272,0.016842901,0.016498073,0.016167709,0.015829781,0.015485342,0.015091672,0.014716282,0.014374091,0.013981179,0.013654552,0.013571543
46,Ttr,539,HF_20100922_085731.wav,23,2,0.001055475,6.950729218203513e-05,0.000609133,0.001748621,0.0026207,0.003294684,0.003727645,0.004008216,0.004100873,0.003954234,0.004297984,0.004941792,0.005492543,0.005907075,0.006439012,0.007057973,0.007574187,0.007936803,0.008118691,0.008045719,0.007654018,0.006822046,0.006999943,0.00906822,0.010976415,0.012150468,0.012920629,0.013487208,0.01404875,0.014858539,0.015739007,0.016130925,0.015539126,0.013088271,0.012261968,0.015070062,0.016380472,0.01680458,0.016649333,0.016199318,0.016237291,0.016554121,0.017293606,0.018026417,0.017860054,0.017180639,0.016718977,0.016009339,0.015427991,0.015093004,0.014571671,0.01281005,0.011847871,0.014348236,0.016164078,0.017087116,0.017440564,0.017365107,0.017147457,0.01703949,0.01704391,0.017055386,0.017021868,0.01679527,0.015925652,0.015211358,0.015355008,0.015750083,0.015695052,0.015149746,0.013909796,0.013075307,0.014196871,0.01533823,0.01558471,0.015024771,0.014474453,0.014834812,0.015398641,0.015587455,0.015498379
47,Dde,415,SI20120620_171333.wav,79,8,8.100966957625074e-05,0.000208668,0.000310939,0.001034112,0.001240333,0.001427625,0.00163737,0.002129026,0.002596881,0.002878855,0.003228226,0.003768037,0.00434771,0.004971059,0.005783778,0.006170217,0.006268946,0.00622615,0.006725497,0.007609659,0.008301746,0.00869455,0.009061078,0.009706649,0.010232282,0.010577207,0.010806658,0.011382263,0.012147074,0.012739601,0.012991294,0.012934778,0.013048301,0.01354413,0.013914748,0.014067103,0.014184267,0.01443209,0.014602022,0.014655032,0.014767784,0.01496329,0.01509471,0.015163386,0.015224019,0.015380879,0.015659991,0.015874218,0.01596939,0.016151504,0.016498727,0.016877701,0.017337527,0.01769688,0.01791659,0.018140097,0.0183724,0.018562509,0.01866954,0.018671362,0.018601165,0.018521128,0.018404481,0.018335205,0.018237624,0.018110046,0.017913935,0.017740193,0.017630029,0.01753019,0.017382666,0.017126002,0.016827267,0.016517767,0.016273459,0.015997395,0.015703267,0.01539681,0.014999631,0.014623337,0.014468923
48,Ttr,539,HF_20100922_085731.wav,5,1,0.000141216,0.000514697,0.000347591,0.001202573,0.003001168,0.003147542,0.002280197,0.002474474,0.002620638,0.004555795,0.00703462,0.008695569,0.009649242,0.0100006,0.010073009,0.010295451,0.010684187,0.010971716,0.010857039,0.010631254,0.010880187,0.010262911,0.009595731,0.010687097,0.011282021,0.01174478,0.012207062,0.012609592,0.013006624,0.013500133,0.014113141,0.014794509,0.01543277,0.015984387,0.016417838,0.016717388,0.017014902,0.017461999,0.018009108,0.018513403,0.018883754,0.019051056,0.018966912,0.018655459,0.018377954,0.018519308,0.018824098,0.018936815,0.018887426,0.018691545,0.018256217,0.017608062,0.016949465,0.016435862,0.016088659,0.015815028,0.015340574,0.014456326,0.013943231,0.014001376,0.01394109,0.013750742,0.013402229,0.01295956,0.012413756,0.011570933,0.010445763,0.009665012,0.009982771,0.010812851,0.011398511,0.011643783,0.011653524,0.011427554,0.010994268,0.01165634,0.012814196,0.013147925,0.01326167,0.013418906,0.013535327
49,Ttr,539,HF_20100922_085731.wav,17,2,0.000356721,0.002132332,0.003868871,0.005070181,0.005973427,0.006293389,0.006641495,0.00700895,0.007381658,0.007646363,0.00793321,0.00827097,0.008311395,0.008614263,0.009393771,0.009893161,0.009928266,0.009540191,0.008876044,0.008842948,0.008786243,0.0091582,0.010319978,0.011202226,0.01175494,0.012222874,0.01273333,0.01340084,0.014092885,0.014975091,0.015816835,0.016441232,0.016584987,0.016737772,0.017229147,0.017891519,0.01821887,0.018331877,0.018164188,0.017888559,0.017639995,0.017360941,0.01728894,0.017342103,0.016982048,0.016596955,0.016370626,0.01597717,0.015322293,0.014752295,0.014140498,0.013360882,0.013059063,0.013600953,0.01427228,0.014398533,0.014655445,0.014863308,0.014255587,0.013291142,0.012741136,0.01244039,0.012392962,0.011991023,0.01167243,0.012309084,0.012406707,0.011378547,0.010652684,0.01120905,0.012047754,0.012647399,0.013124623,0.013136296,0.012757993,0.012626733,0.012494735,0.012286408,0.01292034,0.013600198,0.013703251
50,Dde,415,SI20120620_171333.wav,94,9,0.000193526,0.000149963,7.185743987229579e-05,0.000502391,0.000866206,0.001407902,0.00203929,0.002134639,0.00220369,0.002599353,0.002939263,0.003320372,0.003978572,0.004558943,0.005182947,0.005874231,0.006531865,0.006939018,0.007256883,0.007555105,0.007736336,0.007989519,0.008366934,0.00909042,0.010000317,0.010660019,0.010944678,0.010931817,0.010988927,0.011257992,0.011684733,0.012256441,0.012771785,0.013191669,0.013512244,0.013736132,0.014000715,0.014394206,0.014839735,0.01519941,0.015512562,0.01587839,0.016264513,0.016602439,0.016860892,0.017143814,0.017466722,0.017803578,0.018118824,0.018379257,0.018588163,0.018740466,0.018871763,0.018998359,0.019135996,0.01926387,0.01933031,0.019343429,0.019279275,0.01916332,0.019055083,0.019001488,0.018978458,0.018866439,0.018667743,0.018423068,0.018139055,0.017812382,0.01741003,0.016973007,0.016517679,0.016114458,0.015752436,0.0153159,0.014711076,0.014027938,0.013477631,0.013016876,0.012604067,0.012286767,0.012242427
51,Gme,459,Ob16C_20161006_104732_126.wav,5,1,0.010881495,0.010919252,0.010873611,0.010746336,0.010610263,0.010558535,0.010558623,0.01056792,0.010893967,0.0117092,0.012587618,0.013256278,0.013655892,0.013771412,0.013707553,0.013790014,0.013981785,0.01385656,0.012892531,0.012437381,0.014262172,0.015447155,0.016151012,0.016558811,0.016753139,0.016789677,0.016712569,0.016555478,0.016336794,0.016057768,0.01570993,0.015287987,0.014789859,0.014181485,0.01331524,0.012557629,0.013021001,0.013688683,0.014118605,0.014472982,0.014782465,0.015035216,0.015207033,0.015255935,0.01509786,0.014717652,0.014979788,0.015918154,0.016631654,0.017105388,0.017413545,0.017586691,0.017638632,0.017576097,0.0174023,0.017118409,0.016724258,0.016218836,0.015600818,0.014869387,0.014026019,0.01307999,0.012067094,0.011086105,0.010263227,0.009593477,0.008959861,0.008288371,0.007576435,0.00685546,0.006121906,0.005326326,0.004476654,0.003628031,0.002588869,0.001507794,0.001801239,0.002107113,0.001778559,0.000963149,0
52,Gme,459,Ob16C_20161006_104732_126.wav,5,1,0.009296546,0.009528294,0.009498907,0.009194152,0.008610096,0.007734282,0.007364472,0.008442567,0.009689411,0.010525871,0.011015111,0.011232609,0.01119289,0.010821153,0.010248734,0.010442035,0.011304205,0.012207279,0.013042896,0.013727619,0.014265703,0.01470865,0.015084941,0.015387832,0.015608171,0.015759773,0.015873385,0.015960946,0.015995221,0.015940297,0.015788673,0.015568251,0.015327322,0.015132361,0.015062306,0.01510543,0.015144689,0.015115953,0.015140839,0.015439912,0.015929851,0.016387606,0.016744766,0.017007614,0.017194369,0.017323947,0.017412554,0.017469777,0.017495271,0.017478121,0.017398795,0.017231263,0.016942612,0.016489824,0.0158473,0.015274261,0.015186808,0.015238781,0.015094811,0.014758724,0.014274715,0.013685677,0.013039083,0.012386261,0.01176983,0.011202501,0.010655119,0.010070709,0.009392072,0.008586859,0.007678913,0.006763124,0.0059173,0.005159593,0.004562095,0.004136275,0.003670248,0.002877871,0.00151263,0.000194687,2.7601722936827625e-05
53,Dde,415,SI20120620_171333.wav,95,10,1.568415895071976e-05,4.189060175445403e-05,0.000372453,0.000757466,0.001088492,0.001565659,0.002134403,0.002597038,0.002850375,0.002952038,0.003099602,0.003892629,0.004529166,0.004712753,0.00519451,0.00600894,0.006702746,0.007231571,0.007563336,0.008045927,0.008580697,0.009009833,0.009270314,0.009593502,0.010215625,0.010652998,0.011024171,0.011278414,0.011562455,0.011951457,0.012303045,0.012471223,0.012401079,0.012304021,0.012493525,0.012824388,0.013132934,0.0134255,0.013606718,0.01383299,0.014090182,0.014362083,0.014817323,0.015331371,0.01570508,0.015923224,0.016135244,0.01631715,0.01650784,0.016769213,0.017067251,0.017368284,0.017601125,0.017771608,0.017996728,0.018260784,0.018452605,0.018542015,0.018586163,0.018588094,0.018547696,0.018592064,0.018618798,0.018570451,0.01848974,0.018416347,0.018312186,0.018165376,0.017990808,0.017776788,0.017489715,0.017181705,0.016923623,0.016694883,0.01644284,0.016119665,0.015805319,0.015514728,0.015247655,0.014951383,0.014663293
54,Dde,524,HF_20100917_161244.wav,5,1,0.007451035,0.00779552,0.007789781,0.007322747,0.006312532,0.004767587,0.003146282,0.002294122,0.002493566,0.002987928,0.00264935,0.000545962,0.001114998,0.005244363,0.008329843,0.010545872,0.012172363,0.01334505,0.014145953,0.014621151,0.014792065,0.014662116,0.014224634,0.013491273,0.012605118,0.012071677,0.012524389,0.013815258,0.015274891,0.016541989,0.017545478,0.018297767,0.018820414,0.019128267,0.019227747,0.019118033,0.018793462,0.018249152,0.017497171,0.016610497,0.015804136,0.015426767,0.015636396,0.016177256,0.01669808,0.017003237,0.017011596,0.01667496,0.015930311,0.014661288,0.012657789,0.009938359,0.009044687,0.011454185,0.013777632,0.015220078,0.01609168,0.016565201,0.016736253,0.01666631,0.016403202,0.015992025,0.015480212,0.014915834,0.014337738,0.013761522,0.013172827,0.012537494,0.011826607,0.011048536,0.010279736,0.009676825,0.009414108,0.009507085,0.0097609,0.009956596,0.009963919,0.009717781,0.009172845,0.008262279,0.007268326
55,Dde,415,SI20120620_171333.wav,77,8,0.000193159,0.000566027,0.00076541,0.001358379,0.001774039,0.002056765,0.002461593,0.003000678,0.003503569,0.003797457,0.004317193,0.005164201,0.005912689,0.006182402,0.00636172,0.00678205,0.007329975,0.007567899,0.00787632,0.0082026,0.008544234,0.008874876,0.009298856,0.009938173,0.010595172,0.011134656,0.011503742,0.011751372,0.011881251,0.012001496,0.012302048,0.012781282,0.013190311,0.013489857,0.013683632,0.013867158,0.014091756,0.014347897,0.014583516,0.014658684,0.014622426,0.014881038,0.015325238,0.015604672,0.015738216,0.015863769,0.016153545,0.016452608,0.016643858,0.016802497,0.017056883,0.017269372,0.017468173,0.017639759,0.017780749,0.017864399,0.017821411,0.01778171,0.017835954,0.017905248,0.017957309,0.017938423,0.01791864,0.017840182,0.017651994,0.017514127,0.017338747,0.017219924,0.017039744,0.016809191,0.016609549,0.016425155,0.016146809,0.015720556,0.01520117,0.014726953,0.014363546,0.014026688,0.013576469,0.01306012,0.012709089
56,Ttr,539,HF_20100922_085731.wav,5,1,0.004998141,0.00571037,0.005610325,0.004775032,0.003370505,0.001582292,0.000254195,0.001320341,0.00469959,0.006936529,0.008428853,0.009385887,0.009896762,0.00997502,0.010113059,0.010817451,0.011241955,0.011079996,0.010337843,0.008948471,0.008107816,0.0082614,0.008776914,0.010117199,0.011666019,0.013087542,0.014306532,0.015197765,0.015629184,0.015554245,0.015131965,0.014762315,0.014656817,0.014817931,0.015129532,0.016428403,0.018012364,0.019062396,0.019699346,0.01995383,0.019788048,0.019046715,0.017766983,0.017744031,0.018142506,0.018175982,0.018030079,0.017636437,0.016817208,0.01590005,0.016410486,0.017040327,0.017213366,0.017068264,0.016846211,0.016671189,0.016152543,0.014906071,0.014376526,0.014144206,0.012631299,0.01027072,0.010146818,0.01101507,0.011105986,0.010890194,0.010218058,0.009631338,0.010109116,0.010533725,0.011372817,0.012297982,0.012800121,0.01250142,0.011798735,0.011601969,0.011580391,0.011904782,0.011552431,0.010167334,0.008150332
57,Dde,415,SI20120620_171333.wav,105,11,5.708396759164264e-05,0.000133924,0.000357639,0.000668411,0.001057466,0.001579906,0.002177452,0.002696827,0.002910096,0.002760145,0.002733355,0.00348845,0.004061847,0.004233569,0.004866265,0.005628676,0.006197527,0.006667014,0.006962379,0.007446862,0.008023735,0.008454926,0.008588888,0.008912809,0.009718624,0.010286621,0.010689606,0.01089271,0.011145356,0.011585705,0.011979177,0.012157594,0.012069987,0.012039997,0.012322531,0.012668953,0.012937909,0.01321697,0.013491651,0.013881205,0.014266557,0.014574421,0.014984354,0.015459581,0.015846281,0.016123448,0.016469616,0.016774168,0.01704864,0.017333448,0.017598967,0.017856115,0.018058326,0.01824402,0.018536602,0.018809832,0.018990495,0.019061597,0.019080127,0.019047825,0.018965553,0.019005485,0.019034438,0.018981001,0.018887249,0.018777901,0.01862247,0.018412254,0.018170822,0.017918729,0.017624213,0.017332602,0.017045096,0.016778442,0.016555947,0.016224347,0.015857666,0.015497781,0.015143259,0.014779685,0.014470796
58,Ttr,542,HF_20100918_171508.wav,5,1,0.000760673,0.003022659,0.003527017,0.003149443,0.002993028,0.003039538,0.004054739,0.005674286,0.006211894,0.006477652,0.007019335,0.007382118,0.00761317,0.0085197,0.009899815,0.010793417,0.010794064,0.010183035,0.010492567,0.01128039,0.011050148,0.009598817,0.008533117,0.00911949,0.011063866,0.011943448,0.011851386,0.012749194,0.012601461,0.012434459,0.013405844,0.014560099,0.014979283,0.015734498,0.016575014,0.017848378,0.018101103,0.017153571,0.01482978,0.0132204,0.014781317,0.01673956,0.017221677,0.016340065,0.015976903,0.01555095,0.013249949,0.010885449,0.012539086,0.015083429,0.016862269,0.018041286,0.018729789,0.018649735,0.017662702,0.015720946,0.014025952,0.013439156,0.013370669,0.013269018,0.012125783,0.012480165,0.013901601,0.01424294,0.013428496,0.011691727,0.011068831,0.011293723,0.011869555,0.013598276,0.01524084,0.016295811,0.016494409,0.016511211,0.016900259,0.01647408,0.015099166,0.012781022,0.012425096,0.013662998,0.014032208
59,Dde,524,HF_20100917_155656.wav,5,1,0.004663664,0.00457958,0.004202027,0.003045336,0.002162262,0.003092541,0.00317232,0.002661432,0.001545491,0.000215908,0.00063918,0.003312377,0.005225409,0.005926692,0.005855346,0.00512656,0.004161904,0.005095611,0.006602401,0.007209022,0.007247666,0.00672654,0.005833349,0.00670555,0.007481441,0.007560328,0.00741682,0.007870987,0.009085891,0.009979571,0.01017556,0.010682285,0.011717598,0.012389496,0.013147808,0.013570411,0.013509158,0.013178712,0.012871239,0.012939571,0.013662747,0.014684681,0.01551582,0.016050355,0.016366225,0.016628995,0.016964714,0.017344833,0.017657363,0.017834724,0.017831729,0.017620908,0.01726817,0.016911306,0.016664972,0.016583687,0.016714051,0.017047226,0.017427298,0.01773851,0.018070597,0.018544491,0.019121074,0.019678279,0.020118037,0.02038112,0.020450807,0.020358264,0.020171141,0.019934138,0.019612805,0.019148138,0.018550093,0.017990791,0.01761772,0.017083901,0.015918383,0.014103193,0.015175418,0.017018711,0.017849538
60,Dde,415,SI20120620_171333.wav,70,7,5.136318233640626e-05,0.000145347,0.000546844,0.000912881,0.001218718,0.001722861,0.002326906,0.002693575,0.00281681,0.002511789,0.002350836,0.003109071,0.003901896,0.004340045,0.00495215,0.005304384,0.00566118,0.006217667,0.006475412,0.006713102,0.007055531,0.007221774,0.007507501,0.008193422,0.009068336,0.009617265,0.009980393,0.01020094,0.010384049,0.010793833,0.011125499,0.01140665,0.011578958,0.011799799,0.012212606,0.012593116,0.012986851,0.013523426,0.014201502,0.014823678,0.015309457,0.015694912,0.016087144,0.016453981,0.016687479,0.016908978,0.01732025,0.017759182,0.018131064,0.018408501,0.018602622,0.018764551,0.018910751,0.019111875,0.019473652,0.019737115,0.01993721,0.020054638,0.0200455,0.019908787,0.019652499,0.019546936,0.019568897,0.019486746,0.019335493,0.019198287,0.01895161,0.018666751,0.018315064,0.017893024,0.017441679,0.017024081,0.016639992,0.016248586,0.015808393,0.01515021,0.014307929,0.013645781,0.01334023,0.013192477,0.013029719
61,Dde,415,SI20120620_171333.wav,88,9,0.000456651,0.000108961,3.830499055289278e-05,0.000576263,0.001085411,0.001458952,0.00185142,0.002359037,0.002753466,0.003232068,0.003757956,0.004007997,0.004231967,0.00485196,0.005547574,0.006029949,0.006294579,0.006567074,0.007321202,0.008182219,0.008696061,0.009052531,0.009403663,0.009954003,0.010499211,0.010836152,0.011007899,0.011345698,0.011972717,0.012548988,0.012784246,0.012715311,0.012746293,0.012932547,0.013155766,0.013313996,0.013436256,0.01359145,0.013585325,0.013656725,0.014030358,0.014491826,0.014716455,0.014660908,0.01456072,0.014835379,0.01523216,0.015408783,0.015482983,0.015697894,0.016095027,0.016497796,0.017034768,0.017562512,0.017989925,0.018345846,0.01863311,0.018805322,0.018903782,0.018997364,0.019033551,0.018994873,0.018816362,0.018579697,0.018384089,0.018288186,0.0181934,0.018034941,0.017762172,0.01749901,0.01739408,0.017283505,0.017129443,0.016907189,0.01669721,0.016499572,0.016234321,0.015881693,0.01567979,0.015490705,0.015285446
62,Dde,415,SI20120620_171333.wav,67,7,0.000224601,3.0106048765432013e-06,0.000501982,0.00130446,0.001751326,0.002132111,0.002848556,0.003332156,0.003394615,0.003070646,0.003236243,0.003977762,0.004412344,0.004738534,0.005286668,0.005675883,0.005966958,0.006560597,0.007221893,0.00768904,0.008038555,0.008123057,0.008368187,0.009118965,0.009849095,0.010356562,0.010770787,0.010872125,0.010984465,0.011370584,0.011660553,0.012010666,0.012292462,0.012561176,0.012958606,0.01320187,0.013295626,0.013496697,0.013917937,0.0144146,0.014854822,0.015312418,0.015676267,0.015892002,0.015934503,0.016089532,0.0165332,0.01696641,0.017428814,0.017828757,0.018030141,0.018137727,0.018324609,0.018678157,0.019184325,0.019521771,0.019697607,0.019791691,0.019818935,0.019721451,0.019479825,0.019296031,0.019138074,0.018903436,0.018705662,0.018627388,0.018457831,0.018165769,0.017726615,0.017301406,0.016904397,0.016513013,0.016160882,0.015745428,0.015249617,0.014466425,0.013579834,0.012883846,0.012690385,0.012786908,0.012802125
63,Dde,524,HF_20100917_155656.wav,4,0,0.003914148,0.004092647,0.00536059,0.005447945,0.0044195,0.002090244,3.8357831899585296e-05,0.001709787,0.003851925,0.004837845,0.00506997,0.004556598,0.004285884,0.005843087,0.007278606,0.008081077,0.008392412,0.008566152,0.008842686,0.008873787,0.008338365,0.007658169,0.007647247,0.008286842,0.009170414,0.009841347,0.010240649,0.010536775,0.010852742,0.011400285,0.012460065,0.013718142,0.014674883,0.015193142,0.015311512,0.015124475,0.014796449,0.014569539,0.014601443,0.01484206,0.015154153,0.015396429,0.015443074,0.015241693,0.014839769,0.01437008,0.014045072,0.013913707,0.013788363,0.013511841,0.013085264,0.012843809,0.01320877,0.013894878,0.014588245,0.015319863,0.016133955,0.0169542,0.017642896,0.018108411,0.018323312,0.018313715,0.018137783,0.017853485,0.01751106,0.017183586,0.016962544,0.016881408,0.016916719,0.017038578,0.01718328,0.0172708,0.017264735,0.017183,0.017061658,0.016916447,0.016724055,0.016428285,0.01599213,0.01546461,0.01508655
64,Dde,524,HF_20100917_155656.wav,4,0,0.006891509,0.00753737,0.007135379,0.006113389,0.006460009,0.00684314,0.006332313,0.00519681,0.003556,0.001300496,0.000162111,0.002346687,0.004017233,0.004849731,0.006314293,0.0091478,0.011177875,0.012584227,0.013566868,0.014200271,0.014516931,0.014527497,0.014232262,0.013647308,0.012897501,0.012419026,0.012814524,0.01402555,0.015448898,0.016715548,0.017732597,0.018500114,0.019034394,0.019348328,0.019447986,0.019333411,0.019001581,0.018453997,0.017716977,0.016888937,0.016198644,0.015929259,0.016135596,0.016569567,0.016944476,0.017091404,0.016924973,0.016378349,0.015352801,0.01365859,0.011129411,0.009396324,0.010720377,0.013133887,0.014866676,0.015950488,0.016583805,0.016884668,0.016926103,0.016760297,0.01643131,0.015981911,0.015456152,0.014897368,0.014341612,0.013808693,0.013294327,0.012764578,0.012149265,0.01132499,0.010115688,0.008923529,0.008128447,0.007310539,0.008201849,0.008613552,0.008606934,0.008864451,0.008824366,0.008286866,0.007700997
65,Dde,524,HF_20100917_161244.wav,7,1,0.005127618,0.005030233,0.004618918,0.003909665,0.002594565,0.000777106,0.000138303,0.001404006,0.003309761,0.004955999,0.005689601,0.005942434,0.006200899,0.006742181,0.00708647,0.007232262,0.007409231,0.007721524,0.008484288,0.010112207,0.011680244,0.012847569,0.013706169,0.014318077,0.014721203,0.014968616,0.015151893,0.015296401,0.015333851,0.015230886,0.015022113,0.014788348,0.014631818,0.014641352,0.014870473,0.015287235,0.01575721,0.016150725,0.016410395,0.016525167,0.016504956,0.016373732,0.016150185,0.015846875,0.015499286,0.015161615,0.014888452,0.014713269,0.014633545,0.014631517,0.014643335,0.014640426,0.014979019,0.015483691,0.015724321,0.015710516,0.015514399,0.015209377,0.0148812,0.014610776,0.01444289,0.014382472,0.01442342,0.014574049,0.014849054,0.015229681,0.015644599,0.015993819,0.0161913,0.016186482,0.015954467,0.015484862,0.014769846,0.013781099,0.012746532,0.012212231,0.011894002,0.011494688,0.011019308,0.010637818,0.010459874
66,Ttr,542,HF_20100918_173043.wav,5,1,0.000699294,6.66456710444809e-05,0.001734872,0.003852872,0.004730172,0.004841743,0.005187299,0.005284265,0.005708174,0.006761329,0.007530473,0.00777425,0.007630584,0.00748261,0.008437428,0.009091601,0.008703802,0.007462294,0.007642242,0.007977189,0.008007646,0.009254239,0.010526236,0.011035267,0.010959103,0.010492493,0.009605929,0.009804308,0.011390178,0.012441456,0.013544074,0.015090859,0.016615906,0.017915268,0.018938769,0.019680368,0.020165265,0.020427639,0.020490018,0.020347776,0.019966685,0.019311892,0.01842915,0.017534251,0.01694751,0.016822871,0.016944022,0.01698873,0.016788978,0.016383401,0.016064675,0.016185865,0.0164869,0.016518942,0.016183911,0.015263826,0.014470135,0.014490608,0.01427997,0.013841464,0.012582834,0.01162691,0.012229364,0.012177711,0.012969715,0.01417558,0.01496514,0.015197337,0.014701082,0.013567925,0.012697114,0.012675985,0.013052839,0.013356665,0.013067668,0.012009443,0.011027904,0.010936197,0.010692265,0.010539857,0.010514746
67,Ggr,105,2009-06-25a.WAV,25,3,0.000321413,0.00140646,0.002027756,0.002321667,0.002249468,0.002446304,0.002905517,0.00316349,0.002786277,0.002224959,0.002640227,0.003221349,0.004513487,0.005030109,0.004503526,0.003920454,0.004181933,0.004880148,0.004333879,0.004150379,0.004045588,0.003741413,0.003932399,0.003496646,0.002859855,0.002843888,0.00348979,0.005288199,0.007578052,0.010038466,0.011696372,0.012485656,0.012458329,0.01153892,0.009525583,0.007096934,0.005861079,0.007609936,0.011107985,0.013932931,0.01583216,0.017032711,0.017498659,0.017060313,0.015517504,0.013206342,0.012266062,0.012829855,0.012606687,0.010741861,0.010324859,0.01253512,0.014874279,0.01650374,0.017310254,0.01793558,0.018729994,0.020003607,0.021467185,0.022628021,0.023253845,0.023324199,0.023060377,0.023030313,0.023622393,0.024289969,0.024377808,0.023690249,0.022155346,0.020222518,0.019044164,0.019451007,0.020385865,0.020734701,0.021513392,0.022585846,0.023341416,0.023601597,0.023341819,0.022526057,0.021685504
68,Ggr,105,2009-06-25a.WAV,138,14,0.000563547,0.000723701,0.000540363,0.000304223,0.000121966,1.974871091207489e-05,0.000327424,0.000776629,0.0011004,0.00112171,0.000964654,0.001138176,0.001583181,0.001351285,0.001105336,0.001263512,0.001107875,0.001030977,0.0018261,0.002827162,0.002815031,0.003162031,0.004895007,0.005737728,0.005880708,0.007011347,0.008777455,0.0105192,0.011951265,0.013110479,0.016114361,0.019437751,0.021276197,0.02172778,0.021164521,0.019880815,0.018680842,0.018093428,0.017697308,0.018042061,0.019444933,0.021058442,0.021613215,0.020998365,0.019428002,0.016925002,0.013851288,0.011212377,0.011173581,0.012158589,0.012635608,0.01422057,0.01615693,0.016497155,0.015856579,0.015851009,0.016458313,0.017725024,0.019149219,0.020201488,0.021023421,0.021767247,0.022127783,0.022511798,0.022818064,0.022468533,0.021570716,0.020192746,0.018381051,0.015686345,0.014392845,0.016185187,0.017139419,0.016874742,0.016597386,0.015970574,0.014987912,0.014664027,0.015429059,0.015617207,0.015204963
69,Ttr,542,HF_20100918_171508.wav,5,1,0.002100246,0.000371115,0.000477965,0.002504028,0.004092313,0.004901176,0.004748114,0.003789294,0.004147781,0.004639792,0.004871549,0.004441075,0.003464746,0.003728862,0.005759858,0.007835932,0.008663533,0.008548286,0.007719527,0.007165023,0.007699356,0.008680972,0.010082015,0.011400591,0.012220914,0.012592351,0.012678879,0.012805408,0.013109209,0.01344534,0.01370431,0.013586634,0.013414753,0.01467562,0.015681468,0.0160432,0.015988667,0.0154949,0.0146122,0.013979029,0.014052349,0.014322577,0.014162889,0.013772852,0.014706406,0.015722196,0.016162322,0.016157069,0.015725894,0.015054977,0.014750676,0.015307908,0.015575426,0.015867952,0.016247502,0.016295966,0.015995744,0.015460564,0.014517954,0.013708132,0.01452199,0.014891449,0.015324164,0.016115455,0.016543306,0.016674646,0.016697843,0.016794206,0.016805489,0.016623517,0.016371788,0.016266619,0.016557496,0.016924133,0.016899218,0.016378724,0.015662653,0.015931786,0.016405658,0.01626459,0.015911885
70,Ttr,539,HF_20100922_085731.wav,12,1,0.000135101,0.000306721,0.001702461,0.003099106,0.003996835,0.004340769,0.004273722,0.004904798,0.005242056,0.005395653,0.005751351,0.006193018,0.006724914,0.006935011,0.006916513,0.007476341,0.008310608,0.009083493,0.009534731,0.009529538,0.009486027,0.009436375,0.009057726,0.009609247,0.010649591,0.011311387,0.01246691,0.013479248,0.013782603,0.013932681,0.014972583,0.016135525,0.016934612,0.017620831,0.018325388,0.018556714,0.018258746,0.018000196,0.018001405,0.01842329,0.018844102,0.018878667,0.018339414,0.017735948,0.01719918,0.017052331,0.017030489,0.016757271,0.016403019,0.015978761,0.0160862,0.016004533,0.015365456,0.014622229,0.014698523,0.014433026,0.013987156,0.014289879,0.014287985,0.014294181,0.013983405,0.01325317,0.012732016,0.012311188,0.0121203,0.012866873,0.013182434,0.013033155,0.013087289,0.013421697,0.013599435,0.013655775,0.013549109,0.013429308,0.013152919,0.012717149,0.013495337,0.014161032,0.014070261,0.013854392,0.01374158
71,Dde,415,SI20120620_171333.wav,77,8,0.000405747,6.231870967619141e-05,0.000157265,0.000689682,0.001081278,0.001601419,0.002199257,0.002653509,0.00317837,0.003743982,0.0041294,0.004396144,0.004680254,0.005231063,0.005739007,0.006219311,0.006423291,0.00671582,0.007444618,0.008299214,0.008945221,0.009208869,0.009477808,0.009975064,0.010424593,0.010784874,0.011026055,0.011294737,0.011873537,0.012416458,0.012664885,0.012601243,0.01257449,0.012744996,0.012939595,0.013085807,0.013231463,0.013407897,0.013473804,0.013625544,0.014029884,0.014444155,0.01463621,0.014549588,0.014391636,0.014656034,0.015075371,0.01527384,0.015340422,0.015553356,0.015912855,0.016238534,0.016763518,0.017321258,0.017888993,0.01834075,0.01860979,0.018764459,0.018892151,0.01905683,0.019141141,0.019053877,0.018843167,0.018583802,0.018410649,0.018396224,0.018317927,0.018095553,0.01772848,0.017415714,0.017332826,0.017255335,0.017122126,0.016890189,0.016575538,0.016321544,0.016035824,0.015681651,0.015477588,0.015425493,0.015327824
72,Dde,524,HF_20100917_162823.wav,4,0,0.004724959,0.006332521,0.007378735,0.007735106,0.00747372,0.006576345,0.004960538,0.002919878,0.000843318,0.000226594,0.000397867,4.540683848646568e-05,0.001241043,0.004423571,0.007938847,0.01043244,0.01221103,0.01348698,0.014359748,0.014879724,0.015068119,0.014924191,0.014430189,0.013573785,0.012473121,0.011736577,0.012241938,0.013755049,0.015377978,0.016725498,0.017761358,0.018519079,0.019029924,0.019312758,0.019374744,0.019212938,0.018815623,0.018165129,0.017249676,0.016111895,0.014999449,0.014488187,0.014897946,0.015762164,0.016543281,0.017032798,0.017177415,0.016949195,0.016295071,0.015096727,0.013095106,0.009870492,0.00783953,0.0108313,0.013852447,0.015540487,0.016531188,0.01705779,0.017231751,0.017118057,0.016764631,0.016218355,0.015535113,0.014781251,0.014020416,0.0132944,0.012630173,0.012072118,0.011669518,0.011455475,0.011498697,0.01179582,0.012130315,0.012265707,0.012072313,0.01146232,0.010280502,0.008066446,0.006980061,0.007394639,0.006953411
73,Gme,25,MF20070722_132442.wav,4,0,0.010927319,0.010542666,0.01056787,0.011135051,0.012067461,0.013189388,0.01428618,0.01516808,0.015738925,0.015827652,0.015361125,0.015838305,0.016860176,0.017173153,0.016859483,0.015801394,0.013670438,0.013216826,0.014266759,0.015697166,0.017465083,0.018835201,0.019720302,0.020246319,0.020508133,0.020582525,0.020567454,0.020537403,0.020432819,0.020119061,0.019471998,0.018120254,0.016281939,0.016190128,0.01706007,0.018048824,0.018612658,0.019196193,0.019452368,0.019137274,0.018175574,0.016329131,0.012828611,0.010476945,0.011582223,0.012355313,0.012430639,0.012133303,0.011301737,0.010176541,0.009842408,0.00986626,0.01008066,0.010982166,0.010993905,0.00954721,0.006692055,0.004656193,0.005573228,0.008447866,0.009831963,0.010162274,0.009681084,0.008561578,0.006788349,0.005135788,0.005069448,0.005242185,0.005460856,0.004507619,0.002967048,0.000399271,0.001009452,0.003858853,0.005804897,0.006654736,0.006729587,0.006306582,0.005635953,0.005364767,0.005574318
74,Dde,524,HF_20100917_151117.wav,6,1,0.00742581,0.007276936,0.006205032,0.005929771,0.006039968,0.005139796,0.00372743,0.002087511,0.000554212,4.878510618163348e-05,0.00070883,0.00316986,0.00583503,0.008181565,0.010150443,0.011722479,0.012929151,0.013810768,0.01439676,0.0147022,0.014727606,0.014458964,0.013871628,0.012961214,0.011889682,0.011293312,0.011945134,0.013527327,0.015171268,0.016533146,0.017591571,0.018382564,0.018937799,0.019277254,0.019410882,0.019341322,0.019067248,0.018589661,0.017926913,0.017148886,0.01642819,0.016027448,0.016100077,0.016505801,0.016959384,0.017252362,0.01727983,0.016981981,0.016297358,0.01513063,0.01334083,0.011073926,0.010230296,0.011988408,0.014074041,0.015490824,0.016367165,0.016845874,0.017015346,0.016934265,0.016647854,0.016197052,0.015623002,0.01496722,0.014268066,0.013556788,0.012857826,0.012192566,0.011579407,0.011031454,0.010564571,0.010243066,0.010110084,0.009945937,0.009467791,0.008505457,0.006887877,0.005155268,0.005628078,0.006843073,0.007307807
75,Dde,524,HF_20100917_162823.wav,4,0,0.006647581,0.006986668,0.006639338,0.005681012,0.004094097,0.001917816,0.000170321,0.000983156,0.002654784,0.003697061,0.00428616,0.005035476,0.006341724,0.008046796,0.009747949,0.011210845,0.012376946,0.013252599,0.013854297,0.014192319,0.014266546,0.014065991,0.013573676,0.012794463,0.011870163,0.011341241,0.011911806,0.013375454,0.014972335,0.016340899,0.017427785,0.018254421,0.018846096,0.019219359,0.019381708,0.019333442,0.019070491,0.018590313,0.017907327,0.017091345,0.016331747,0.015929308,0.016051698,0.016520695,0.017015547,0.017322056,0.017340515,0.017014479,0.016280618,0.015033098,0.013110524,0.010718553,0.009948861,0.011808046,0.013902541,0.015295467,0.016134758,0.016572204,0.016702053,0.016588848,0.016285622,0.015844548,0.015322144,0.014778193,0.014267758,0.013830112,0.013481881,0.013216493,0.013004532,0.01279344,0.012512255,0.0120813,0.011418696,0.010438478,0.009042782,0.007226202,0.005895766,0.00582855,0.006135957,0.006613165,0.006908711
