id,source_file,timestamp,density,group,species,1,2,3,4,5,6,7
1,C:/Users/TristanKleyn/Downloads/ecotypeClassification/binary/Binaries_20240704/10MIN/WINDOWS_20240704.csv,39:25.5,1.036288,1,None,0.024640704,0.20775975,0.54859173,0.060105637,0.0335543,0.033969358,0.091378495
2,C:/Users/TristanKleyn/Downloads/ecotypeClassification/binary/Binaries_20240706/10MIN/WINDOWS_20240706.csv,59:04.9,1.118208,2,None,0.04028285,0.26309016,0.42622828,0.09253049,0.029403832,0.0541072,0.094357215
3,C:/Users/TristanKleyn/Downloads/ecotypeClassification/binary/Binaries_20240706/10MIN/WINDOWS_20240706.csv,03:08.9,1.00352,2,None,0.020655062,0.2615012,0.48944035,0.043820098,0.008591542,0.12261444,0.053377412
4,C:/Users/TristanKleyn/Downloads/ecotypeClassification/binary/Binaries_20240706/10MIN/WINDOWS_20240706.csv,04:24.9,1.10592,2,None,0.029961882,0.3019689,0.35398105,0.06291504,0.01150856,0.14360116,0.09606345
5,C:/Users/TristanKleyn/Downloads/ecotypeClassification/binary/Binaries_20240706/10MIN/WINDOWS_20240706.csv,07:12.9,1.048576,2,None,0.02660132,0.25777227,0.5116404,0.05432012,0.01622896,0.08516548,0.0482713
6,C:/Users/TristanKleyn/Downloads/ecotypeClassification/binary/Binaries_20240706/10MIN/WINDOWS_20240706.csv,07:16.9,1.2288,2,None,0.03179925,0.25466162,0.4852087,0.05284512,0.02078576,0.08660454,0.068095066
7,C:/Users/TristanKleyn/Downloads/ecotypeClassification/binary/Binaries_20240706/10MIN/WINDOWS_20240706.csv,20:24.9,1.16736,3,None,0.040420763,0.23801933,0.35148752,0.07403865,0.014790259,0.12050545,0.16073804
8,C:/Users/TristanKleyn/Downloads/ecotypeClassification/binary/Binaries_20240706/10MIN/WINDOWS_20240706.csv,20:28.9,1.007616,3,None,0.04252841,0.24553029,0.29382476,0.07832876,0.02568601,0.12407113,0.19003068
9,C:/Users/TristanKleyn/Downloads/ecotypeClassification/binary/Binaries_20240706/10MIN/WINDOWS_20240706.csv,20:40.9,1.880064,3,None,0.04974595,0.1911897,0.25521722,0.07084309,0.026734069,0.13641985,0.26985013
10,C:/Users/TristanKleyn/Downloads/ecotypeClassification/binary/Binaries_20240706/10MIN/WINDOWS_20240706.csv,21:20.9,1.052672,3,None,0.06436586,0.19778709,0.35968316,0.075612046,0.010178416,0.19945297,0.09292049
11,C:/Users/TristanKleyn/Downloads/ecotypeClassification/binary/Binaries_20240706/10MIN/WINDOWS_20240706.csv,21:24.9,1.163264,3,None,0.0795458,0.23511292,0.18064947,0.123329505,0.041723922,0.06433637,0.27530196
12,C:/Users/TristanKleyn/Downloads/ecotypeClassification/binary/Binaries_20240706/10MIN/WINDOWS_20240706.csv,21:28.9,1.142784,3,None,0.06330953,0.25196832,0.24233593,0.10545538,0.048733924,0.11138314,0.1768137
13,C:/Users/TristanKleyn/Downloads/ecotypeClassification/binary/Binaries_20240706/10MIN/WINDOWS_20240706.csv,21:32.9,2.064384,3,None,0.07172941,0.25030422,0.19493997,0.10276172,0.029815124,0.08184119,0.2686083
14,C:/Users/TristanKleyn/Downloads/ecotypeClassification/binary/Binaries_20240706/10MIN/WINDOWS_20240706.csv,22:24.9,1.421312,3,None,0.052406285,0.27409765,0.28503138,0.09399334,0.029263116,0.075974315,0.18923394
15,C:/Users/TristanKleyn/Downloads/ecotypeClassification/binary/Binaries_20240706/10MIN/WINDOWS_20240706.csv,23:24.9,1.097728,3,None,0.0256368,0.17700326,0.53105944,0.041746832,0.005208116,0.16836405,0.050981473
16,C:/Users/TristanKleyn/Downloads/ecotypeClassification/binary/Binaries_20240706/10MIN/WINDOWS_20240706.csv,23:28.9,2.224128,3,None,0.038116653,0.2599234,0.30817077,0.056448996,0.008668521,0.23285599,0.095815696
17,C:/Users/TristanKleyn/Downloads/ecotypeClassification/binary/Binaries_20240706/10MIN/WINDOWS_20240706.csv,23:32.9,1.388544,3,None,0.07936257,0.24589865,0.27631807,0.10244519,0.013245775,0.18904087,0.093688875
18,C:/Users/TristanKleyn/Downloads/ecotypeClassification/binary/Binaries_20240706/10MIN/WINDOWS_20240706.csv,23:36.9,1.482752,3,None,0.029203158,0.26133826,0.3082229,0.04716184,0.003398089,0.30779442,0.04288131
19,C:/Users/TristanKleyn/Downloads/ecotypeClassification/binary/Binaries_20240706/10MIN/WINDOWS_20240706.csv,23:40.9,2.859008,3,None,0.03976577,0.25458047,0.26548,0.076271735,0.006583703,0.27054474,0.08677352
20,C:/Users/TristanKleyn/Downloads/ecotypeClassification/binary/Binaries_20240706/10MIN/WINDOWS_20240706.csv,24:28.9,1.159168,3,None,0.026673814,0.24331152,0.451454,0.04684544,0.006733554,0.17303248,0.051949065
21,C:/Users/TristanKleyn/Downloads/ecotypeClassification/binary/Binaries_20240706/10MIN/WINDOWS_20240706.csv,24:32.9,1.073152,3,None,0.042097796,0.29932082,0.16666645,0.07627578,0.014126708,0.18693885,0.21457362
22,C:/Users/TristanKleyn/Downloads/ecotypeClassification/binary/Binaries_20240706/10MIN/WINDOWS_20240706.csv,24:36.9,1.339392,3,None,0.025686529,0.17309657,0.33313724,0.06642762,0.002513995,0.3501291,0.049008932
23,C:/Users/TristanKleyn/Downloads/ecotypeClassification/binary/Binaries_20240706/10MIN/WINDOWS_20240706.csv,24:40.9,1.523712,3,None,0.033851717,0.25120285,0.39269575,0.06446909,0.009051235,0.14468558,0.10404374
24,C:/Users/TristanKleyn/Downloads/ecotypeClassification/binary/Binaries_20240706/10MIN/WINDOWS_20240706.csv,25:28.9,1.142784,3,None,0.049221024,0.20525202,0.40801772,0.061942767,0.016716668,0.1409425,0.11790724
25,C:/Users/TristanKleyn/Downloads/ecotypeClassification/binary/Binaries_20240706/10MIN/WINDOWS_20240706.csv,25:36.9,1.818624,3,None,0.036616214,0.1648965,0.35938013,0.06164614,0.006930571,0.27882457,0.091705896
26,C:/Users/TristanKleyn/Downloads/ecotypeClassification/binary/Binaries_20240706/10MIN/WINDOWS_20240706.csv,25:40.9,1.024,3,None,0.045262873,0.21561669,0.33079025,0.058250185,0.01054682,0.14652993,0.19300325
27,C:/Users/TristanKleyn/Downloads/ecotypeClassification/binary/Binaries_20240706/10MIN/WINDOWS_20240706.csv,25:44.9,1.376256,3,None,0.04347987,0.2608247,0.37728733,0.07131302,0.014504089,0.14339258,0.089198336
28,C:/Users/TristanKleyn/Downloads/ecotypeClassification/binary/Binaries_20240706/10MIN/WINDOWS_20240706.csv,26:24.9,1.613824,3,None,0.08842355,0.24051213,0.27383423,0.1008648,0.02776585,0.17539185,0.09320755
29,C:/Users/TristanKleyn/Downloads/ecotypeClassification/binary/Binaries_20240706/10MIN/WINDOWS_20240706.csv,26:32.9,1.26976,3,None,0.061146267,0.24637645,0.24131407,0.10085587,0.014727023,0.21814497,0.11743539
30,C:/Users/TristanKleyn/Downloads/ecotypeClassification/binary/Binaries_20240706/10MIN/WINDOWS_20240706.csv,27:36.9,1.040384,3,None,0.08978748,0.25449902,0.1702471,0.12209037,0.04897571,0.07270756,0.24169281
31,C:/Users/TristanKleyn/Downloads/ecotypeClassification/binary/Binaries_20240706/10MIN/WINDOWS_20240706.csv,27:40.9,1.257472,3,None,0.1082356,0.24267562,0.2535572,0.13463487,0.053201076,0.07259537,0.13510026
32,C:/Users/TristanKleyn/Downloads/ecotypeClassification/binary/Binaries_20240730/10MIN/WINDOWS_20240730.csv,04:48.0,1.744896,4,None,0.10190783,0.23432869,0.17362711,0.17754956,0.04313548,0.12100794,0.14844343
33,C:/Users/TristanKleyn/Downloads/ecotypeClassification/binary/Binaries_20240730/10MIN/WINDOWS_20240730.csv,04:52.0,1.171456,4,None,0.037681714,0.23665191,0.3354216,0.044604324,0.009365845,0.21856286,0.1177118
34,C:/Users/TristanKleyn/Downloads/ecotypeClassification/binary/Binaries_20240730/10MIN/WINDOWS_20240730.csv,04:56.0,1.703936,4,None,0.123337954,0.29109743,0.12619719,0.16015342,0.022291053,0.13232334,0.14459956
35,C:/Users/TristanKleyn/Downloads/ecotypeClassification/binary/Binaries_20240730/10MIN/WINDOWS_20240730.csv,05:00.0,1.118208,4,None,0.12802324,0.24852543,0.14798062,0.12760556,0.022397732,0.18049692,0.14497055
36,C:/Users/TristanKleyn/Downloads/ecotypeClassification/binary/Binaries_20240730/10MIN/WINDOWS_20240730.csv,05:44.0,1.302528,4,None,0.07875077,0.36240894,0.10534968,0.1331467,0.0180015,0.19620119,0.10614122
37,C:/Users/TristanKleyn/Downloads/ecotypeClassification/binary/Binaries_20240730/10MIN/WINDOWS_20240730.csv,05:48.0,1.748992,4,None,0.11310108,0.26259446,0.16037731,0.16833106,0.02374489,0.11841954,0.15343176
38,C:/Users/TristanKleyn/Downloads/ecotypeClassification/binary/Binaries_20240730/10MIN/WINDOWS_20240730.csv,05:52.0,2.461696,4,None,0.07758681,0.36321232,0.09355339,0.12421264,0.022686593,0.15021865,0.1685296
39,C:/Users/TristanKleyn/Downloads/ecotypeClassification/binary/Binaries_20240730/10MIN/WINDOWS_20240730.csv,05:56.0,2.031616,4,None,0.12031385,0.29028347,0.121740535,0.14973205,0.028925456,0.12861685,0.16038781
40,C:/Users/TristanKleyn/Downloads/ecotypeClassification/binary/Binaries_20240730/10MIN/WINDOWS_20240730.csv,06:00.0,2.584576,4,None,0.0950876,0.27964205,0.08903974,0.2085258,0.046599273,0.07544253,0.205663
41,C:/Users/TristanKleyn/Downloads/ecotypeClassification/binary/Binaries_20240730/10MIN/WINDOWS_20240730.csv,06:40.0,2.035712,4,None,0.08564136,0.23921457,0.115022354,0.2145965,0.057290405,0.07548655,0.21274832
42,C:/Users/TristanKleyn/Downloads/ecotypeClassification/binary/Binaries_20240730/10MIN/WINDOWS_20240730.csv,06:44.0,2.84672,4,None,0.092045,0.34230796,0.09283044,0.13573442,0.029110158,0.0901609,0.21781105
43,C:/Users/TristanKleyn/Downloads/ecotypeClassification/binary/Binaries_20240730/10MIN/WINDOWS_20240730.csv,06:48.0,1.888256,4,None,0.1444446,0.31786337,0.07824798,0.18577994,0.029231232,0.08208521,0.16234773
44,C:/Users/TristanKleyn/Downloads/ecotypeClassification/binary/Binaries_20240730/10MIN/WINDOWS_20240730.csv,06:52.0,1.765376,4,None,0.104006246,0.37941727,0.08791769,0.12828083,0.02068769,0.10777995,0.17191032
45,C:/Users/TristanKleyn/Downloads/ecotypeClassification/binary/Binaries_20240730/10MIN/WINDOWS_20240730.csv,06:56.0,1.114112,4,None,0.12031287,0.28261548,0.13210812,0.17445196,0.07039584,0.0628743,0.15724148
46,C:/Users/TristanKleyn/Downloads/ecotypeClassification/binary/Binaries_20240730/10MIN/WINDOWS_20240730.csv,07:00.0,1.974272,4,None,0.16604358,0.28843132,0.07810762,0.14959694,0.026843611,0.08874493,0.20223199
47,C:/Users/TristanKleyn/Downloads/ecotypeClassification/binary/Binaries_20240730/10MIN/WINDOWS_20240730.csv,07:40.0,1.04448,4,None,0.09958843,0.29458976,0.1570119,0.13431107,0.018310605,0.11597371,0.18021452
48,C:/Users/TristanKleyn/Downloads/ecotypeClassification/binary/Binaries_20240730/10MIN/WINDOWS_20240730.csv,07:44.0,1.134592,4,None,0.11116223,0.1765315,0.15845592,0.13125557,0.033264387,0.07787008,0.31146038
49,C:/Users/TristanKleyn/Downloads/ecotypeClassification/binary/Binaries_20240730/10MIN/WINDOWS_20240730.csv,07:52.0,2.351104,4,None,0.15014547,0.2402933,0.09569578,0.19672483,0.065957345,0.068627045,0.1825562
50,C:/Users/TristanKleyn/Downloads/ecotypeClassification/binary/Binaries_20240730/10MIN/WINDOWS_20240730.csv,07:56.0,1.4336,4,None,0.13679701,0.29041106,0.13914512,0.16933727,0.02412283,0.08998638,0.15020028
51,C:/Users/TristanKleyn/Downloads/ecotypeClassification/binary/Binaries_20240730/10MIN/WINDOWS_20240730.csv,08:00.0,2.12992,4,None,0.1136881,0.24877243,0.11796567,0.1585725,0.038456637,0.077462636,0.24508213
52,C:/Users/TristanKleyn/Downloads/ecotypeClassification/binary/Binaries_20240730/10MIN/WINDOWS_20240730.csv,08:48.0,1.183744,4,None,0.07590524,0.21878834,0.13600238,0.25796562,0.051531397,0.06553165,0.19427532
53,C:/Users/TristanKleyn/Downloads/ecotypeClassification/binary/Binaries_20240730/10MIN/WINDOWS_20240730.csv,08:52.0,1.339392,4,None,0.18890415,0.2025151,0.110306226,0.18771589,0.024851754,0.110375136,0.17533173
54,C:/Users/TristanKleyn/Downloads/ecotypeClassification/binary/Binaries_20240730/10MIN/WINDOWS_20240730.csv,08:56.0,1.343488,4,None,0.16244456,0.2029038,0.101704895,0.19264323,0.09771692,0.06909992,0.17348671
55,C:/Users/TristanKleyn/Downloads/ecotypeClassification/binary/Binaries_20240730/10MIN/WINDOWS_20240730.csv,09:00.0,1.806336,4,None,0.09500464,0.1481847,0.108594544,0.20706688,0.11489638,0.08082972,0.24542311
56,C:/Users/TristanKleyn/Downloads/ecotypeClassification/binary/Binaries_20240730/10MIN/WINDOWS_20240730.csv,09:48.0,1.642496,4,None,0.09908088,0.1928491,0.13522209,0.16213524,0.0865604,0.09615578,0.22799659
57,C:/Users/TristanKleyn/Downloads/ecotypeClassification/binary/Binaries_20240730/10MIN/WINDOWS_20240730.csv,10:48.0,1.130496,4,None,0.04818899,0.26893243,0.21086456,0.08260303,0.022369422,0.14978634,0.21725523
58,C:/Users/TristanKleyn/Downloads/ecotypeClassification/binary/Binaries_20240813/10MIN/WINDOWS_20240813.csv,12:05.9,1.019904,5,None,0.035945855,0.34962058,0.22603413,0.061094377,0.008240399,0.21224566,0.106819
59,C:/Users/TristanKleyn/Downloads/ecotypeClassification/binary/Binaries_20240901/10MIN/WINDOWS_20240901.csv,16:20.1,3.678208,6,None,0.17079741,0.20264696,0.1153858,0.20643714,0.038108278,0.0912112,0.17541325
60,C:/Users/TristanKleyn/Downloads/ecotypeClassification/binary/Binaries_20240901/10MIN/WINDOWS_20240901.csv,16:24.1,9.330688,6,None,0.12360228,0.24074958,0.13845055,0.17507851,0.031538945,0.09915754,0.1914226
61,C:/Users/TristanKleyn/Downloads/ecotypeClassification/binary/Binaries_20240901/10MIN/WINDOWS_20240901.csv,17:04.1,1.224704,6,None,0.14850369,0.21512662,0.15046358,0.18748572,0.06078515,0.073522605,0.16411261
62,C:/Users/TristanKleyn/Downloads/ecotypeClassification/binary/Binaries_20240913/10MIN/WINDOWS_20240913.csv,04:31.5,5.197824,7,SRKW,0.05174814,0.20039272,0.23193486,0.08764363,0.008783633,0.19913645,0.22036056
63,C:/Users/TristanKleyn/Downloads/ecotypeClassification/binary/Binaries_20240913/10MIN/WINDOWS_20240913.csv,04:35.5,1.540096,7,SRKW,0.0628267,0.17100893,0.24967682,0.10544101,0.015979087,0.14757615,0.24749124
64,C:/Users/TristanKleyn/Downloads/ecotypeClassification/binary/Binaries_20240913/10MIN/WINDOWS_20240913.csv,05:15.5,2.424832,7,SRKW,0.07707693,0.22714789,0.17043519,0.096924186,0.0204385,0.18644,0.22153732
65,C:/Users/TristanKleyn/Downloads/ecotypeClassification/binary/Binaries_20240913/10MIN/WINDOWS_20240913.csv,05:19.5,3.284992,7,SRKW,0.07482513,0.21735013,0.23279428,0.12248742,0.013282965,0.19550009,0.14375994
66,C:/Users/TristanKleyn/Downloads/ecotypeClassification/binary/Binaries_20240913/10MIN/WINDOWS_20240913.csv,05:23.5,2.158592,7,SRKW,0.06554306,0.2428735,0.14983794,0.09923958,0.019397512,0.19139272,0.23171566
67,C:/Users/TristanKleyn/Downloads/ecotypeClassification/binary/Binaries_20240913/10MIN/WINDOWS_20240913.csv,07:23.5,2.74432,7,SRKW,0.06945321,0.29889014,0.16844897,0.07996089,0.017795749,0.28658345,0.07886761
68,C:/Users/TristanKleyn/Downloads/ecotypeClassification/binary/Binaries_20240913/10MIN/WINDOWS_20240913.csv,07:35.5,2.531328,7,SRKW,0.058782406,0.2392041,0.21496327,0.08420789,0.008089638,0.32104334,0.07370936
69,C:/Users/TristanKleyn/Downloads/ecotypeClassification/binary/Binaries_20240913/10MIN/WINDOWS_20240913.csv,07:39.5,1.1264,7,SRKW,0.18100025,0.23456112,0.11378302,0.14828151,0.046832968,0.18675488,0.08878631
70,C:/Users/TristanKleyn/Downloads/ecotypeClassification/binary/Binaries_20240913/10MIN/WINDOWS_20240913.csv,08:23.5,1.081344,7,SRKW,0.16306141,0.21635541,0.16607437,0.15722357,0.02723318,0.11504372,0.15500833
71,C:/Users/TristanKleyn/Downloads/ecotypeClassification/binary/Binaries_20240913/10MIN/WINDOWS_20240913.csv,08:27.5,2.285568,7,SRKW,0.07717526,0.261327,0.2219914,0.10427975,0.010525432,0.23599572,0.08870548
72,C:/Users/TristanKleyn/Downloads/ecotypeClassification/binary/Binaries_20240913/10MIN/WINDOWS_20240913.csv,08:31.5,1.855488,7,SRKW,0.06629701,0.23033288,0.1373868,0.120263815,0.022539562,0.16672285,0.25645703
73,C:/Users/TristanKleyn/Downloads/ecotypeClassification/binary/Binaries_20240913/10MIN/WINDOWS_20240913.csv,09:19.5,1.138688,7,SRKW,0.018516188,0.21830787,0.26288438,0.04016372,0.002498323,0.3999992,0.05763031
74,C:/Users/TristanKleyn/Downloads/ecotypeClassification/binary/Binaries_20240913/10MIN/WINDOWS_20240913.csv,09:23.5,2.977792,7,SRKW,0.047539067,0.23882282,0.1608633,0.07694981,0.009114615,0.27205086,0.19465956
75,C:/Users/TristanKleyn/Downloads/ecotypeClassification/binary/Binaries_20240913/10MIN/WINDOWS_20240913.csv,09:27.5,2.121728,7,SRKW,0.04381183,0.19684413,0.23630328,0.06882234,0.008963482,0.23352408,0.21173076
76,C:/Users/TristanKleyn/Downloads/ecotypeClassification/binary/Binaries_20240913/10MIN/WINDOWS_20240913.csv,09:31.5,1.437696,7,SRKW,0.03294975,0.23485078,0.28995636,0.047661595,0.007725672,0.32105553,0.065800354
77,C:/Users/TristanKleyn/Downloads/ecotypeClassification/binary/Binaries_20240913/10MIN/WINDOWS_20240913.csv,09:35.5,1.703936,7,SRKW,0.046167765,0.162757,0.2710586,0.071940176,0.012062038,0.28063378,0.15538071
78,C:/Users/TristanKleyn/Downloads/ecotypeClassification/binary/Binaries_20240913/10MIN/WINDOWS_20240913.csv,09:39.5,1.101824,7,SRKW,0.09976739,0.2348161,0.09117603,0.14866647,0.016762275,0.13869649,0.27011526
79,C:/Users/TristanKleyn/Downloads/ecotypeClassification/binary/Binaries_20240913/10MIN/WINDOWS_20240913.csv,10:19.5,3.33824,7,SRKW,0.05882009,0.20126534,0.2890904,0.08290496,0.009032823,0.2724355,0.08645085
80,C:/Users/TristanKleyn/Downloads/ecotypeClassification/binary/Binaries_20240913/10MIN/WINDOWS_20240913.csv,10:23.5,5.234688,7,SRKW,0.092023455,0.2671312,0.16465385,0.11558833,0.016971879,0.17627333,0.16735788
81,C:/Users/TristanKleyn/Downloads/ecotypeClassification/binary/Binaries_20240913/10MIN/WINDOWS_20240913.csv,10:27.5,3.878912,7,SRKW,0.04195648,0.2734116,0.18017691,0.06333357,0.006605723,0.2838542,0.15066156
82,C:/Users/TristanKleyn/Downloads/ecotypeClassification/binary/Binaries_20240913/10MIN/WINDOWS_20240913.csv,10:31.5,5.292032,7,SRKW,0.098299205,0.23450626,0.17110121,0.12006459,0.014533335,0.18476658,0.17672873
83,C:/Users/TristanKleyn/Downloads/ecotypeClassification/binary/Binaries_20240913/10MIN/WINDOWS_20240913.csv,10:35.5,1.4336,7,SRKW,0.086491786,0.25245827,0.14406806,0.1213526,0.013487952,0.17989182,0.20224942
84,C:/Users/TristanKleyn/Downloads/ecotypeClassification/binary/Binaries_20240915/10MIN/WINDOWS_20240915.csv,15:22.8,12.419072,8,SRKW,0.053165715,0.30952287,0.1922048,0.05769489,0.011148028,0.22871621,0.14754745
85,C:/Users/TristanKleyn/Downloads/ecotypeClassification/binary/Binaries_20240915/10MIN/WINDOWS_20240915.csv,15:26.8,8.855552,8,SRKW,0.04020958,0.3124048,0.20468858,0.05077433,0.009811365,0.224482,0.1576293
86,C:/Users/TristanKleyn/Downloads/ecotypeClassification/binary/Binaries_20240915/10MIN/WINDOWS_20240915.csv,15:30.8,11.4688,8,SRKW,0.053991135,0.34903052,0.19263849,0.06546043,0.011943424,0.22593403,0.10100194
87,C:/Users/TristanKleyn/Downloads/ecotypeClassification/binary/Binaries_20240915/10MIN/WINDOWS_20240915.csv,15:34.8,10.747904,8,SRKW,0.050103813,0.28567642,0.20855202,0.06026727,0.012485278,0.217964,0.16495122
88,C:/Users/TristanKleyn/Downloads/ecotypeClassification/binary/Binaries_20240915/10MIN/WINDOWS_20240915.csv,15:38.8,5.505024,8,SRKW,0.04655757,0.2922872,0.21374154,0.04527029,0.006332757,0.2611508,0.13465983
89,C:/Users/TristanKleyn/Downloads/ecotypeClassification/binary/Binaries_20240915/10MIN/WINDOWS_20240915.csv,15:42.8,9.273344,8,SRKW,0.052198235,0.28701022,0.21512143,0.057698056,0.012896899,0.22754805,0.1475271
90,C:/Users/TristanKleyn/Downloads/ecotypeClassification/binary/Binaries_20240915/10MIN/WINDOWS_20240915.csv,16:22.8,7.483392,8,SRKW,0.053145014,0.31098962,0.20882842,0.06275089,0.012793131,0.21824728,0.13324565
91,C:/Users/TristanKleyn/Downloads/ecotypeClassification/binary/Binaries_20240915/10MIN/WINDOWS_20240915.csv,16:26.8,6.9632,8,SRKW,0.036028087,0.3016172,0.23457378,0.040354837,0.010085641,0.24563551,0.13170484
92,C:/Users/TristanKleyn/Downloads/ecotypeClassification/binary/Binaries_20240915/10MIN/WINDOWS_20240915.csv,16:30.8,9.064448,8,SRKW,0.047116987,0.27417362,0.17158279,0.07367202,0.017719349,0.15752782,0.2582074
93,C:/Users/TristanKleyn/Downloads/ecotypeClassification/binary/Binaries_20240915/10MIN/WINDOWS_20240915.csv,16:34.8,5.660672,8,SRKW,0.030393101,0.32804322,0.23745908,0.03644587,0.00717031,0.25937116,0.10111723
94,C:/Users/TristanKleyn/Downloads/ecotypeClassification/binary/Binaries_20240915/10MIN/WINDOWS_20240915.csv,16:38.8,2.342912,8,SRKW,0.044307802,0.2806002,0.1927457,0.05948566,0.011753128,0.18362679,0.22748066
95,C:/Users/TristanKleyn/Downloads/ecotypeClassification/binary/Binaries_20240915/10MIN/WINDOWS_20240915.csv,16:42.8,9.035776,8,SRKW,0.041317325,0.3193357,0.23115993,0.04930736,0.010355064,0.21089506,0.13762955
96,C:/Users/TristanKleyn/Downloads/ecotypeClassification/binary/Binaries_20240915/10MIN/WINDOWS_20240915.csv,17:22.8,4.3008,8,SRKW,0.04474312,0.3142161,0.21698636,0.06015802,0.009152188,0.2643661,0.09037809
97,C:/Users/TristanKleyn/Downloads/ecotypeClassification/binary/Binaries_20240915/10MIN/WINDOWS_20240915.csv,17:26.8,5.996544,8,SRKW,0.035075564,0.32721055,0.16980362,0.059719153,0.009470562,0.20209113,0.19662939
98,C:/Users/TristanKleyn/Downloads/ecotypeClassification/binary/Binaries_20240915/10MIN/WINDOWS_20240915.csv,17:30.8,8.351744,8,SRKW,0.04167382,0.31851655,0.19608076,0.063131735,0.013269816,0.18419947,0.18312787
99,C:/Users/TristanKleyn/Downloads/ecotypeClassification/binary/Binaries_20240915/10MIN/WINDOWS_20240915.csv,17:34.8,6.402048,8,SRKW,0.04360146,0.29716218,0.19693112,0.066304855,0.01151699,0.21049996,0.17398332
100,C:/Users/TristanKleyn/Downloads/ecotypeClassification/binary/Binaries_20240915/10MIN/WINDOWS_20240915.csv,17:38.8,6.467584,8,SRKW,0.036914546,0.32187325,0.18653534,0.056272812,0.009453005,0.21077287,0.17817813
101,C:/Users/TristanKleyn/Downloads/ecotypeClassification/binary/Binaries_20240915/10MIN/WINDOWS_20240915.csv,17:42.8,5.996544,8,SRKW,0.0553336,0.31841967,0.18848266,0.07597098,0.014228109,0.20855603,0.13900897
102,C:/Users/TristanKleyn/Downloads/ecotypeClassification/binary/Binaries_20240915/10MIN/WINDOWS_20240915.csv,18:22.8,1.1264,8,SRKW,0.040991653,0.31027043,0.23958792,0.06013655,0.010650792,0.22467083,0.11369184
103,C:/Users/TristanKleyn/Downloads/ecotypeClassification/binary/Binaries_20240915/10MIN/WINDOWS_20240915.csv,18:26.8,5.210112,8,SRKW,0.037935894,0.34499294,0.2002361,0.05401543,0.012323473,0.1894919,0.16100429
104,C:/Users/TristanKleyn/Downloads/ecotypeClassification/binary/Binaries_20240915/10MIN/WINDOWS_20240915.csv,18:30.8,7.606272,8,SRKW,0.039396424,0.3287323,0.21585032,0.04592577,0.008604325,0.25884223,0.10264864
105,C:/Users/TristanKleyn/Downloads/ecotypeClassification/binary/Binaries_20240915/10MIN/WINDOWS_20240915.csv,18:34.8,9.621504,8,SRKW,0.053164188,0.31207016,0.19494113,0.06760018,0.013670653,0.23449849,0.12405527
106,C:/Users/TristanKleyn/Downloads/ecotypeClassification/binary/Binaries_20240915/10MIN/WINDOWS_20240915.csv,18:38.8,6.61504,8,SRKW,0.029797755,0.33640406,0.21475776,0.037332498,0.007610621,0.2746877,0.09940958
107,C:/Users/TristanKleyn/Downloads/ecotypeClassification/binary/Binaries_20240915/10MIN/WINDOWS_20240915.csv,18:42.8,6.008832,8,SRKW,0.037166175,0.29562354,0.20018156,0.058742113,0.010637405,0.22559896,0.17205016
108,C:/Users/TristanKleyn/Downloads/ecotypeClassification/binary/Binaries_20240915/10MIN/WINDOWS_20240915.csv,18:46.8,4.153344,8,SRKW,0.046046134,0.28047204,0.24137788,0.06696055,0.012845328,0.23996127,0.11233682
109,C:/Users/TristanKleyn/Downloads/ecotypeClassification/binary/Binaries_20240915/10MIN/WINDOWS_20240915.csv,19:26.8,9.265152,8,SRKW,0.032596223,0.33007127,0.21264762,0.042746976,0.008373606,0.27362105,0.09994335
110,C:/Users/TristanKleyn/Downloads/ecotypeClassification/binary/Binaries_20240915/10MIN/WINDOWS_20240915.csv,19:30.8,5.492736,8,SRKW,0.031774748,0.31170553,0.22181943,0.038267802,0.009256564,0.27198303,0.11519293
111,C:/Users/TristanKleyn/Downloads/ecotypeClassification/binary/Binaries_20240915/10MIN/WINDOWS_20240915.csv,19:34.8,6.67648,8,SRKW,0.03961525,0.35280257,0.20026591,0.047829587,0.008820715,0.28361213,0.067053795
112,C:/Users/TristanKleyn/Downloads/ecotypeClassification/binary/Binaries_20240915/10MIN/WINDOWS_20240915.csv,19:38.8,1.916928,8,SRKW,0.023543274,0.28107223,0.13163267,0.04789691,0.005355016,0.2676819,0.24281798
113,C:/Users/TristanKleyn/Downloads/ecotypeClassification/binary/Binaries_20240915/10MIN/WINDOWS_20240915.csv,19:42.8,7.696384,8,SRKW,0.0356784,0.33244085,0.22024277,0.05450162,0.0086892,0.27529976,0.07314745
114,C:/Users/TristanKleyn/Downloads/ecotypeClassification/binary/Binaries_20240915/10MIN/WINDOWS_20240915.csv,19:46.8,7.450624,8,SRKW,0.048370298,0.28842065,0.21206789,0.06441787,0.014863281,0.21543998,0.15642011
115,C:/Users/TristanKleyn/Downloads/ecotypeClassification/binary/Binaries_20240915/10MIN/WINDOWS_20240915.csv,20:26.8,2.17088,8,SRKW,0.03724226,0.3523357,0.16494273,0.043156516,0.006563494,0.29844552,0.097313836
116,C:/Users/TristanKleyn/Downloads/ecotypeClassification/binary/Binaries_20240915/10MIN/WINDOWS_20240915.csv,20:30.8,1.724416,8,SRKW,0.03054339,0.3325506,0.1594325,0.031906746,0.00542193,0.30112466,0.13902019
117,C:/Users/TristanKleyn/Downloads/ecotypeClassification/binary/Binaries_20240915/10MIN/WINDOWS_20240915.csv,20:34.8,4.595712,8,SRKW,0.046344016,0.2765185,0.2124194,0.073755935,0.010345043,0.25484446,0.12577261
118,C:/Users/TristanKleyn/Downloads/ecotypeClassification/binary/Binaries_20240915/10MIN/WINDOWS_20240915.csv,20:38.8,4.481024,8,SRKW,0.051450197,0.2661825,0.22050263,0.07011964,0.007231379,0.32571357,0.05880004
119,C:/Users/TristanKleyn/Downloads/ecotypeClassification/binary/Binaries_20240915/10MIN/WINDOWS_20240915.csv,20:42.8,1.011712,8,SRKW,0.001494942,0.20669125,0.2790053,0.007261355,0.000163098,0.2485693,0.25681475
120,C:/Users/TristanKleyn/Downloads/ecotypeClassification/binary/Binaries_20240915/10MIN/WINDOWS_20240915.csv,20:46.8,2.92864,8,SRKW,0.014517339,0.22551206,0.26979962,0.03640049,0.00274236,0.29361805,0.15741003
121,C:/Users/TristanKleyn/Downloads/ecotypeClassification/binary/Binaries_20240915/10MIN/WINDOWS_20240915.csv,21:26.8,1.810432,8,SRKW,0.015309099,0.3598404,0.1717455,0.030487169,0.00195839,0.37882525,0.04183421
122,C:/Users/TristanKleyn/Downloads/ecotypeClassification/binary/Binaries_20240915/10MIN/WINDOWS_20240915.csv,21:30.8,2.486272,8,SRKW,0.024919895,0.21088487,0.34303066,0.051814083,0.005768308,0.30664012,0.05694212
123,C:/Users/TristanKleyn/Downloads/ecotypeClassification/binary/Binaries_20240915/10MIN/WINDOWS_20240915.csv,21:38.8,1.2288,8,SRKW,0.005365475,0.3013988,0.1996142,0.01242823,0.000617659,0.43335876,0.04721683
124,C:/Users/TristanKleyn/Downloads/ecotypeClassification/binary/Binaries_20240915/10MIN/WINDOWS_20240915.csv,21:46.8,1.76128,8,SRKW,0.008384898,0.22219042,0.2465195,0.014429524,0.001054842,0.44057935,0.06684146
125,C:/Users/TristanKleyn/Downloads/ecotypeClassification/binary/Binaries_20240915/10MIN/WINDOWS_20240915.csv,22:26.8,1.20832,8,SRKW,0.003027202,0.08440935,0.61411244,0.015344342,0.00031682,0.23209956,0.050690316
126,C:/Users/TristanKleyn/Downloads/ecotypeClassification/binary/Binaries_20240915/10MIN/WINDOWS_20240915.csv,22:34.8,1.814528,8,SRKW,0.024566837,0.23558462,0.32482657,0.049529355,0.002729258,0.20959501,0.15316835
127,C:/Users/TristanKleyn/Downloads/ecotypeClassification/binary/Binaries_20240915/10MIN/WINDOWS_20240915.csv,22:38.8,4.9152,8,SRKW,0.02851193,0.23711096,0.31720465,0.039964966,0.005014383,0.32101294,0.05118018
128,C:/Users/TristanKleyn/Downloads/ecotypeClassification/binary/Binaries_20240915/10MIN/WINDOWS_20240915.csv,22:46.8,3.936256,8,SRKW,0.014072446,0.20555519,0.33353502,0.04576741,0.002756315,0.29197714,0.10633645
129,C:/Users/TristanKleyn/Downloads/ecotypeClassification/binary/Binaries_20240915/10MIN/WINDOWS_20240915.csv,22:50.8,2.322432,8,SRKW,0.040405307,0.22036311,0.31032008,0.07660325,0.004709655,0.19332153,0.15427709
130,C:/Users/TristanKleyn/Downloads/ecotypeClassification/binary/Binaries_20240915/10MIN/WINDOWS_20240915.csv,23:30.8,2.281472,8,SRKW,0.019911109,0.2819098,0.34005138,0.0344046,0.002420474,0.28170687,0.039595723
131,C:/Users/TristanKleyn/Downloads/ecotypeClassification/binary/Binaries_20240915/10MIN/WINDOWS_20240915.csv,23:34.8,2.23232,8,SRKW,0.016558042,0.28232235,0.2690918,0.034896996,0.002542046,0.33169392,0.06289497
132,C:/Users/TristanKleyn/Downloads/ecotypeClassification/binary/Binaries_20240915/10MIN/WINDOWS_20240915.csv,23:38.8,2.818048,8,SRKW,0.006474548,0.22258605,0.27856222,0.012437961,0.000813614,0.44206512,0.037060514
133,C:/Users/TristanKleyn/Downloads/ecotypeClassification/binary/Binaries_20240915/10MIN/WINDOWS_20240915.csv,23:42.8,4.038656,8,SRKW,0.01523976,0.21035707,0.31042218,0.03431876,0.001885044,0.35432753,0.07344973
134,C:/Users/TristanKleyn/Downloads/ecotypeClassification/binary/Binaries_20240915/10MIN/WINDOWS_20240915.csv,23:46.8,1.486848,8,SRKW,0.024247147,0.2850248,0.2005599,0.033085767,0.00335379,0.40499562,0.048732985
135,C:/Users/TristanKleyn/Downloads/ecotypeClassification/binary/Binaries_20240915/10MIN/WINDOWS_20240915.csv,23:50.8,1.961984,8,SRKW,0.005028118,0.22265883,0.29206166,0.01163628,0.000499814,0.42316696,0.0449483
136,C:/Users/TristanKleyn/Downloads/ecotypeClassification/binary/Binaries_20240915/10MIN/WINDOWS_20240915.csv,24:30.8,5.070848,8,SRKW,0.020368516,0.2657525,0.2959009,0.028755547,0.001832566,0.315359,0.072030954
137,C:/Users/TristanKleyn/Downloads/ecotypeClassification/binary/Binaries_20240915/10MIN/WINDOWS_20240915.csv,24:42.8,1.949696,8,SRKW,0.016056824,0.31285715,0.20762685,0.022952937,0.002029329,0.39425334,0.044223577
138,C:/Users/TristanKleyn/Downloads/ecotypeClassification/binary/Binaries_20240915/10MIN/WINDOWS_20240915.csv,24:46.8,1.3312,8,SRKW,0.025597386,0.16503148,0.2274648,0.06912545,0.004169376,0.33459443,0.17401707
139,C:/Users/TristanKleyn/Downloads/ecotypeClassification/binary/Binaries_20240915/10MIN/WINDOWS_20240915.csv,24:50.8,1.241088,8,SRKW,0.007574341,0.22847722,0.30561143,0.014441321,0.000898545,0.38798907,0.05500808
140,C:/Users/TristanKleyn/Downloads/ecotypeClassification/binary/Binaries_20240915/10MIN/WINDOWS_20240915.csv,25:30.8,1.150976,8,SRKW,0.002079364,0.22398573,0.24339166,0.005457068,0.000216521,0.49037167,0.034497887
141,C:/Users/TristanKleyn/Downloads/ecotypeClassification/binary/Binaries_20240916/10MIN/WINDOWS_20240916.csv,34:24.3,1.708032,9,SRKW,0.019067764,0.40766478,0.16563746,0.024978234,0.003026485,0.22442615,0.15519916
142,C:/Users/TristanKleyn/Downloads/ecotypeClassification/binary/Binaries_20240916/10MIN/WINDOWS_20240916.csv,35:12.3,1.277952,9,SRKW,0.02681506,0.3685421,0.11797703,0.046906374,0.007305323,0.19990166,0.23255248
143,C:/Users/TristanKleyn/Downloads/ecotypeClassification/binary/Binaries_20240916/10MIN/WINDOWS_20240916.csv,36:24.3,1.994752,9,SRKW,0.021114318,0.34270287,0.14307901,0.038344488,0.003901589,0.19883165,0.25202605
144,C:/Users/TristanKleyn/Downloads/ecotypeClassification/binary/Binaries_20240916/10MIN/WINDOWS_20240916.csv,37:32.3,1.08544,9,SRKW,0.020116128,0.3602902,0.2518447,0.029802997,0.002535714,0.27628896,0.05912124
145,C:/Users/TristanKleyn/Downloads/ecotypeClassification/binary/Binaries_20240916/10MIN/WINDOWS_20240916.csv,38:24.3,1.347584,9,SRKW,0.022275163,0.3604714,0.21941002,0.03907138,0.004355066,0.27981007,0.074606836
146,C:/Users/TristanKleyn/Downloads/ecotypeClassification/binary/Binaries_20240916/10MIN/WINDOWS_20240916.csv,38:36.3,1.011712,9,SRKW,0.00895158,0.3104238,0.2463651,0.018879265,0.000865981,0.36343482,0.05107941
147,C:/Users/TristanKleyn/Downloads/ecotypeClassification/binary/Binaries_20240916/10MIN/WINDOWS_20240916.csv,20:40.3,1.122304,10,SRKW,0.0348908,0.2767313,0.18593611,0.058340624,0.005947253,0.12826818,0.30988577
148,C:/Users/TristanKleyn/Downloads/ecotypeClassification/binary/Binaries_20240916/10MIN/WINDOWS_20240916.csv,23:32.3,1.458176,10,SRKW,0.03587475,0.30898964,0.24544056,0.03335241,0.005378293,0.21942666,0.15153769
149,C:/Users/TristanKleyn/Downloads/ecotypeClassification/binary/Binaries_20240916/10MIN/WINDOWS_20240916.csv,18:24.3,1.048576,11,SRKW,0.047994647,0.42641056,0.1282482,0.06501611,0.010097396,0.19940434,0.1228287
150,C:/Users/TristanKleyn/Downloads/ecotypeClassification/binary/Binaries_20240916/10MIN/WINDOWS_20240916.csv,23:32.3,1.011712,11,SRKW,0.034789614,0.36087033,0.17146595,0.06879344,0.005311003,0.19434245,0.16442718
151,C:/Users/TristanKleyn/Downloads/ecotypeClassification/binary/Binaries_20240916/10MIN/WINDOWS_20240916.csv,23:36.3,1.912832,11,SRKW,0.04621333,0.3571671,0.14925109,0.061179303,0.006941684,0.18205722,0.19719031
152,C:/Users/TristanKleyn/Downloads/ecotypeClassification/binary/Binaries_20240916/10MIN/WINDOWS_20240916.csv,24:20.3,1.990656,11,SRKW,0.042230163,0.2757461,0.14159526,0.0533959,0.010881399,0.17304942,0.30310172
153,C:/Users/TristanKleyn/Downloads/ecotypeClassification/binary/Binaries_20240916/10MIN/WINDOWS_20240916.csv,24:28.3,1.236992,11,SRKW,0.029743085,0.22503996,0.2515363,0.06377685,0.005377239,0.28764793,0.13687854
154,C:/Users/TristanKleyn/Downloads/ecotypeClassification/binary/Binaries_20240916/10MIN/WINDOWS_20240916.csv,24:32.3,1.040384,11,SRKW,0.032509264,0.24252172,0.22042555,0.04498095,0.006066844,0.3159137,0.13758188
155,C:/Users/TristanKleyn/Downloads/ecotypeClassification/binary/Binaries_20240916/10MIN/WINDOWS_20240916.csv,24:36.3,1.470464,11,SRKW,0.0667712,0.23390527,0.26604208,0.06912353,0.01106312,0.26837707,0.084717795
156,C:/Users/TristanKleyn/Downloads/ecotypeClassification/binary/Binaries_20240916/10MIN/WINDOWS_20240916.csv,25:40.3,2.408448,11,SRKW,0.039112132,0.37336805,0.17513835,0.041220456,0.008185382,0.2156048,0.14737085
157,C:/Users/TristanKleyn/Downloads/ecotypeClassification/binary/Binaries_20240916/10MIN/WINDOWS_20240916.csv,26:20.3,2.879488,11,SRKW,0.042031717,0.33067974,0.16379488,0.0525943,0.008432565,0.22463696,0.17782994
158,C:/Users/TristanKleyn/Downloads/ecotypeClassification/binary/Binaries_20240916/10MIN/WINDOWS_20240916.csv,28:20.3,1.703936,11,SRKW,0.050690778,0.2975483,0.20267054,0.070117086,0.012165763,0.21617419,0.1506333
159,C:/Users/TristanKleyn/Downloads/ecotypeClassification/binary/Binaries_20240916/10MIN/WINDOWS_20240916.csv,28:24.3,2.359296,11,SRKW,0.038342964,0.33102772,0.18989007,0.06247173,0.008106406,0.25226295,0.11789811
160,C:/Users/TristanKleyn/Downloads/ecotypeClassification/binary/Binaries_20240918/10MIN/WINDOWS_20240918.csv,08:29.1,1.114112,12,SRKW,0.011210502,0.33487153,0.20767602,0.025014937,0.002060572,0.30802238,0.1111441
161,C:/Users/TristanKleyn/Downloads/ecotypeClassification/binary/Binaries_20240918/10MIN/WINDOWS_20240918.csv,08:37.1,1.396736,12,SRKW,0.008238602,0.24584694,0.2905248,0.013702485,0.001007432,0.40466788,0.036011808
162,C:/Users/TristanKleyn/Downloads/ecotypeClassification/binary/Binaries_20240918/10MIN/WINDOWS_20240918.csv,11:29.1,1.015808,12,SRKW,0.019164065,0.26387212,0.27957594,0.022879438,0.002402337,0.39328805,0.018818166
163,C:/Users/TristanKleyn/Downloads/ecotypeClassification/binary/Binaries_20240918/10MIN/WINDOWS_20240918.csv,11:33.1,1.818624,12,SRKW,0.01886486,0.30636415,0.24219021,0.02547793,0.003108791,0.37258062,0.031413432
164,C:/Users/TristanKleyn/Downloads/ecotypeClassification/binary/Binaries_20240918/10MIN/WINDOWS_20240918.csv,12:29.1,1.355776,12,SRKW,0.013221609,0.27981687,0.31615543,0.017058559,0.001804468,0.3392101,0.032732997
165,C:/Users/TristanKleyn/Downloads/ecotypeClassification/binary/Binaries_20240918/10MIN/WINDOWS_20240918.csv,12:37.1,1.642496,12,SRKW,0.008554055,0.32143804,0.25419074,0.01602825,0.001033398,0.37243274,0.026322786
166,C:/Users/TristanKleyn/Downloads/ecotypeClassification/binary/Binaries_20240918/10MIN/WINDOWS_20240918.csv,12:45.1,1.232896,12,SRKW,0.015540253,0.33761162,0.2552497,0.02364276,0.002328245,0.32465097,0.040976472
167,C:/Users/TristanKleyn/Downloads/ecotypeClassification/binary/Binaries_20240918/10MIN/WINDOWS_20240918.csv,13:37.1,1.339392,12,SRKW,0.014194057,0.27953035,0.24503581,0.023001304,0.001878033,0.41514322,0.021217275
168,C:/Users/TristanKleyn/Downloads/ecotypeClassification/binary/Binaries_20240918/10MIN/WINDOWS_20240918.csv,13:41.1,1.568768,12,SRKW,0.007619475,0.21220614,0.3044843,0.018683402,0.000866634,0.4170138,0.039126273
169,C:/Users/TristanKleyn/Downloads/ecotypeClassification/binary/Binaries_20240918/10MIN/WINDOWS_20240918.csv,13:49.1,2.269184,12,SRKW,0.017960165,0.29243827,0.2540301,0.025657548,0.002322028,0.3877621,0.019829828
170,C:/Users/TristanKleyn/Downloads/ecotypeClassification/binary/Binaries_20240918/10MIN/WINDOWS_20240918.csv,14:29.1,4.169728,12,SRKW,0.03718615,0.31305793,0.22127783,0.049690124,0.008274196,0.2770417,0.09347198
171,C:/Users/TristanKleyn/Downloads/ecotypeClassification/binary/Binaries_20240918/10MIN/WINDOWS_20240918.csv,14:41.1,1.691648,12,SRKW,0.024583135,0.26212883,0.2534575,0.036634985,0.002480943,0.3961237,0.024590826
172,C:/Users/TristanKleyn/Downloads/ecotypeClassification/binary/Binaries_20240918/10MIN/WINDOWS_20240918.csv,16:49.1,1.232896,12,SRKW,0.05634408,0.1558997,0.3531848,0.10379195,0.006620925,0.113160364,0.21099815
173,C:/Users/TristanKleyn/Downloads/ecotypeClassification/binary/Binaries_20241001/10MIN/WINDOWS_20241001.csv,13:30.3,2.797568,13,SRKW,0.025403153,0.24249128,0.20478764,0.048894282,0.00299558,0.3085871,0.16684106
174,C:/Users/TristanKleyn/Downloads/ecotypeClassification/binary/Binaries_20241001/10MIN/WINDOWS_20241001.csv,13:34.3,2.727936,13,SRKW,0.06724108,0.22263607,0.21229097,0.08995525,0.008777062,0.28604555,0.113054015
175,C:/Users/TristanKleyn/Downloads/ecotypeClassification/binary/Binaries_20241001/10MIN/WINDOWS_20241001.csv,14:34.3,2.686976,13,SRKW,0.0325558,0.2514539,0.2536762,0.06316549,0.005646845,0.25721455,0.13628718
176,C:/Users/TristanKleyn/Downloads/ecotypeClassification/binary/Binaries_20241001/10MIN/WINDOWS_20241001.csv,14:38.3,2.90816,13,SRKW,0.032150123,0.26473787,0.1875052,0.04249805,0.003289561,0.40531135,0.06450796
177,C:/Users/TristanKleyn/Downloads/ecotypeClassification/binary/Binaries_20241001/10MIN/WINDOWS_20241001.csv,15:22.3,2.428928,13,SRKW,0.078839704,0.27626258,0.17271242,0.11140356,0.01464075,0.18908003,0.15706103
178,C:/Users/TristanKleyn/Downloads/ecotypeClassification/binary/Binaries_20241001/10MIN/WINDOWS_20241001.csv,15:30.3,1.57696,13,SRKW,0.012983157,0.30071917,0.18244483,0.018492455,0.001541389,0.42600238,0.05781667
179,C:/Users/TristanKleyn/Downloads/ecotypeClassification/binary/Binaries_20241001/10MIN/WINDOWS_20241001.csv,17:26.3,1.564672,13,SRKW,0.07531386,0.26130903,0.18299778,0.14382435,0.018017445,0.1403885,0.17814912
180,C:/Users/TristanKleyn/Downloads/ecotypeClassification/binary/Binaries_20241001/10MIN/WINDOWS_20241001.csv,17:30.3,2.80576,13,SRKW,0.00853101,0.37839416,0.09633143,0.019666394,0.001818216,0.24836555,0.24689318
181,C:/Users/TristanKleyn/Downloads/ecotypeClassification/binary/Binaries_20241001/10MIN/WINDOWS_20241001.csv,17:34.3,1.18784,13,SRKW,0.025364371,0.29794058,0.18702014,0.05949323,0.007553087,0.27971405,0.14291449
182,C:/Users/TristanKleyn/Downloads/ecotypeClassification/binary/Binaries_20241001/10MIN/WINDOWS_20241001.csv,18:26.3,5.984256,13,SRKW,0.04446998,0.23572996,0.1623227,0.06910367,0.016400244,0.17038126,0.30159217
183,C:/Users/TristanKleyn/Downloads/ecotypeClassification/binary/Binaries_20241001/10MIN/WINDOWS_20241001.csv,18:30.3,1.548288,13,SRKW,0.018317375,0.35022882,0.23223938,0.033628892,0.002837058,0.27053583,0.09221265
184,C:/Users/TristanKleyn/Downloads/ecotypeClassification/binary/Binaries_20241001/10MIN/WINDOWS_20241001.csv,18:34.3,11.833344,13,SRKW,0.06918863,0.2775423,0.19456413,0.10085163,0.01595264,0.16057236,0.18132824
185,C:/Users/TristanKleyn/Downloads/ecotypeClassification/binary/Binaries_20241001/10MIN/WINDOWS_20241001.csv,18:38.3,7.929856,13,SRKW,0.09615123,0.25344828,0.16486917,0.11605104,0.018790608,0.15633328,0.19435638
186,C:/Users/TristanKleyn/Downloads/ecotypeClassification/binary/Binaries_20241001/10MIN/WINDOWS_20241001.csv,18:42.3,4.456448,13,SRKW,0.04722669,0.23285191,0.1556452,0.086496785,0.027770707,0.18835479,0.2616539
187,C:/Users/TristanKleyn/Downloads/ecotypeClassification/binary/Binaries_20241001/10MIN/WINDOWS_20241001.csv,18:46.3,1.552384,13,SRKW,0.028862106,0.2589299,0.30033574,0.07436669,0.007773903,0.22484577,0.104885876
188,C:/Users/TristanKleyn/Downloads/ecotypeClassification/binary/Binaries_20241001/10MIN/WINDOWS_20241001.csv,19:22.3,3.93216,13,SRKW,0.06934478,0.30759284,0.15933087,0.09015162,0.02215883,0.14045975,0.21096127
189,C:/Users/TristanKleyn/Downloads/ecotypeClassification/binary/Binaries_20241001/10MIN/WINDOWS_20241001.csv,19:26.3,4.030464,13,SRKW,0.02997221,0.20726691,0.2594663,0.06800766,0.005123271,0.3313348,0.098828875
190,C:/Users/TristanKleyn/Downloads/ecotypeClassification/binary/Binaries_20241001/10MIN/WINDOWS_20241001.csv,19:30.3,8.339456,13,SRKW,0.075336255,0.25074664,0.2342899,0.09470306,0.012798587,0.23013973,0.10198585
191,C:/Users/TristanKleyn/Downloads/ecotypeClassification/binary/Binaries_20241001/10MIN/WINDOWS_20241001.csv,19:34.3,3.489792,13,SRKW,0.035100874,0.22779398,0.30445576,0.053110156,0.005294377,0.27382538,0.100419514
192,C:/Users/TristanKleyn/Downloads/ecotypeClassification/binary/Binaries_20241001/10MIN/WINDOWS_20241001.csv,19:38.3,3.39968,13,SRKW,0.06798072,0.28347656,0.18612179,0.10463347,0.012273013,0.18584082,0.15967362
193,C:/Users/TristanKleyn/Downloads/ecotypeClassification/binary/Binaries_20241001/10MIN/WINDOWS_20241001.csv,19:42.3,5.136384,13,SRKW,0.09910802,0.23498186,0.18057828,0.107215665,0.017728439,0.1816574,0.1787303
194,C:/Users/TristanKleyn/Downloads/ecotypeClassification/binary/Binaries_20241001/10MIN/WINDOWS_20241001.csv,19:46.3,10.248192,13,SRKW,0.10445917,0.23248012,0.17273957,0.13935138,0.019907279,0.16098003,0.17008257
195,C:/Users/TristanKleyn/Downloads/ecotypeClassification/binary/Binaries_20241001/10MIN/WINDOWS_20241001.csv,20:22.3,2.06848,13,SRKW,0.08083215,0.22736451,0.16291101,0.11190443,0.025066532,0.16994143,0.22197999
196,C:/Users/TristanKleyn/Downloads/ecotypeClassification/binary/Binaries_20241001/10MIN/WINDOWS_20241001.csv,20:26.3,6.053888,13,SRKW,0.10853019,0.24385682,0.17598847,0.13403554,0.017934958,0.17653881,0.14311528
197,C:/Users/TristanKleyn/Downloads/ecotypeClassification/binary/Binaries_20241001/10MIN/WINDOWS_20241001.csv,20:30.3,4.784128,13,SRKW,0.05692606,0.2569593,0.18982822,0.1348672,0.01040014,0.17614284,0.1748762
198,C:/Users/TristanKleyn/Downloads/ecotypeClassification/binary/Binaries_20241001/10MIN/WINDOWS_20241001.csv,20:34.3,5.812224,13,SRKW,0.06872279,0.27895284,0.21279754,0.082879506,0.014665468,0.24630372,0.095678106
199,C:/Users/TristanKleyn/Downloads/ecotypeClassification/binary/Binaries_20241001/10MIN/WINDOWS_20241001.csv,20:38.3,4.497408,13,SRKW,0.097441904,0.26859236,0.1503495,0.12899315,0.026397927,0.15137154,0.17685352
200,C:/Users/TristanKleyn/Downloads/ecotypeClassification/binary/Binaries_20241001/10MIN/WINDOWS_20241001.csv,20:42.3,6.672384,13,SRKW,0.097338565,0.22241463,0.16521609,0.13755985,0.026529284,0.1561878,0.1947537
201,C:/Users/TristanKleyn/Downloads/ecotypeClassification/binary/Binaries_20241001/10MIN/WINDOWS_20241001.csv,20:46.3,1.056768,13,SRKW,0.01717221,0.11262167,0.30047157,0.03796827,0.001495243,0.4970751,0.03319587
202,C:/Users/TristanKleyn/Downloads/ecotypeClassification/binary/Binaries_20241001/10MIN/WINDOWS_20241001.csv,21:26.3,1.138688,13,SRKW,0.08254169,0.24069816,0.18512422,0.14612539,0.020448128,0.1953258,0.12973656
203,C:/Users/TristanKleyn/Downloads/ecotypeClassification/binary/Binaries_20241001/10MIN/WINDOWS_20241001.csv,21:38.3,2.3552,13,SRKW,0.1763307,0.17300507,0.119640864,0.17672513,0.04984672,0.08164814,0.22280341
204,C:/Users/TristanKleyn/Downloads/ecotypeClassification/binary/Binaries_20241001/10MIN/WINDOWS_20241001.csv,21:46.3,2.678784,13,SRKW,0.08636049,0.21228066,0.10765247,0.18452114,0.045120314,0.11730288,0.24676208
205,C:/Users/TristanKleyn/Downloads/ecotypeClassification/binary/Binaries_20241015/10MIN/WINDOWS_20241015.csv,15:59.0,1.675264,14,Biggs,0.12782362,0.28157157,0.12944992,0.17871593,0.020195374,0.19681838,0.06542525
206,C:/Users/TristanKleyn/Downloads/ecotypeClassification/binary/Binaries_20241015/10MIN/WINDOWS_20241015.csv,16:39.0,1.011712,14,Biggs,0.038871225,0.21313006,0.22298881,0.04765094,0.005161643,0.43990162,0.03229577
207,C:/Users/TristanKleyn/Downloads/ecotypeClassification/binary/Binaries_20241015/10MIN/WINDOWS_20241015.csv,16:43.0,4.661248,14,Biggs,0.085668914,0.2673085,0.19421382,0.11910136,0.021924801,0.14098358,0.170799
208,C:/Users/TristanKleyn/Downloads/ecotypeClassification/binary/Binaries_20241015/10MIN/WINDOWS_20241015.csv,16:47.0,4.038656,14,Biggs,0.064476416,0.26111683,0.22123449,0.08073924,0.013551421,0.28600755,0.07287413
209,C:/Users/TristanKleyn/Downloads/ecotypeClassification/binary/Binaries_20241015/10MIN/WINDOWS_20241015.csv,16:55.0,4.497408,14,Biggs,0.089894116,0.28752297,0.19034998,0.09983162,0.015678918,0.23454797,0.082174346
210,C:/Users/TristanKleyn/Downloads/ecotypeClassification/binary/Binaries_20241015/10MIN/WINDOWS_20241015.csv,17:39.0,3.72736,14,Biggs,0.09415533,0.31061125,0.16953234,0.11270849,0.015677668,0.21919982,0.078115225
211,C:/Users/TristanKleyn/Downloads/ecotypeClassification/binary/Binaries_20241015/10MIN/WINDOWS_20241015.csv,19:47.0,6.520832,14,Biggs,0.0981817,0.26434106,0.17037433,0.13081722,0.018693862,0.19773948,0.11985233
212,C:/Users/TristanKleyn/Downloads/ecotypeClassification/binary/Binaries_20241015/10MIN/WINDOWS_20241015.csv,19:51.0,2.772992,14,Biggs,0.1088563,0.23848847,0.19556727,0.10077357,0.022608671,0.27622044,0.05748527
213,C:/Users/TristanKleyn/Downloads/ecotypeClassification/binary/Binaries_20241015/10MIN/WINDOWS_20241015.csv,21:03.0,6.275072,14,Biggs,0.14194296,0.16183709,0.10455875,0.2414632,0.037706736,0.06730763,0.2451836
214,C:/Users/TristanKleyn/Downloads/ecotypeClassification/binary/Binaries_20241015/10MIN/WINDOWS_20241015.csv,21:47.0,2.674688,14,Biggs,0.16577052,0.22014377,0.11546207,0.21865267,0.036006235,0.108470745,0.13549398
215,C:/Users/TristanKleyn/Downloads/ecotypeClassification/binary/Binaries_20241015/10MIN/WINDOWS_20241015.csv,21:59.0,2.351104,14,Biggs,0.11627678,0.26891437,0.13866642,0.15668075,0.017816996,0.13273214,0.16891254
216,C:/Users/TristanKleyn/Downloads/ecotypeClassification/binary/Binaries_20241015/10MIN/WINDOWS_20241015.csv,22:03.0,2.392064,14,Biggs,0.061423823,0.17136668,0.3860373,0.08891521,0.012155343,0.1468123,0.13328932
217,C:/Users/TristanKleyn/Downloads/ecotypeClassification/binary/Binaries_20241023/10MIN/WINDOWS_20241023.csv,00:16.4,2.048,15,Biggs,0.038280647,0.33223552,0.18603137,0.039599974,0.005885783,0.38174587,0.01622087
218,C:/Users/TristanKleyn/Downloads/ecotypeClassification/binary/Binaries_20241027/10MIN/WINDOWS_20241027.csv,29:12.5,1.306624,16,Biggs,0.03267954,0.22137693,0.14575885,0.042543624,0.00878508,0.21208602,0.33676988
219,C:/Users/TristanKleyn/Downloads/ecotypeClassification/binary/Binaries_20241027/10MIN/WINDOWS_20241027.csv,29:16.5,7.43424,16,Biggs,0.06307835,0.29962674,0.16215417,0.074155666,0.014556514,0.19409251,0.192336
220,C:/Users/TristanKleyn/Downloads/ecotypeClassification/binary/Binaries_20241027/10MIN/WINDOWS_20241027.csv,29:20.5,2.51904,16,Biggs,0.067704864,0.24444689,0.1497117,0.08941008,0.022976153,0.17923518,0.24651515
221,C:/Users/TristanKleyn/Downloads/ecotypeClassification/binary/Binaries_20241027/10MIN/WINDOWS_20241027.csv,30:00.5,2.936832,16,Biggs,0.074171744,0.25946978,0.15500422,0.07853208,0.020711696,0.18277898,0.22933145
222,C:/Users/TristanKleyn/Downloads/ecotypeClassification/binary/Binaries_20241027/10MIN/WINDOWS_20241027.csv,30:04.5,2.576384,16,Biggs,0.06853213,0.28935415,0.12411955,0.082602024,0.01874774,0.19732442,0.21931992
223,C:/Users/TristanKleyn/Downloads/ecotypeClassification/binary/Binaries_20241027/10MIN/WINDOWS_20241027.csv,30:08.5,4.694016,16,Biggs,0.07893916,0.23275705,0.15554236,0.0905315,0.019918216,0.17453279,0.24777901
224,C:/Users/TristanKleyn/Downloads/ecotypeClassification/binary/Binaries_20241027/10MIN/WINDOWS_20241027.csv,30:12.5,1.179648,16,Biggs,0.015535163,0.23668948,0.17162444,0.028083356,0.002829121,0.2652745,0.27996397
225,C:/Users/TristanKleyn/Downloads/ecotypeClassification/binary/Binaries_20241027/10MIN/WINDOWS_20241027.csv,30:16.5,1.724416,16,Biggs,0.038942855,0.3068068,0.14994928,0.065419644,0.008953626,0.1951285,0.23479925
226,C:/Users/TristanKleyn/Downloads/ecotypeClassification/binary/Binaries_20241027/10MIN/WINDOWS_20241027.csv,30:20.5,2.945024,16,Biggs,0.030951673,0.29710743,0.21649736,0.044176154,0.006163209,0.34237343,0.06273072
227,C:/Users/TristanKleyn/Downloads/ecotypeClassification/binary/Binaries_20241027/10MIN/WINDOWS_20241027.csv,31:04.5,2.842624,16,Biggs,0.02146482,0.28638107,0.2696413,0.036036637,0.004127367,0.30674538,0.07560348
228,C:/Users/TristanKleyn/Downloads/ecotypeClassification/binary/Binaries_20241027/10MIN/WINDOWS_20241027.csv,31:12.5,1.773568,16,Biggs,0.025636643,0.34115982,0.18381606,0.04215689,0.005335785,0.33583844,0.0660564
229,C:/Users/TristanKleyn/Downloads/ecotypeClassification/binary/Binaries_20241027/10MIN/WINDOWS_20241027.csv,31:16.5,3.149824,16,Biggs,0.039779738,0.2957181,0.19446827,0.06495911,0.009930212,0.23865981,0.15648471
230,C:/Users/TristanKleyn/Downloads/ecotypeClassification/binary/Binaries_20241027/10MIN/WINDOWS_20241027.csv,32:12.5,1.16736,16,Biggs,0.037626266,0.38400087,0.16403645,0.055172857,0.006160812,0.22909343,0.12390925
231,C:/Users/TristanKleyn/Downloads/ecotypeClassification/binary/Binaries_20241027/10MIN/WINDOWS_20241027.csv,35:08.5,2.285568,16,Biggs,0.028448835,0.28226557,0.17410488,0.048298255,0.008539524,0.20817554,0.25016737
232,C:/Users/TristanKleyn/Downloads/ecotypeClassification/binary/Binaries_20241027/10MIN/WINDOWS_20241027.csv,35:12.5,1.150976,16,Biggs,0.033660628,0.21030007,0.1227508,0.05052463,0.011494614,0.15981504,0.41145414
233,C:/Users/TristanKleyn/Downloads/ecotypeClassification/binary/Binaries_20241027/10MIN/WINDOWS_20241027.csv,35:16.5,3.170304,16,Biggs,0.034382403,0.29788855,0.16712497,0.058537945,0.009949675,0.2329975,0.19911902
234,C:/Users/TristanKleyn/Downloads/ecotypeClassification/binary/Binaries_20241027/10MIN/WINDOWS_20241027.csv,35:24.5,2.523136,16,Biggs,0.04479908,0.21887955,0.19506402,0.080300055,0.016892746,0.14538,0.2986846
235,C:/Users/TristanKleyn/Downloads/ecotypeClassification/binary/Binaries_20241027/10MIN/WINDOWS_20241027.csv,36:08.5,2.306048,16,Biggs,0.04404172,0.27462202,0.20501722,0.070585065,0.01276923,0.25420538,0.1387594
236,C:/Users/TristanKleyn/Downloads/ecotypeClassification/binary/Binaries_20241027/10MIN/WINDOWS_20241027.csv,36:20.5,1.093632,16,Biggs,0.03373284,0.2965103,0.15120578,0.047883116,0.004339771,0.4288459,0.037482217
237,C:/Users/TristanKleyn/Downloads/ecotypeClassification/binary/Binaries_20241027/10MIN/WINDOWS_20241027.csv,36:24.5,1.785856,16,Biggs,0.06802119,0.20051813,0.2729451,0.08408329,0.01294726,0.21423575,0.14724924
238,C:/Users/TristanKleyn/Downloads/ecotypeClassification/binary/Binaries_20241027/10MIN/WINDOWS_20241027.csv,36:28.5,1.236992,16,Biggs,0.075396344,0.24572206,0.18477094,0.089037165,0.007418002,0.34168738,0.055968083
239,C:/Users/TristanKleyn/Downloads/ecotypeClassification/binary/Binaries_20241027/10MIN/WINDOWS_20241027.csv,38:16.5,2.002944,16,Biggs,0.13230668,0.22084825,0.15280773,0.13048609,0.023483496,0.19491568,0.14515212
240,C:/Users/TristanKleyn/Downloads/ecotypeClassification/binary/Binaries_20241102/10MIN/WINDOWS_20241102.csv,23:59.2,1.032192,17,Biggs,0.032432813,0.30999795,0.16376537,0.042013813,0.003881344,0.43643022,0.011478479
241,C:/Users/TristanKleyn/Downloads/ecotypeClassification/binary/Binaries_20241102/10MIN/WINDOWS_20241102.csv,25:03.2,3.100672,17,Biggs,0.02029071,0.33415762,0.17643508,0.024099708,0.003065646,0.4274672,0.014484105
242,C:/Users/TristanKleyn/Downloads/ecotypeClassification/binary/Binaries_20241102/10MIN/WINDOWS_20241102.csv,26:07.2,1.773568,17,Biggs,0.023599394,0.22743377,0.193451,0.037366778,0.005802142,0.18560123,0.32674566
243,C:/Users/TristanKleyn/Downloads/ecotypeClassification/binary/Binaries_20241102/10MIN/WINDOWS_20241102.csv,26:19.2,1.355776,17,Biggs,0.013625519,0.28540364,0.22132097,0.019972797,0.001437705,0.43927103,0.018968202
244,C:/Users/TristanKleyn/Downloads/ecotypeClassification/binary/Binaries_20241102/10MIN/WINDOWS_20241102.csv,28:11.2,1.572864,17,Biggs,0.02640344,0.26437098,0.21103941,0.03063394,0.002244649,0.45682967,0.008477937
245,C:/Users/TristanKleyn/Downloads/ecotypeClassification/binary/Binaries_20241102/10MIN/WINDOWS_20241102.csv,28:15.2,1.855488,17,Biggs,0.027375272,0.3415881,0.1330001,0.03188003,0.002600716,0.45318797,0.010367838
246,C:/Users/TristanKleyn/Downloads/ecotypeClassification/binary/Binaries_20241102/10MIN/WINDOWS_20241102.csv,40:15.2,2.469888,18,Biggs,0.059593443,0.25293705,0.18265304,0.049311794,0.013490702,0.3285021,0.11351194
247,C:/Users/TristanKleyn/Downloads/ecotypeClassification/binary/Binaries_20241102/10MIN/WINDOWS_20241102.csv,40:19.2,3.39968,18,Biggs,0.03723863,0.30539885,0.25768828,0.052208137,0.007986814,0.23285574,0.10662349
248,C:/Users/TristanKleyn/Downloads/ecotypeClassification/binary/Binaries_20241102/10MIN/WINDOWS_20241102.csv,40:23.2,2.113536,18,Biggs,0.04372595,0.29148138,0.16916977,0.050291136,0.009902165,0.3697455,0.06568406
249,C:/Users/TristanKleyn/Downloads/ecotypeClassification/binary/Binaries_20241102/10MIN/WINDOWS_20241102.csv,40:27.2,2.850816,18,Biggs,0.039698243,0.32189053,0.15356264,0.04546639,0.007122051,0.36268944,0.06957063
250,C:/Users/TristanKleyn/Downloads/ecotypeClassification/binary/Binaries_20241102/10MIN/WINDOWS_20241102.csv,40:31.2,3.15392,18,Biggs,0.010740114,0.2633887,0.26088488,0.021497527,0.002236266,0.36731157,0.073940955
251,C:/Users/TristanKleyn/Downloads/ecotypeClassification/binary/Binaries_20241102/10MIN/WINDOWS_20241102.csv,41:11.2,1.728512,18,Biggs,0.03699506,0.33376417,0.16187428,0.03843419,0.004558409,0.40832487,0.016049119
252,C:/Users/TristanKleyn/Downloads/ecotypeClassification/binary/Binaries_20241102/10MIN/WINDOWS_20241102.csv,41:19.2,1.277952,18,Biggs,0.023026945,0.30002105,0.1940853,0.041823197,0.003509829,0.42182952,0.015704196
253,C:/Users/TristanKleyn/Downloads/ecotypeClassification/binary/Binaries_20241102/10MIN/WINDOWS_20241102.csv,41:23.2,2.523136,18,Biggs,0.027529249,0.28446826,0.2213267,0.032111403,0.002787121,0.4135386,0.018238721
254,C:/Users/TristanKleyn/Downloads/ecotypeClassification/binary/Binaries_20241102/10MIN/WINDOWS_20241102.csv,41:27.2,2.985984,18,Biggs,0.01637461,0.20397878,0.34297034,0.025738379,0.001864577,0.3819459,0.027127411
255,C:/Users/TristanKleyn/Downloads/ecotypeClassification/binary/Binaries_20241102/10MIN/WINDOWS_20241102.csv,41:31.2,4.001792,18,Biggs,0.025646314,0.25510222,0.23306593,0.036671657,0.004016452,0.42455456,0.020942874
256,C:/Users/TristanKleyn/Downloads/ecotypeClassification/binary/Binaries_20241102/10MIN/WINDOWS_20241102.csv,42:11.2,1.306624,18,Biggs,0.021999875,0.2867707,0.1911439,0.030851353,0.002850915,0.44585276,0.020530488
257,C:/Users/TristanKleyn/Downloads/ecotypeClassification/binary/Binaries_20241102/10MIN/WINDOWS_20241102.csv,42:15.2,2.162688,18,Biggs,0.026548747,0.30647495,0.2244139,0.032185245,0.002789606,0.39242402,0.015163542
258,C:/Users/TristanKleyn/Downloads/ecotypeClassification/binary/Binaries_20241102/10MIN/WINDOWS_20241102.csv,42:19.2,1.601536,18,Biggs,0.030954769,0.28992686,0.2517276,0.03204058,0.003999698,0.36784938,0.023501122
259,C:/Users/TristanKleyn/Downloads/ecotypeClassification/binary/Binaries_20241102/10MIN/WINDOWS_20241102.csv,42:23.2,1.789952,18,Biggs,0.09716427,0.25294057,0.21417138,0.1387723,0.037088003,0.17247152,0.08739194
260,C:/Users/TristanKleyn/Downloads/ecotypeClassification/binary/Binaries_20241102/10MIN/WINDOWS_20241102.csv,42:31.2,6.750208,18,Biggs,0.10928413,0.29355124,0.15781708,0.13633965,0.019963318,0.15750647,0.1255381
261,C:/Users/TristanKleyn/Downloads/ecotypeClassification/binary/Binaries_20241102/10MIN/WINDOWS_20241102.csv,43:15.2,2.10944,18,Biggs,0.018762171,0.2854735,0.28597254,0.02283647,0.002279253,0.36444232,0.020233784
262,C:/Users/TristanKleyn/Downloads/ecotypeClassification/binary/Binaries_20241102/10MIN/WINDOWS_20241102.csv,43:19.2,2.29376,18,Biggs,0.023799676,0.35504535,0.19964238,0.04470694,0.004769158,0.27471775,0.09731879
263,C:/Users/TristanKleyn/Downloads/ecotypeClassification/binary/Binaries_20241102/10MIN/WINDOWS_20241102.csv,43:27.2,2.183168,18,Biggs,0.022864027,0.3212865,0.2021348,0.031861275,0.003901939,0.39864033,0.019311037
264,C:/Users/TristanKleyn/Downloads/ecotypeClassification/binary/Binaries_20241102/10MIN/WINDOWS_20241102.csv,43:35.2,2.564096,18,Biggs,0.067175366,0.32235587,0.16401564,0.06941519,0.010755363,0.30719385,0.059088763
265,C:/Users/TristanKleyn/Downloads/ecotypeClassification/binary/Binaries_20241102/10MIN/WINDOWS_20241102.csv,44:15.2,10.194944,18,Biggs,0.06650802,0.3076896,0.19179128,0.0746819,0.010509925,0.29262576,0.056193437
266,C:/Users/TristanKleyn/Downloads/ecotypeClassification/binary/Binaries_20241102/10MIN/WINDOWS_20241102.csv,44:19.2,14.422016,18,Biggs,0.057563417,0.31496,0.20134184,0.06343828,0.012451439,0.27645198,0.07379302
267,C:/Users/TristanKleyn/Downloads/ecotypeClassification/binary/Binaries_20241102/10MIN/WINDOWS_20241102.csv,44:23.2,12.546048,18,Biggs,0.053403202,0.3093465,0.21034323,0.05954993,0.01052264,0.29025286,0.066581674
268,C:/Users/TristanKleyn/Downloads/ecotypeClassification/binary/Binaries_20241102/10MIN/WINDOWS_20241102.csv,44:27.2,11.210752,18,Biggs,0.06754278,0.27301013,0.20682852,0.088278055,0.014696621,0.20797333,0.14167054
269,C:/Users/TristanKleyn/Downloads/ecotypeClassification/binary/Binaries_20241102/10MIN/WINDOWS_20241102.csv,44:31.2,8.863744,18,Biggs,0.0543249,0.3087011,0.15977278,0.07565832,0.01308408,0.19306242,0.19539638
270,C:/Users/TristanKleyn/Downloads/ecotypeClassification/binary/Binaries_20241102/10MIN/WINDOWS_20241102.csv,44:35.2,1.98656,18,Biggs,0.12357486,0.2857731,0.1631802,0.13212135,0.024029197,0.16757211,0.103749186
271,C:/Users/TristanKleyn/Downloads/ecotypeClassification/binary/Binaries_20241102/10MIN/WINDOWS_20241102.csv,45:15.2,7.544832,18,Biggs,0.05487189,0.32743984,0.19661859,0.062257726,0.011603707,0.2688105,0.07839784
272,C:/Users/TristanKleyn/Downloads/ecotypeClassification/binary/Binaries_20241102/10MIN/WINDOWS_20241102.csv,45:19.2,3.715072,18,Biggs,0.06967704,0.31561962,0.18114218,0.07911868,0.011311899,0.27629,0.06684056
273,C:/Users/TristanKleyn/Downloads/ecotypeClassification/binary/Binaries_20241102/10MIN/WINDOWS_20241102.csv,45:23.2,7.061504,18,Biggs,0.041998476,0.33094525,0.19716424,0.053835496,0.01037419,0.30532917,0.060353182
274,C:/Users/TristanKleyn/Downloads/ecotypeClassification/binary/Binaries_20241102/10MIN/WINDOWS_20241102.csv,45:27.2,13.324288,18,Biggs,0.053804457,0.32589495,0.19229406,0.056133524,0.010637986,0.2946337,0.06660127
275,C:/Users/TristanKleyn/Downloads/ecotypeClassification/binary/Binaries_20241102/10MIN/WINDOWS_20241102.csv,45:31.2,9.977856,18,Biggs,0.048556894,0.27365336,0.23349984,0.05823414,0.009251092,0.28299683,0.09380783
276,C:/Users/TristanKleyn/Downloads/ecotypeClassification/binary/Binaries_20241102/10MIN/WINDOWS_20241102.csv,45:35.2,9.940992,18,Biggs,0.05176813,0.3052731,0.21456166,0.06448008,0.010774996,0.2669585,0.08618352
277,C:/Users/TristanKleyn/Downloads/ecotypeClassification/binary/Binaries_20241102/10MIN/WINDOWS_20241102.csv,46:19.2,12.845056,18,Biggs,0.071130596,0.3064847,0.18464111,0.08531804,0.012685079,0.26006582,0.07967467
278,C:/Users/TristanKleyn/Downloads/ecotypeClassification/binary/Binaries_20241102/10MIN/WINDOWS_20241102.csv,46:23.2,1.982464,18,Biggs,0.055128884,0.30951828,0.17134592,0.056463413,0.007783152,0.36563334,0.03412705
279,C:/Users/TristanKleyn/Downloads/ecotypeClassification/binary/Binaries_20241102/10MIN/WINDOWS_20241102.csv,46:27.2,5.230592,18,Biggs,0.040759876,0.29297894,0.2129047,0.05637256,0.00815061,0.30148363,0.08734967
280,C:/Users/TristanKleyn/Downloads/ecotypeClassification/binary/Binaries_20241102/10MIN/WINDOWS_20241102.csv,46:31.2,6.201344,18,Biggs,0.041859314,0.28717723,0.2426734,0.050034933,0.00908682,0.29361805,0.07555022
281,C:/Users/TristanKleyn/Downloads/ecotypeClassification/binary/Binaries_20241102/10MIN/WINDOWS_20241102.csv,46:35.2,7.766016,18,Biggs,0.03622433,0.32316026,0.18398434,0.038175866,0.00611636,0.38031223,0.032026563
282,C:/Users/TristanKleyn/Downloads/ecotypeClassification/binary/Binaries_20241102/10MIN/WINDOWS_20241102.csv,46:39.2,2.617344,18,Biggs,0.050778538,0.33270162,0.19787936,0.06048669,0.011663183,0.2673327,0.0791579
283,C:/Users/TristanKleyn/Downloads/ecotypeClassification/binary/Binaries_20241102/10MIN/WINDOWS_20241102.csv,47:15.2,4.66944,18,Biggs,0.06087216,0.31118223,0.1681813,0.0731128,0.011883854,0.33163893,0.043128744
284,C:/Users/TristanKleyn/Downloads/ecotypeClassification/binary/Binaries_20241102/10MIN/WINDOWS_20241102.csv,47:19.2,3.342336,18,Biggs,0.041126393,0.31453222,0.18015222,0.04297245,0.005948003,0.39191657,0.023352211
285,C:/Users/TristanKleyn/Downloads/ecotypeClassification/binary/Binaries_20241102/10MIN/WINDOWS_20241102.csv,47:23.2,2.936832,18,Biggs,0.039051235,0.34380773,0.14319953,0.04896818,0.007900254,0.3723069,0.044766095
286,C:/Users/TristanKleyn/Downloads/ecotypeClassification/binary/Binaries_20241102/10MIN/WINDOWS_20241102.csv,47:27.2,1.101824,18,Biggs,0.016967565,0.2291391,0.18413617,0.026320029,0.002329584,0.49422807,0.04687952
287,C:/Users/TristanKleyn/Downloads/ecotypeClassification/binary/Binaries_20241102/10MIN/WINDOWS_20241102.csv,47:31.2,2.433024,18,Biggs,0.020625575,0.29848483,0.19079745,0.026476605,0.0044649,0.40744123,0.051709387
288,C:/Users/TristanKleyn/Downloads/ecotypeClassification/binary/Binaries_20241102/10MIN/WINDOWS_20241102.csv,47:39.2,1.523712,18,Biggs,0.051158864,0.25613642,0.23783284,0.05853312,0.008702792,0.32870376,0.058932245
289,C:/Users/TristanKleyn/Downloads/ecotypeClassification/binary/Binaries_20241102/10MIN/WINDOWS_20241102.csv,48:23.2,1.114112,18,Biggs,0.06463025,0.30194154,0.19585021,0.07598135,0.007566286,0.32197437,0.032055978
290,C:/Users/TristanKleyn/Downloads/ecotypeClassification/binary/Binaries_20241102/10MIN/WINDOWS_20241102.csv,48:31.2,1.835008,18,Biggs,0.014381241,0.33992898,0.19448839,0.020030145,0.001962992,0.410986,0.018222254
291,C:/Users/TristanKleyn/Downloads/ecotypeClassification/binary/Binaries_20241102/10MIN/WINDOWS_20241102.csv,48:35.2,6.217728,18,Biggs,0.036676545,0.32595646,0.20518312,0.040248122,0.005596463,0.30717203,0.07916725
292,C:/Users/TristanKleyn/Downloads/ecotypeClassification/binary/Binaries_20241102/10MIN/WINDOWS_20241102.csv,48:39.2,5.177344,18,Biggs,0.02958132,0.30310825,0.23146556,0.03675677,0.004832657,0.34679943,0.047456034
293,C:/Users/TristanKleyn/Downloads/ecotypeClassification/binary/Binaries_20241102/10MIN/WINDOWS_20241102.csv,49:23.2,3.137536,18,Biggs,0.05253512,0.2465171,0.26270974,0.06268254,0.00960293,0.29296812,0.072984405
294,C:/Users/TristanKleyn/Downloads/ecotypeClassification/binary/Binaries_20241102/10MIN/WINDOWS_20241102.csv,49:27.2,3.923968,18,Biggs,0.06217208,0.31129572,0.21319968,0.060336314,0.008718387,0.31040624,0.033871584
295,C:/Users/TristanKleyn/Downloads/ecotypeClassification/binary/Binaries_20241102/10MIN/WINDOWS_20241102.csv,49:31.2,7.770112,18,Biggs,0.074059024,0.2597714,0.13795306,0.09666887,0.022519924,0.17623813,0.23278958
296,C:/Users/TristanKleyn/Downloads/ecotypeClassification/binary/Binaries_20241102/10MIN/WINDOWS_20241102.csv,49:35.2,2.097152,18,Biggs,0.0941609,0.26549318,0.22731216,0.09683076,0.01131424,0.21574935,0.08913937
297,C:/Users/TristanKleyn/Downloads/ecotypeClassification/binary/Binaries_20241102/10MIN/WINDOWS_20241102.csv,49:39.2,4.308992,18,Biggs,0.12275812,0.20467283,0.1454517,0.13671997,0.03439314,0.12938574,0.22661854
298,C:/Users/TristanKleyn/Downloads/ecotypeClassification/binary/Binaries_20241102/10MIN/WINDOWS_20241102.csv,50:19.2,1.78176,18,Biggs,0.064080425,0.31885046,0.18061185,0.056288827,0.00793831,0.3384361,0.033794075
299,C:/Users/TristanKleyn/Downloads/ecotypeClassification/binary/Binaries_20241102/10MIN/WINDOWS_20241102.csv,50:23.2,2.904064,18,Biggs,0.11213284,0.19939223,0.1993632,0.16154958,0.0222697,0.11769559,0.18759684
300,C:/Users/TristanKleyn/Downloads/ecotypeClassification/binary/Binaries_20241102/10MIN/WINDOWS_20241102.csv,50:27.2,5.472256,18,Biggs,0.10192972,0.2783801,0.12660375,0.116295196,0.018299349,0.17029735,0.18819463
301,C:/Users/TristanKleyn/Downloads/ecotypeClassification/binary/Binaries_20241102/10MIN/WINDOWS_20241102.csv,50:31.2,3.09248,18,Biggs,0.057902522,0.3210141,0.13454552,0.080208614,0.012037632,0.2931169,0.10117481
302,C:/Users/TristanKleyn/Downloads/ecotypeClassification/binary/Binaries_20241102/10MIN/WINDOWS_20241102.csv,50:35.2,4.104192,18,Biggs,0.041459758,0.30900595,0.23046418,0.045184005,0.006207374,0.317052,0.05062681
303,C:/Users/TristanKleyn/Downloads/ecotypeClassification/binary/Binaries_20241102/10MIN/WINDOWS_20241102.csv,50:39.2,1.212416,18,Biggs,0.04336349,0.26050895,0.21596901,0.0572965,0.007302078,0.32902613,0.08653386
304,C:/Users/TristanKleyn/Downloads/ecotypeClassification/binary/Binaries_20241109/10MIN/WINDOWS_20241109.csv,54:50.3,1.441792,19,Biggs,0.015289954,0.18628953,0.35112655,0.03149487,0.001432332,0.4005445,0.013822323
305,C:/Users/TristanKleyn/Downloads/ecotypeClassification/binary/Binaries_20241109/10MIN/WINDOWS_20241109.csv,54:54.3,1.130496,19,Biggs,0.015405915,0.16628106,0.3687179,0.030237624,0.00169316,0.40233564,0.015328667
306,C:/Users/TristanKleyn/Downloads/ecotypeClassification/binary/Binaries_20241109/10MIN/WINDOWS_20241109.csv,55:02.3,1.957888,19,Biggs,0.017385857,0.19464862,0.3252251,0.03336722,0.001455005,0.41265178,0.015266441
307,C:/Users/TristanKleyn/Downloads/ecotypeClassification/binary/Binaries_20241109/10MIN/WINDOWS_20241109.csv,55:46.3,1.196032,19,Biggs,0.019832153,0.20074674,0.31930876,0.0349276,0.00206217,0.40491897,0.018203612
308,C:/Users/TristanKleyn/Downloads/ecotypeClassification/binary/Binaries_20241109/10MIN/WINDOWS_20241109.csv,55:50.3,1.212416,19,Biggs,0.009013297,0.2345766,0.17154889,0.017853305,0.000721883,0.542502,0.023784066
309,C:/Users/TristanKleyn/Downloads/ecotypeClassification/binary/Binaries_20241109/10MIN/WINDOWS_20241109.csv,58:02.3,1.06496,19,Biggs,0.039963044,0.22474176,0.1568978,0.0469276,0.002369141,0.5167358,0.012364872
310,C:/Users/TristanKleyn/Downloads/ecotypeClassification/binary/Binaries_20241109/10MIN/WINDOWS_20241109.csv,02:58.3,1.810432,19,Biggs,0.022895843,0.3101333,0.16424145,0.027018873,0.002476383,0.46056613,0.012667984
311,C:/Users/TristanKleyn/Downloads/ecotypeClassification/binary/Binaries_20241110/10MIN/WINDOWS_20241110.csv,06:48.1,2.12992,20,Biggs,0.081838585,0.18181829,0.17875896,0.095998004,0.014388786,0.13963024,0.30756715
312,C:/Users/TristanKleyn/Downloads/ecotypeClassification/binary/Binaries_20241110/10MIN/WINDOWS_20241110.csv,06:56.1,3.129344,20,Biggs,0.014465423,0.2578544,0.32713872,0.027600134,0.003343114,0.2196986,0.14989959
313,C:/Users/TristanKleyn/Downloads/ecotypeClassification/binary/Binaries_20241110/10MIN/WINDOWS_20241110.csv,07:00.1,6.688768,20,Biggs,0.1364632,0.17842881,0.1419396,0.19266325,0.03631794,0.08884702,0.2253402
314,C:/Users/TristanKleyn/Downloads/ecotypeClassification/binary/Binaries_20241110/10MIN/WINDOWS_20241110.csv,07:40.1,1.880064,20,Biggs,0.0449445,0.12212331,0.074094385,0.052113276,0.01666701,0.07284298,0.6172146
315,C:/Users/TristanKleyn/Downloads/ecotypeClassification/binary/Binaries_20241110/10MIN/WINDOWS_20241110.csv,07:44.1,4.067328,20,Biggs,0.03231419,0.2626048,0.28867108,0.04147376,0.009433567,0.22979052,0.13571204
316,C:/Users/TristanKleyn/Downloads/ecotypeClassification/binary/Binaries_20241110/10MIN/WINDOWS_20241110.csv,07:48.1,1.417216,20,Biggs,0.055760212,0.16595018,0.113568865,0.081348024,0.015021709,0.09577228,0.47257867
317,C:/Users/TristanKleyn/Downloads/ecotypeClassification/binary/Binaries_20241110/10MIN/WINDOWS_20241110.csv,07:56.1,2.572288,20,Biggs,0.037065797,0.27099788,0.19311026,0.0671805,0.008992928,0.18776035,0.23489234
318,C:/Users/TristanKleyn/Downloads/ecotypeClassification/binary/Binaries_20241110/10MIN/WINDOWS_20241110.csv,08:00.1,2.27328,20,Biggs,0.09120654,0.22962587,0.16065791,0.08042224,0.013998496,0.10169791,0.32239097
319,C:/Users/TristanKleyn/Downloads/ecotypeClassification/binary/Binaries_20241110/10MIN/WINDOWS_20241110.csv,08:44.1,2.179072,20,Biggs,0.059532985,0.25107837,0.15940498,0.09409037,0.017002957,0.11925832,0.299632
320,C:/Users/TristanKleyn/Downloads/ecotypeClassification/binary/Binaries_20241110/10MIN/WINDOWS_20241110.csv,08:48.1,1.073152,20,Biggs,0.011009498,0.24986987,0.2428246,0.031790663,0.001707956,0.27634513,0.18645225
321,C:/Users/TristanKleyn/Downloads/ecotypeClassification/binary/Binaries_20241110/10MIN/WINDOWS_20241110.csv,08:56.1,1.429504,20,Biggs,0.06738984,0.31194413,0.17168564,0.07549878,0.010449899,0.25071588,0.11231586
322,C:/Users/TristanKleyn/Downloads/ecotypeClassification/binary/Binaries_20241110/10MIN/WINDOWS_20241110.csv,09:48.1,3.731456,20,Biggs,0.05266924,0.21855998,0.20783204,0.09524879,0.022279495,0.13553058,0.26787993
323,C:/Users/TristanKleyn/Downloads/ecotypeClassification/binary/Binaries_20241110/10MIN/WINDOWS_20241110.csv,09:52.1,3.739648,20,Biggs,0.056804836,0.28809592,0.18480103,0.06852047,0.012902193,0.21287405,0.17600149
324,C:/Users/TristanKleyn/Downloads/ecotypeClassification/binary/Binaries_20241110/10MIN/WINDOWS_20241110.csv,09:56.1,6.815744,20,Biggs,0.11253953,0.23799041,0.16349901,0.124336764,0.021904204,0.1749062,0.16482396
325,C:/Users/TristanKleyn/Downloads/ecotypeClassification/binary/Binaries_20241110/10MIN/WINDOWS_20241110.csv,10:00.1,3.56352,20,Biggs,0.0554323,0.17994992,0.1989776,0.0791111,0.02074832,0.121920966,0.34385982
326,C:/Users/TristanKleyn/Downloads/ecotypeClassification/binary/Binaries_20241110/10MIN/WINDOWS_20241110.csv,10:48.1,3.518464,20,Biggs,0.0553389,0.3400435,0.15731971,0.06561643,0.011647827,0.31299907,0.057034563
327,C:/Users/TristanKleyn/Downloads/ecotypeClassification/binary/Binaries_20241110/10MIN/WINDOWS_20241110.csv,10:52.1,4.75136,20,Biggs,0.13531666,0.23147017,0.15044278,0.14047098,0.020587014,0.24405186,0.07766059
328,C:/Users/TristanKleyn/Downloads/ecotypeClassification/binary/Binaries_20241110/10MIN/WINDOWS_20241110.csv,10:56.1,3.555328,20,Biggs,0.027360003,0.33536565,0.20218804,0.0352882,0.005757926,0.33993286,0.054107286
329,C:/Users/TristanKleyn/Downloads/ecotypeClassification/binary/Binaries_20241110/10MIN/WINDOWS_20241110.csv,11:00.1,3.776512,20,Biggs,0.068541214,0.30197546,0.1669895,0.08776474,0.012502965,0.27982605,0.08240005
330,C:/Users/TristanKleyn/Downloads/ecotypeClassification/binary/Binaries_20241110/10MIN/WINDOWS_20241110.csv,11:04.1,1.245184,20,Biggs,0.04679069,0.26681435,0.24313337,0.04553028,0.007107002,0.32117343,0.06945088
331,C:/Users/TristanKleyn/Downloads/ecotypeClassification/binary/Binaries_20241110/10MIN/WINDOWS_20241110.csv,11:44.1,2.338816,20,Biggs,0.03360937,0.25181723,0.2064218,0.037808917,0.007591537,0.32987708,0.13287401
332,C:/Users/TristanKleyn/Downloads/ecotypeClassification/binary/Binaries_20241110/10MIN/WINDOWS_20241110.csv,12:00.1,1.368064,20,Biggs,0.03919546,0.2751931,0.22728421,0.04542964,0.005398543,0.3807389,0.02676016
333,C:/Users/TristanKleyn/Downloads/ecotypeClassification/binary/Binaries_20241110/10MIN/WINDOWS_20241110.csv,12:44.1,2.031616,20,Biggs,0.04075964,0.26604515,0.22176747,0.046279058,0.007446352,0.36840624,0.04929608
334,C:/Users/TristanKleyn/Downloads/ecotypeClassification/binary/Binaries_20241110/10MIN/WINDOWS_20241110.csv,12:48.1,2.658304,20,Biggs,0.04527917,0.32396305,0.18890266,0.049120657,0.006434301,0.35434946,0.031950716
335,C:/Users/TristanKleyn/Downloads/ecotypeClassification/binary/Binaries_20241110/10MIN/WINDOWS_20241110.csv,12:52.1,8.4992,20,Biggs,0.076254286,0.22946818,0.2067429,0.087767854,0.020510493,0.20938173,0.16987453
336,C:/Users/TristanKleyn/Downloads/ecotypeClassification/binary/Binaries_20241110/10MIN/WINDOWS_20241110.csv,12:56.1,1.261568,20,Biggs,0.034593068,0.18545873,0.3053671,0.05004955,0.005097676,0.3703807,0.0490532
337,C:/Users/TristanKleyn/Downloads/ecotypeClassification/binary/Binaries_20241110/10MIN/WINDOWS_20241110.csv,13:00.1,7.192576,20,Biggs,0.11253499,0.29773605,0.14501454,0.12187085,0.02652799,0.19139943,0.10491613
338,C:/Users/TristanKleyn/Downloads/ecotypeClassification/binary/Binaries_20241110/10MIN/WINDOWS_20241110.csv,13:04.1,6.443008,20,Biggs,0.08897014,0.26526022,0.19892837,0.08977209,0.016081735,0.23421659,0.106770955
339,C:/Users/TristanKleyn/Downloads/ecotypeClassification/binary/Binaries_20241110/10MIN/WINDOWS_20241110.csv,13:44.1,5.103616,20,Biggs,0.11235713,0.2735914,0.15455548,0.10642521,0.020086188,0.19310805,0.13987646
340,C:/Users/TristanKleyn/Downloads/ecotypeClassification/binary/Binaries_20241110/10MIN/WINDOWS_20241110.csv,13:48.1,6.537216,20,Biggs,0.09217135,0.25476,0.20216343,0.109880626,0.026721956,0.18223159,0.13207103
341,C:/Users/TristanKleyn/Downloads/ecotypeClassification/binary/Binaries_20241110/10MIN/WINDOWS_20241110.csv,13:52.1,8.0896,20,Biggs,0.11541417,0.25868386,0.16919403,0.118712485,0.023637086,0.19880866,0.11554977
342,C:/Users/TristanKleyn/Downloads/ecotypeClassification/binary/Binaries_20241110/10MIN/WINDOWS_20241110.csv,13:56.1,8.183808,20,Biggs,0.07987048,0.26346722,0.21074432,0.08899704,0.01987241,0.20904543,0.12800302
343,C:/Users/TristanKleyn/Downloads/ecotypeClassification/binary/Binaries_20241110/10MIN/WINDOWS_20241110.csv,14:00.1,8.2944,20,Biggs,0.06393404,0.26327047,0.23503341,0.07342504,0.014676654,0.24893491,0.10072551
344,C:/Users/TristanKleyn/Downloads/ecotypeClassification/binary/Binaries_20241110/10MIN/WINDOWS_20241110.csv,14:04.1,7.245824,20,Biggs,0.102908105,0.22099796,0.13066809,0.122178964,0.02751785,0.13972475,0.25600424
345,C:/Users/TristanKleyn/Downloads/ecotypeClassification/binary/Binaries_20241110/10MIN/WINDOWS_20241110.csv,14:08.1,2.90816,20,Biggs,0.03295346,0.34950957,0.16334198,0.047635645,0.008554806,0.2771851,0.120819435
346,C:/Users/TristanKleyn/Downloads/ecotypeClassification/binary/Binaries_20241110/10MIN/WINDOWS_20241110.csv,14:48.1,5.849088,20,Biggs,0.08332186,0.27186564,0.14931157,0.11004749,0.02333345,0.18050435,0.18161567
347,C:/Users/TristanKleyn/Downloads/ecotypeClassification/binary/Binaries_20241110/10MIN/WINDOWS_20241110.csv,14:52.1,7.421952,20,Biggs,0.09080812,0.29751018,0.1703076,0.09932912,0.019788459,0.20146117,0.1207953
348,C:/Users/TristanKleyn/Downloads/ecotypeClassification/binary/Binaries_20241110/10MIN/WINDOWS_20241110.csv,14:56.1,6.0416,20,Biggs,0.067819715,0.2705956,0.14311992,0.106520355,0.018905174,0.17594573,0.21709347
349,C:/Users/TristanKleyn/Downloads/ecotypeClassification/binary/Binaries_20241110/10MIN/WINDOWS_20241110.csv,15:00.1,15.106048,20,Biggs,0.08546125,0.2912947,0.17273584,0.10214461,0.017474607,0.21201418,0.118874826
350,C:/Users/TristanKleyn/Downloads/ecotypeClassification/binary/Binaries_20241110/10MIN/WINDOWS_20241110.csv,15:04.1,5.36576,20,Biggs,0.09930446,0.26907867,0.17949203,0.11419562,0.028284742,0.1686768,0.14096771
351,C:/Users/TristanKleyn/Downloads/ecotypeClassification/binary/Binaries_20241110/10MIN/WINDOWS_20241110.csv,15:08.1,4.620288,20,Biggs,0.08710984,0.31307328,0.17023437,0.09287174,0.018457694,0.23250423,0.08574882
352,C:/Users/TristanKleyn/Downloads/ecotypeClassification/binary/Binaries_20241110/10MIN/WINDOWS_20241110.csv,15:48.1,4.653056,20,Biggs,0.0602289,0.29882622,0.18514758,0.065370604,0.010280889,0.31807363,0.06207219
353,C:/Users/TristanKleyn/Downloads/ecotypeClassification/binary/Binaries_20241110/10MIN/WINDOWS_20241110.csv,15:52.1,6.434816,20,Biggs,0.060380433,0.31249663,0.1683102,0.07092664,0.012516219,0.30118248,0.074187346
354,C:/Users/TristanKleyn/Downloads/ecotypeClassification/binary/Binaries_20241110/10MIN/WINDOWS_20241110.csv,15:56.1,9.388032,20,Biggs,0.06518539,0.25951743,0.18151405,0.0640427,0.017305847,0.19852845,0.21390612
355,C:/Users/TristanKleyn/Downloads/ecotypeClassification/binary/Binaries_20241110/10MIN/WINDOWS_20241110.csv,16:00.1,5.165056,20,Biggs,0.048274413,0.30271208,0.15244192,0.06783544,0.013776743,0.22135393,0.1936055
356,C:/Users/TristanKleyn/Downloads/ecotypeClassification/binary/Binaries_20241112/10MIN/WINDOWS_20241112.csv,20:54.9,2.039808,21,Biggs,0.08869122,0.12505174,0.067633845,0.124633215,0.037467778,0.05793398,0.49858814
357,C:/Users/TristanKleyn/Downloads/ecotypeClassification/binary/Binaries_20241112/10MIN/WINDOWS_20241112.csv,21:02.9,1.257472,21,Biggs,0.051587213,0.17817739,0.16848852,0.0740187,0.023444168,0.11366759,0.39061636
358,C:/Users/TristanKleyn/Downloads/ecotypeClassification/binary/Binaries_20241112/10MIN/WINDOWS_20241112.csv,21:06.9,1.298432,21,Biggs,0.037992872,0.30398118,0.3007267,0.05100027,0.005202486,0.21727596,0.08382048
359,C:/Users/TristanKleyn/Downloads/ecotypeClassification/binary/Binaries_20241112/10MIN/WINDOWS_20241112.csv,21:10.9,3.915776,21,Biggs,0.078049585,0.25186023,0.15181072,0.088598564,0.021490332,0.19569601,0.21249455
360,C:/Users/TristanKleyn/Downloads/ecotypeClassification/binary/Binaries_20241112/10MIN/WINDOWS_20241112.csv,21:14.9,3.678208,21,Biggs,0.060989153,0.22487827,0.21698555,0.079215236,0.01294749,0.22480336,0.18018095
361,C:/Users/TristanKleyn/Downloads/ecotypeClassification/binary/Binaries_20241112/10MIN/WINDOWS_20241112.csv,21:54.9,5.885952,21,Biggs,0.10231197,0.19396305,0.14903252,0.1190263,0.03591306,0.12725599,0.27249712
362,C:/Users/TristanKleyn/Downloads/ecotypeClassification/binary/Binaries_20241112/10MIN/WINDOWS_20241112.csv,21:58.9,6.230016,21,Biggs,0.067998044,0.30757248,0.15546165,0.08913011,0.016370181,0.20439589,0.15907162
363,C:/Users/TristanKleyn/Downloads/ecotypeClassification/binary/Binaries_20241112/10MIN/WINDOWS_20241112.csv,22:02.9,4.620288,21,Biggs,0.070175916,0.33574274,0.16081288,0.075657316,0.01131113,0.24882998,0.09747008
364,C:/Users/TristanKleyn/Downloads/ecotypeClassification/binary/Binaries_20241112/10MIN/WINDOWS_20241112.csv,22:06.9,2.2528,21,Biggs,0.05122663,0.2633043,0.22721545,0.056962382,0.010683996,0.30316204,0.08744513
365,C:/Users/TristanKleyn/Downloads/ecotypeClassification/binary/Binaries_20241112/10MIN/WINDOWS_20241112.csv,22:10.9,7.356416,21,Biggs,0.069671966,0.23440468,0.14492023,0.09603369,0.02083086,0.13845405,0.2956846
366,C:/Users/TristanKleyn/Downloads/ecotypeClassification/binary/Binaries_20241112/10MIN/WINDOWS_20241112.csv,22:14.9,3.780608,21,Biggs,0.043219168,0.26581997,0.19576506,0.05475503,0.010367182,0.24956672,0.18050693
367,C:/Users/TristanKleyn/Downloads/ecotypeClassification/binary/Binaries_20241112/10MIN/WINDOWS_20241112.csv,22:54.9,5.4272,21,Biggs,0.08524511,0.2269843,0.1489804,0.10566134,0.023272412,0.13986334,0.269993
368,C:/Users/TristanKleyn/Downloads/ecotypeClassification/binary/Binaries_20241112/10MIN/WINDOWS_20241112.csv,22:58.9,4.694016,21,Biggs,0.06141243,0.32403752,0.21133412,0.081707366,0.010893199,0.17965835,0.13095702
369,C:/Users/TristanKleyn/Downloads/ecotypeClassification/binary/Binaries_20241112/10MIN/WINDOWS_20241112.csv,23:02.9,5.820416,21,Biggs,0.09213251,0.24978444,0.18056315,0.1036702,0.021416808,0.19647865,0.1559542
370,C:/Users/TristanKleyn/Downloads/ecotypeClassification/binary/Binaries_20241112/10MIN/WINDOWS_20241112.csv,23:06.9,4.182016,21,Biggs,0.05031855,0.30347583,0.21871027,0.059336662,0.010559999,0.2972067,0.06039207
371,C:/Users/TristanKleyn/Downloads/ecotypeClassification/binary/Binaries_20241112/10MIN/WINDOWS_20241112.csv,23:10.9,6.930432,21,Biggs,0.07314367,0.24610211,0.18341893,0.10894059,0.027963353,0.186178,0.17425337
372,C:/Users/TristanKleyn/Downloads/ecotypeClassification/binary/Binaries_20241112/10MIN/WINDOWS_20241112.csv,23:14.9,6.385664,21,Biggs,0.062499784,0.29006016,0.18663728,0.07327331,0.016981287,0.25991932,0.11062889
373,C:/Users/TristanKleyn/Downloads/ecotypeClassification/binary/Binaries_20241112/10MIN/WINDOWS_20241112.csv,23:18.9,1.646592,21,Biggs,0.026526803,0.34047475,0.20275916,0.04103705,0.004406156,0.3122264,0.07256964
374,C:/Users/TristanKleyn/Downloads/ecotypeClassification/binary/Binaries_20241112/10MIN/WINDOWS_20241112.csv,23:54.9,2.039808,21,Biggs,0.048116263,0.26127195,0.21193443,0.06789702,0.012884197,0.2282082,0.16968799
375,C:/Users/TristanKleyn/Downloads/ecotypeClassification/binary/Binaries_20241112/10MIN/WINDOWS_20241112.csv,23:58.9,7.647232,21,Biggs,0.04743634,0.32081303,0.20584044,0.046116795,0.007999481,0.33337033,0.038423594
376,C:/Users/TristanKleyn/Downloads/ecotypeClassification/binary/Binaries_20241112/10MIN/WINDOWS_20241112.csv,24:02.9,6.815744,21,Biggs,0.062873274,0.27310607,0.19256574,0.067956045,0.018211996,0.24782072,0.1374662
377,C:/Users/TristanKleyn/Downloads/ecotypeClassification/binary/Binaries_20241112/10MIN/WINDOWS_20241112.csv,24:06.9,2.625536,21,Biggs,0.07168883,0.25511378,0.2156369,0.0937607,0.01624829,0.26927435,0.078277126
378,C:/Users/TristanKleyn/Downloads/ecotypeClassification/binary/Binaries_20241112/10MIN/WINDOWS_20241112.csv,24:10.9,8.88832,21,Biggs,0.06747538,0.28354833,0.19022231,0.0687626,0.014038418,0.29455918,0.08139383
379,C:/Users/TristanKleyn/Downloads/ecotypeClassification/binary/Binaries_20241112/10MIN/WINDOWS_20241112.csv,24:14.9,2.584576,21,Biggs,0.06509793,0.21848395,0.17122877,0.082287,0.029158076,0.19913039,0.23461393
380,C:/Users/TristanKleyn/Downloads/ecotypeClassification/binary/Binaries_20241112/10MIN/WINDOWS_20241112.csv,24:58.9,7.643136,21,Biggs,0.06866164,0.25382397,0.19480307,0.084327504,0.016921515,0.2138547,0.1676076
381,C:/Users/TristanKleyn/Downloads/ecotypeClassification/binary/Binaries_20241112/10MIN/WINDOWS_20241112.csv,25:02.9,5.300224,21,Biggs,0.13685727,0.19846846,0.15696257,0.1469297,0.033162806,0.13120255,0.1964166
382,C:/Users/TristanKleyn/Downloads/ecotypeClassification/binary/Binaries_20241112/10MIN/WINDOWS_20241112.csv,25:06.9,7.032832,21,Biggs,0.117637135,0.27647522,0.13812731,0.14383891,0.027602542,0.18386117,0.112457685
383,C:/Users/TristanKleyn/Downloads/ecotypeClassification/binary/Binaries_20241112/10MIN/WINDOWS_20241112.csv,25:10.9,7.33184,21,Biggs,0.10024912,0.2691066,0.16229007,0.112823024,0.021447418,0.2029434,0.13114046
384,C:/Users/TristanKleyn/Downloads/ecotypeClassification/binary/Binaries_20241112/10MIN/WINDOWS_20241112.csv,25:14.9,5.615616,21,Biggs,0.107912906,0.2100666,0.1592101,0.13719471,0.026215265,0.15476325,0.2046372
385,C:/Users/TristanKleyn/Downloads/ecotypeClassification/binary/Binaries_20241112/10MIN/WINDOWS_20241112.csv,25:18.9,3.72736,21,Biggs,0.1030028,0.30097353,0.17842148,0.09634799,0.015886582,0.23098485,0.07438273
386,C:/Users/TristanKleyn/Downloads/ecotypeClassification/binary/Binaries_20241112/10MIN/WINDOWS_20241112.csv,25:58.9,3.735552,21,Biggs,0.07938573,0.29422206,0.15819338,0.10819224,0.029451469,0.20637067,0.12418449
387,C:/Users/TristanKleyn/Downloads/ecotypeClassification/binary/Binaries_20241112/10MIN/WINDOWS_20241112.csv,26:02.9,1.691648,21,Biggs,0.009192584,0.16486499,0.3765503,0.021265136,0.000960866,0.38655332,0.040612906
388,C:/Users/TristanKleyn/Downloads/ecotypeClassification/binary/Binaries_20241112/10MIN/WINDOWS_20241112.csv,26:06.9,3.641344,21,Biggs,0.07043233,0.25757542,0.20605081,0.102069095,0.012628435,0.29193765,0.05930626
389,C:/Users/TristanKleyn/Downloads/ecotypeClassification/binary/Binaries_20241112/10MIN/WINDOWS_20241112.csv,26:10.9,1.2288,21,Biggs,0.045696627,0.17787188,0.24971578,0.058962636,0.003901307,0.4404271,0.023424624
390,C:/Users/TristanKleyn/Downloads/ecotypeClassification/binary/Binaries_20241112/10MIN/WINDOWS_20241112.csv,26:14.9,2.154496,21,Biggs,0.052956842,0.32973123,0.09673577,0.057362627,0.005966386,0.43022743,0.027019707
391,C:/Users/TristanKleyn/Downloads/ecotypeClassification/binary/Binaries_20241112/10MIN/WINDOWS_20241112.csv,27:02.9,1.040384,21,Biggs,0.039687146,0.30968645,0.113703124,0.04698108,0.004191083,0.47344866,0.012302445
392,C:/Users/TristanKleyn/Downloads/ecotypeClassification/binary/Binaries_20241112/10MIN/WINDOWS_20241112.csv,28:06.9,1.011712,21,Biggs,0.24238771,0.23993884,0.1016658,0.1801924,0.024897398,0.08295067,0.1279673
393,C:/Users/TristanKleyn/Downloads/ecotypeClassification/binary/Binaries_20241112/10MIN/WINDOWS_20241112.csv,28:18.9,1.61792,21,Biggs,0.057466127,0.32915178,0.21267803,0.057149142,0.010007353,0.24078439,0.092763215
394,C:/Users/TristanKleyn/Downloads/ecotypeClassification/binary/Binaries_20241112/10MIN/WINDOWS_20241112.csv,28:22.9,1.851392,21,Biggs,0.04567445,0.27520156,0.19183192,0.04819485,0.005672864,0.4065831,0.026841285
395,C:/Users/TristanKleyn/Downloads/ecotypeClassification/binary/Binaries_20241112/10MIN/WINDOWS_20241112.csv,29:02.9,1.777664,21,Biggs,0.07760013,0.2813874,0.14846337,0.13276428,0.017950553,0.18481757,0.1570168
396,C:/Users/TristanKleyn/Downloads/ecotypeClassification/binary/Binaries_20241112/10MIN/WINDOWS_20241112.csv,29:06.9,5.38624,21,Biggs,0.098260485,0.21198438,0.16844007,0.12544829,0.021250058,0.115507066,0.25910968
397,C:/Users/TristanKleyn/Downloads/ecotypeClassification/binary/Binaries_20241112/10MIN/WINDOWS_20241112.csv,29:10.9,7.74144,21,Biggs,0.04830079,0.24281207,0.24250993,0.08848119,0.011016185,0.19832556,0.16855429
398,C:/Users/TristanKleyn/Downloads/ecotypeClassification/binary/Binaries_20241112/10MIN/WINDOWS_20241112.csv,29:14.9,6.197248,21,Biggs,0.0480947,0.26794133,0.24989969,0.06883803,0.010767225,0.24018387,0.11427514
399,C:/Users/TristanKleyn/Downloads/ecotypeClassification/binary/Binaries_20241112/10MIN/WINDOWS_20241112.csv,29:18.9,13.459456,21,Biggs,0.054542057,0.26448622,0.2607531,0.069666654,0.010922389,0.24484485,0.09478477
400,C:/Users/TristanKleyn/Downloads/ecotypeClassification/binary/Binaries_20241112/10MIN/WINDOWS_20241112.csv,29:22.9,5.369856,21,Biggs,0.0893912,0.26081836,0.20201916,0.100893974,0.017447446,0.18715565,0.14227432
401,C:/Users/TristanKleyn/Downloads/ecotypeClassification/binary/Binaries_20241112/10MIN/WINDOWS_20241112.csv,30:02.9,9.9328,21,Biggs,0.07286176,0.2790038,0.21496022,0.0934654,0.015909016,0.21965279,0.10414696
402,C:/Users/TristanKleyn/Downloads/ecotypeClassification/binary/Binaries_20241112/10MIN/WINDOWS_20241112.csv,30:06.9,9.711616,21,Biggs,0.06389898,0.30532238,0.2001213,0.078693695,0.013989854,0.24969976,0.08827404
403,C:/Users/TristanKleyn/Downloads/ecotypeClassification/binary/Binaries_20241112/10MIN/WINDOWS_20241112.csv,30:10.9,15.945728,21,Biggs,0.08212711,0.2696793,0.21225198,0.09299203,0.017012786,0.24407214,0.08186473
404,C:/Users/TristanKleyn/Downloads/ecotypeClassification/binary/Binaries_20241112/10MIN/WINDOWS_20241112.csv,30:14.9,7.057408,21,Biggs,0.056114674,0.27951363,0.22900727,0.06968591,0.011621805,0.26044592,0.0936108
405,C:/Users/TristanKleyn/Downloads/ecotypeClassification/binary/Binaries_20241112/10MIN/WINDOWS_20241112.csv,30:18.9,8.204288,21,Biggs,0.07903095,0.28740707,0.17133798,0.103119254,0.016589966,0.20311421,0.1394006
406,C:/Users/TristanKleyn/Downloads/ecotypeClassification/binary/Binaries_20241112/10MIN/WINDOWS_20241112.csv,30:22.9,1.691648,21,Biggs,0.10946938,0.22123617,0.12263822,0.10157623,0.03281891,0.14104572,0.27121538
407,C:/Users/TristanKleyn/Downloads/ecotypeClassification/binary/Binaries_20251204/10MIN/WINDOWS_20251204.csv,03:08.1,1.019904,22,Humpback,0.021875048,0.24043818,0.22643037,0.025344877,0.001772777,0.47654954,0.007589252
408,C:/Users/TristanKleyn/Downloads/ecotypeClassification/binary/Binaries_20251204/10MIN/WINDOWS_20251204.csv,51:08.1,1.032192,23,None,0.028333846,0.3245986,0.1406861,0.038523752,0.002589319,0.4518868,0.013381528
409,C:/Users/TristanKleyn/Downloads/ecotypeClassification/binary/Binaries_20251205/10MIN/WINDOWS_20251205.csv,20:00.1,4.435968,24,None,0.04808334,0.3092124,0.15596515,0.07476178,0.009983189,0.34832513,0.05366904
410,C:/Users/TristanKleyn/Downloads/ecotypeClassification/binary/Binaries_20251205/10MIN/WINDOWS_20251205.csv,20:04.1,3.776512,24,None,0.055813093,0.31218135,0.1886915,0.07111521,0.012079082,0.2594164,0.100703344
411,C:/Users/TristanKleyn/Downloads/ecotypeClassification/binary/Binaries_20251205/10MIN/WINDOWS_20251205.csv,20:08.1,6.782976,24,None,0.080305055,0.29827303,0.17918244,0.09039557,0.017679382,0.24876226,0.08540219
412,C:/Users/TristanKleyn/Downloads/ecotypeClassification/binary/Binaries_20251205/10MIN/WINDOWS_20251205.csv,20:12.1,4.169728,24,None,0.07218771,0.2879227,0.19783477,0.07840515,0.015640602,0.24103141,0.10697761
413,C:/Users/TristanKleyn/Downloads/ecotypeClassification/binary/Binaries_20251205/10MIN/WINDOWS_20251205.csv,20:16.1,3.60448,24,None,0.096706346,0.2844097,0.14809644,0.09825564,0.024748655,0.17339665,0.17438662
414,C:/Users/TristanKleyn/Downloads/ecotypeClassification/binary/Binaries_20251205/10MIN/WINDOWS_20251205.csv,20:20.1,2.965504,24,None,0.028700208,0.3377255,0.17375343,0.062336728,0.006754819,0.3219799,0.068749405
415,C:/Users/TristanKleyn/Downloads/ecotypeClassification/binary/Binaries_20251205/10MIN/WINDOWS_20251205.csv,21:00.1,3.776512,24,None,0.044232998,0.29601622,0.19339553,0.10524683,0.019285329,0.15287343,0.18894975
416,C:/Users/TristanKleyn/Downloads/ecotypeClassification/binary/Binaries_20251205/10MIN/WINDOWS_20251205.csv,21:04.1,4.268032,24,None,0.11119212,0.28809443,0.15325932,0.12175356,0.019888772,0.21644686,0.08936494
417,C:/Users/TristanKleyn/Downloads/ecotypeClassification/binary/Binaries_20251205/10MIN/WINDOWS_20251205.csv,21:08.1,3.21536,24,None,0.04337703,0.32894942,0.13816845,0.05342875,0.004017871,0.4128838,0.01917467
418,C:/Users/TristanKleyn/Downloads/ecotypeClassification/binary/Binaries_20251205/10MIN/WINDOWS_20251205.csv,21:12.1,3.272704,24,None,0.08282617,0.31327555,0.15376271,0.08309263,0.010755106,0.313949,0.042338803
419,C:/Users/TristanKleyn/Downloads/ecotypeClassification/binary/Binaries_20251205/10MIN/WINDOWS_20251205.csv,21:16.1,4.141056,24,None,0.09694021,0.22635047,0.15964451,0.12226786,0.051275276,0.17061247,0.17290914
420,C:/Users/TristanKleyn/Downloads/ecotypeClassification/binary/Binaries_20251205/10MIN/WINDOWS_20251205.csv,21:20.1,2.19136,24,None,0.0751236,0.26871422,0.20204413,0.0983126,0.014671422,0.28178456,0.059349447
421,C:/Users/TristanKleyn/Downloads/ecotypeClassification/binary/Binaries_20251205/10MIN/WINDOWS_20251205.csv,22:00.1,3.059712,24,None,0.04186705,0.2909534,0.21618873,0.06628166,0.010917656,0.29909262,0.07469881
422,C:/Users/TristanKleyn/Downloads/ecotypeClassification/binary/Binaries_20251205/10MIN/WINDOWS_20251205.csv,22:04.1,2.002944,24,None,0.048573915,0.33422107,0.1662401,0.06952479,0.00558877,0.3241777,0.051673587
423,C:/Users/TristanKleyn/Downloads/ecotypeClassification/binary/Binaries_20251205/10MIN/WINDOWS_20251205.csv,22:08.1,1.277952,24,None,0.19363552,0.2260434,0.16925798,0.14190443,0.025917478,0.15457493,0.08866628
424,C:/Users/TristanKleyn/Downloads/ecotypeClassification/binary/Binaries_20251205/10MIN/WINDOWS_20251205.csv,22:12.1,1.380352,24,None,0.051603433,0.32241228,0.16316423,0.055844635,0.007017368,0.3748575,0.025100656
425,C:/Users/TristanKleyn/Downloads/ecotypeClassification/binary/Binaries_20251205/10MIN/WINDOWS_20251205.csv,22:16.1,3.022848,24,None,0.07025381,0.26557058,0.18798,0.07826697,0.007788487,0.35225844,0.037881687
426,C:/Users/TristanKleyn/Downloads/ecotypeClassification/binary/Binaries_20251205/10MIN/WINDOWS_20251205.csv,22:20.1,1.536,24,None,0.09928336,0.22810678,0.19876373,0.14650036,0.027644059,0.19602996,0.10367173
427,C:/Users/TristanKleyn/Downloads/ecotypeClassification/binary/Binaries_20251205/10MIN/WINDOWS_20251205.csv,23:00.1,1.445888,24,None,0.052322317,0.3194292,0.13683762,0.050056756,0.004907585,0.4236348,0.012811764
428,C:/Users/TristanKleyn/Downloads/ecotypeClassification/binary/Binaries_20251205/10MIN/WINDOWS_20251205.csv,23:04.1,1.773568,24,None,0.0282642,0.31840548,0.18107401,0.042647716,0.003380006,0.38220528,0.044023223
429,C:/Users/TristanKleyn/Downloads/ecotypeClassification/binary/Binaries_20251205/10MIN/WINDOWS_20251205.csv,23:08.1,3.477504,24,None,0.13292757,0.21513772,0.15268153,0.1571388,0.02345693,0.15907939,0.15957803
430,C:/Users/TristanKleyn/Downloads/ecotypeClassification/binary/Binaries_20251205/10MIN/WINDOWS_20251205.csv,23:12.1,2.842624,24,None,0.07227052,0.30397353,0.18637145,0.09043895,0.012499176,0.26079452,0.07365177
431,C:/Users/TristanKleyn/Downloads/ecotypeClassification/binary/Binaries_20251205/10MIN/WINDOWS_20251205.csv,23:16.1,1.355776,24,None,0.04337809,0.21602103,0.22801101,0.055430476,0.006198237,0.3732225,0.07773861
432,C:/Users/TristanKleyn/Downloads/ecotypeClassification/binary/Binaries_20251205/10MIN/WINDOWS_20251205.csv,23:20.1,3.362816,24,None,0.08620768,0.29921997,0.15530135,0.081080824,0.01109537,0.2880327,0.07906209
433,C:/Users/TristanKleyn/Downloads/ecotypeClassification/binary/Binaries_20251205/10MIN/WINDOWS_20251205.csv,24:04.1,2.449408,24,None,0.06648119,0.2843852,0.17455599,0.078643814,0.011190659,0.25818133,0.12656176
434,C:/Users/TristanKleyn/Downloads/ecotypeClassification/binary/Binaries_20251205/10MIN/WINDOWS_20251205.csv,24:08.1,2.113536,24,None,0.040065542,0.3039366,0.18619019,0.05533505,0.005456421,0.37093544,0.038080726
435,C:/Users/TristanKleyn/Downloads/ecotypeClassification/binary/Binaries_20251205/10MIN/WINDOWS_20251205.csv,24:16.1,1.994752,24,None,0.04671285,0.3075028,0.15791276,0.10176134,0.009193692,0.23045097,0.1464655
436,C:/Users/TristanKleyn/Downloads/ecotypeClassification/binary/Binaries_20251205/10MIN/WINDOWS_20251205.csv,25:00.1,1.7408,24,None,0.09164537,0.22129811,0.13913384,0.13127108,0.027829077,0.1690681,0.21975441
437,C:/Users/TristanKleyn/Downloads/ecotypeClassification/binary/Binaries_20251205/10MIN/WINDOWS_20251205.csv,25:04.1,2.06848,24,None,0.13386206,0.19025455,0.14616135,0.15023752,0.039349843,0.10759908,0.23253554
438,C:/Users/TristanKleyn/Downloads/ecotypeClassification/binary/Binaries_20251205/10MIN/WINDOWS_20251205.csv,25:08.1,3.72736,24,None,0.042567816,0.26989144,0.21239734,0.06701379,0.009241208,0.21195386,0.18693452
439,C:/Users/TristanKleyn/Downloads/ecotypeClassification/binary/Binaries_20251205/10MIN/WINDOWS_20251205.csv,25:12.1,1.732608,24,None,0.054261953,0.3410802,0.16866401,0.07063186,0.006268508,0.31300533,0.046088163
440,C:/Users/TristanKleyn/Downloads/ecotypeClassification/binary/Binaries_20251205/10MIN/WINDOWS_20251205.csv,26:00.1,1.093632,24,None,0.039670706,0.23459922,0.29906765,0.034616522,0.011649938,0.20350865,0.17688733
441,C:/Users/TristanKleyn/Downloads/ecotypeClassification/binary/Binaries_20251205/10MIN/WINDOWS_20251205.csv,27:00.1,1.171456,24,None,0.006216641,0.26705885,0.25815883,0.017072564,0.000827961,0.35676843,0.09389679
442,C:/Users/TristanKleyn/Downloads/ecotypeClassification/binary/Binaries_20251205/10MIN/WINDOWS_20251205.csv,27:08.1,1.912832,24,None,0.06404177,0.26995778,0.14183463,0.076866485,0.004197295,0.42287484,0.020227188
443,C:/Users/TristanKleyn/Downloads/ecotypeClassification/binary/Binaries_20251205/10MIN/WINDOWS_20251205.csv,27:16.1,1.630208,24,None,0.035333827,0.32157296,0.16109025,0.03878802,0.004473685,0.4196058,0.019135429
444,C:/Users/TristanKleyn/Downloads/ecotypeClassification/binary/Binaries_20251205/10MIN/WINDOWS_20251205.csv,28:12.1,3.432448,24,None,0.101317786,0.29778096,0.16093613,0.10249705,0.012226794,0.28443056,0.04081066
445,C:/Users/TristanKleyn/Downloads/ecotypeClassification/binary/Binaries_20251205/10MIN/WINDOWS_20251205.csv,28:16.1,2.51904,24,None,0.031633724,0.33661324,0.1998329,0.038798764,0.004099289,0.37205714,0.016964963
446,C:/Users/TristanKleyn/Downloads/ecotypeClassification/binary/Binaries_20251205/10MIN/WINDOWS_20251205.csv,29:00.1,3.584,24,None,0.11768609,0.27808446,0.194264,0.109054714,0.023526296,0.21884438,0.05854003
447,C:/Users/TristanKleyn/Downloads/ecotypeClassification/binary/Binaries_20251205/10MIN/WINDOWS_20251205.csv,29:04.1,1.14688,24,None,0.059920933,0.2746856,0.20230423,0.08206178,0.00799916,0.3244541,0.048574287
448,C:/Users/TristanKleyn/Downloads/ecotypeClassification/binary/Binaries_20251205/10MIN/WINDOWS_20251205.csv,29:08.1,1.61792,24,None,0.10457521,0.28969252,0.1595488,0.16057605,0.018139215,0.16208881,0.10537939
449,C:/Users/TristanKleyn/Downloads/ecotypeClassification/binary/Binaries_20251205/10MIN/WINDOWS_20251205.csv,32:16.1,1.00352,24,None,0.019906001,0.29953817,0.16814703,0.03390844,0.001856812,0.44167036,0.034973253
450,C:/Users/TristanKleyn/Downloads/ecotypeClassification/binary/Binaries_20251205/10MIN/WINDOWS_20251205.csv,35:12.1,3.325952,24,None,0.13919604,0.22461155,0.14589615,0.15592982,0.05798863,0.089165814,0.18721196
451,C:/Users/TristanKleyn/Downloads/ecotypeClassification/binary/Binaries_20251205/10MIN/WINDOWS_20251205.csv,36:00.1,1.028096,24,None,0.10326901,0.15758151,0.17218019,0.19446322,0.036908906,0.088070065,0.2475271
452,C:/Users/TristanKleyn/Downloads/ecotypeClassification/binary/Binaries_20251205/10MIN/WINDOWS_20251205.csv,37:12.1,1.724416,24,None,0.15439363,0.24583301,0.16225018,0.16116185,0.029463451,0.1343605,0.112537354
453,C:/Users/TristanKleyn/Downloads/ecotypeClassification/binary/Binaries_20251205/10MIN/WINDOWS_20251205.csv,38:04.1,2.248704,24,None,0.16277073,0.16830695,0.11792266,0.19172044,0.09678557,0.07652843,0.1859653
454,C:/Users/TristanKleyn/Downloads/ecotypeClassification/binary/Binaries_20251205/10MIN/WINDOWS_20251205.csv,39:00.1,1.114112,24,None,0.11329888,0.25461465,0.1511355,0.20194149,0.04143987,0.11604863,0.12152095
455,C:/Users/TristanKleyn/Downloads/ecotypeClassification/binary/Binaries_20251205/10MIN/WINDOWS_20251205.csv,39:20.1,1.155072,24,None,0.13261054,0.25975102,0.102658994,0.22775877,0.0497642,0.08036614,0.14709029
456,C:/Users/TristanKleyn/Downloads/ecotypeClassification/binary/Binaries_20251205/10MIN/WINDOWS_20251205.csv,41:04.1,1.499136,24,None,0.16788267,0.17804205,0.12573008,0.16531618,0.05510988,0.08385004,0.22406912
457,C:/Users/TristanKleyn/Downloads/ecotypeClassification/binary/Binaries_20251205/10MIN/WINDOWS_20251205.csv,46:12.1,1.581056,24,None,0.10211765,0.20949422,0.1275653,0.18323484,0.080344,0.056937724,0.24030635
458,C:/Users/TristanKleyn/Downloads/ecotypeClassification/binary/Binaries_20251205/10MIN/WINDOWS_20251205.csv,48:08.1,1.14688,24,None,0.040771976,0.31521586,0.09530873,0.04887824,0.006792304,0.46108383,0.031949077
459,C:/Users/TristanKleyn/Downloads/ecotypeClassification/binary/Binaries_20251205/10MIN/WINDOWS_20251205.csv,51:00.1,1.564672,24,None,0.12315517,0.17505856,0.151827,0.1947642,0.035469655,0.06516029,0.25456512
460,C:/Users/TristanKleyn/Downloads/ecotypeClassification/binary/Binaries_20251205/10MIN/WINDOWS_20251205.csv,54:08.1,1.335296,24,None,0.056535855,0.34176737,0.11790666,0.096763164,0.008768359,0.27151954,0.106739074
