id,species,enc_id,rec_id,X1,X2,X3,X4,X5,X6,X7,X8,X9,X10,X11,X12,X13,X14,X15,X16,X17,X18,X19,X20,X21,X22,X23,X24,X25,X26,X27,X28,X29,X30,X31,X32,X33,X34,X35,X36,X37,X38,X39,X40,X41,X42,X43,X44,X45,X46,X47,X48,X49,X50,X51,X52,X53,X54,X55,X56,X57,X58,X59,X60,X61,X62,X63,X64,X65,X66,X67,X68,X69,X70,X71,X72,X73,X74,X75,X76,X77,X78,X79,X80,X81,X82,X83,X84,X85,X86,X87,X88,X89,X90
1,BP,105,2009-06-25a.WAV,0.035805627,0.015345269,0,0,0,0,0,0,0,0,0,0,0,0,0.063938619,0.010230179,0,0,0,0.012787724,0.035805627,0.012787724,0.025575448,0.035805627,0.023017903,0.002557545,0.043478261,0.023017903,0,0,0,0,0,0,0.002557545,0.007672634,0.038363171,0.007672634,0.015345269,0.025575448,0.017902813,0.033248082,0,0,0,0.012787724,0.007672634,0,0,0.015345269,0.020460358,0.056265985,0.035805627,0.010230179,0.002557545,0.025575448,0.007672634,0.023017903,0.020460358,0,0,0,0.002557545,0,0.00511509,0.007672634,0.002557545,0.020460358,0.015345269,0.012787724,0.015345269,0.038363171,0.05370844,0.012787724,0.00511509,0.010230179,0.017902813,0.002557545,0,0,0.002557545,0,0.028132992,0.020460358,0,0,0,0,0,0
2,BP,17,MF20070721_060750.wav,0,0,0,0.028205128,0.012820513,0,0.005128205,0.012820513,0.025641026,0.005128205,0.007692308,0.005128205,0.030769231,0.012820513,0.01025641,0.012820513,0.015384615,0.030769231,0.01025641,0.015384615,0.012820513,0.020512821,0.028205128,0.005128205,0.002564103,0.012820513,0.023076923,0.012820513,0.01025641,0.01025641,0.017948718,0.017948718,0.012820513,0.015384615,0.012820513,0.020512821,0.005128205,0.01025641,0.002564103,0.007692308,0.020512821,0.020512821,0.012820513,0.005128205,0.007692308,0.017948718,0.012820513,0.01025641,0.01025641,0.017948718,0.007692308,0.007692308,0.01025641,0.015384615,0.017948718,0.007692308,0.005128205,0.005128205,0.015384615,0.007692308,0.007692308,0.01025641,0.01025641,0.017948718,0.01025641,0.015384615,0.007692308,0.015384615,0.025641026,0.012820513,0.002564103,0.007692308,0.017948718,0.007692308,0.01025641,0.007692308,0.017948718,0.020512821,0.005128205,0.01025641,0.002564103,0.012820513,0.005128205,0,0,0,0,0,0,0
3,BP,105,2009-06-25a.WAV,0,0,0,0,0,0.002583979,0.007751938,0.018087855,0.059431525,0.062015504,0.056847545,0,0.062015504,0.033591731,0.131782946,0.204134367,0.072351421,0.012919897,0.007751938,0.010335917,0.012919897,0.031007752,0.025839793,0,0.012919897,0.031007752,0.010335917,0,0,0.010335917,0.023255814,0.028423773,0.015503876,0,0,0,0.036175711,0.012919897,0.007751938,0,0,0,0,0,0,0,0,0,0,0,0,0,0,0,0,0,0,0,0,0,0,0,0,0,0,0,0,0,0,0,0,0,0,0,0,0,0,0,0,0,0,0,0,0,0,0,0,0,0,0
4,BP,65,19950809_03_INV_Track1.wav,0,0,0,0,0,0,0,0,0,0,0,0.001257862,0.037735849,0,0,0,0,0.013836478,0.017610063,0,0.020125786,0.016352201,0,0,0,0.003773585,0.021383648,0.017610063,0.006289308,0.025157233,0.010062893,0.013836478,0.01509434,0.010062893,0.013836478,0.020125786,0.005031447,0.01509434,0.018867925,0.003773585,0.017610063,0.012578616,0.011320755,0.013836478,0.013836478,0.010062893,0.01509434,0.013836478,0.01509434,0.008805031,0.013836478,0.01509434,0.010062893,0.016352201,0.017610063,0.01509434,0.012578616,0.016352201,0.013836478,0.011320755,0.010062893,0.017610063,0.01509434,0.008805031,0.016352201,0.01509434,0.00754717,0.013836478,0.018867925,0.01509434,0.017610063,0.011320755,0.013836478,0.020125786,0.008805031,0.00754717,0.021383648,0.011320755,0.013836478,0.016352201,0.016352201,0.022641509,0.012578616,0.010062893,0.020125786,0.011320755,0.00754717,0.026415094,0.006289308,0.005031447
5,BP,67,19950719_01_INV_Track1.wav,0,0,0,0,0,0,0,0,0,0,0,0.001257862,0.037735849,0,0,0,0,0.013836478,0.017610063,0,0.020125786,0.016352201,0,0,0,0.003773585,0.021383648,0.017610063,0.006289308,0.025157233,0.010062893,0.013836478,0.01509434,0.010062893,0.013836478,0.020125786,0.005031447,0.01509434,0.018867925,0.003773585,0.017610063,0.012578616,0.011320755,0.013836478,0.013836478,0.010062893,0.01509434,0.013836478,0.01509434,0.008805031,0.013836478,0.01509434,0.010062893,0.016352201,0.017610063,0.01509434,0.012578616,0.016352201,0.013836478,0.011320755,0.010062893,0.017610063,0.01509434,0.008805031,0.016352201,0.01509434,0.00754717,0.013836478,0.018867925,0.01509434,0.017610063,0.011320755,0.013836478,0.020125786,0.008805031,0.00754717,0.021383648,0.011320755,0.013836478,0.016352201,0.016352201,0.022641509,0.012578616,0.010062893,0.020125786,0.011320755,0.00754717,0.026415094,0.006289308,0.005031447
6,BP,626,140611_0930_1.wav,0,0,0,0,0,0,0,0,0,0,0,0,0,0,0,0,0,0,0,0,0.01,0.0075,0.0075,0.0225,0.02,0.0275,0.025,0.025,0.015,0.03,0.02,0.04,0.03,0.0175,0.0175,0.0225,0.0225,0.0225,0.02,0.015,0.005,0,0.01,0.01,0.0125,0.005,0.02,0.005,0.02,0.0075,0.0175,0.02,0.015,0.0275,0.02,0.015,0.015,0.06,0.0375,0.015,0.01,0.01,0.01,0.01,0.0125,0.0025,0.01,0.0075,0.0075,0.0075,0.01,0.0025,0.015,0.005,0.01,0.0075,0.01,0.0025,0.0025,0.0075,0.0075,0.0125,0.0125,0.0025,0.01,0.005,0.005,0.005,0.0075,0.0175
7,BP,258,PAM_20160728_133919_519.wav,0.055445545,0.041584158,0.037623762,0.051485149,0.035643564,0.043564356,0.031683168,0.033663366,0.047524752,0.023762376,0.035643564,0.033663366,0.033663366,0.02970297,0.037623762,0.043564356,0.021782178,0.033663366,0.033663366,0.033663366,0.025742574,0.02970297,0.041584158,0.021782178,0.031683168,0.017821782,0.031683168,0.01980198,0.007920792,0.00990099,0.00990099,0.013861386,0,0,0,0,0,0,0,0,0,0,0,0,0,0,0,0,0,0,0,0,0,0,0,0,0,0,0,0,0,0,0,0,0,0,0,0,0,0,0,0,0,0,0,0,0,0,0,0,0,0,0,0,0,0,0,0,0,0
8,BP,107,2009-06-28a.wav,0,0.002557545,0,0.002557545,0.00511509,0.092071611,0.071611253,0,0,0,0.002557545,0.002557545,0,0.002557545,0,0,0.002557545,0,0,0.002557545,0.038363171,0.051150895,0.025575448,0.056265985,0,0,0,0,0,0,0,0,0,0,0,0.015345269,0.033248082,0.033248082,0.015345269,0.017902813,0.017902813,0.002557545,0.038363171,0.023017903,0.015345269,0.017902813,0.025575448,0,0,0,0,0.035805627,0.025575448,0.025575448,0.007672634,0.015345269,0.012787724,0.023017903,0,0,0,0,0,0,0,0.002557545,0.015345269,0.025575448,0.028132992,0.017902813,0.007672634,0.010230179,0.015345269,0.020460358,0.023017903,0,0,0,0,0,0,0.017902813,0.023017903,0.020460358,0.002557545,0.002557545,0.00511509,0.002557545,0,0
9,BP,109,2009-07-01a.wav,0,0.002557545,0,0.002557545,0.00511509,0.092071611,0.071611253,0,0,0,0.002557545,0.002557545,0,0.002557545,0,0,0.002557545,0,0,0.002557545,0.038363171,0.051150895,0.025575448,0.056265985,0,0,0,0,0,0,0,0,0,0,0,0.015345269,0.033248082,0.033248082,0.015345269,0.017902813,0.017902813,0.002557545,0.038363171,0.023017903,0.015345269,0.017902813,0.025575448,0,0,0,0,0.035805627,0.025575448,0.025575448,0.007672634,0.015345269,0.012787724,0.023017903,0,0,0,0,0,0,0,0.002557545,0.015345269,0.025575448,0.028132992,0.017902813,0.007672634,0.010230179,0.015345269,0.020460358,0.023017903,0,0,0,0,0,0,0.017902813,0.023017903,0.020460358,0.002557545,0.002557545,0.00511509,0.002557545,0,0
10,BP,109,2009-07-01a.wav,0.017948718,0.082051282,0.043589744,0.033333333,0.028205128,0.033333333,0.012820513,0.012820513,0.012820513,0,0,0,0,0,0,0,0,0,0.002564103,0.007692308,0.01025641,0.020512821,0.033333333,0.030769231,0.015384615,0.007692308,0.012820513,0.020512821,0.012820513,0.017948718,0.012820513,0.023076923,0.007692308,0.007692308,0.007692308,0.020512821,0.015384615,0.015384615,0.023076923,0.017948718,0.01025641,0.01025641,0.015384615,0.015384615,0.005128205,0.015384615,0.017948718,0.005128205,0.01025641,0.01025641,0.012820513,0.012820513,0.007692308,0.01025641,0.007692308,0.007692308,0.017948718,0.017948718,0.01025641,0.017948718,0.020512821,0.017948718,0.005128205,0.007692308,0.012820513,0.005128205,0.007692308,0.007692308,0.012820513,0.012820513,0.002564103,0.005128205,0,0.012820513,0.002564103,0.002564103,0.002564103,0.002564103,0,0,0,0,0,0,0,0,0,0,0,0
11,BP,107,2009-06-28a.wav,0.047244094,0.104986877,0.007874016,0,0.005249344,0.078740157,0.036745407,0.002624672,0,0,0,0.026246719,0.007874016,0.05511811,0.041994751,0.018372703,0.005249344,0.007874016,0.005249344,0.002624672,0.065616798,0.044619423,0.018372703,0.049868766,0.049868766,0.031496063,0.005249344,0.010498688,0.010498688,0.039370079,0.015748031,0.018372703,0.002624672,0,0,0,0.002624672,0.026246719,0.01312336,0.018372703,0,0,0,0,0,0,0,0,0,0,0,0,0.010498688,0.018372703,0.01312336,0.01312336,0.002624672,0,0,0,0.015748031,0.020997375,0.005249344,0.020997375,0.002624672,0,0,0,0,0,0,0,0,0,0,0,0,0,0,0,0,0,0,0,0,0,0,0,0,0
12,BP,107,2009-06-28a.wav,0.015584416,0.033766234,0,0,0,0,0,0,0,0,0,0,0,0,0,0,0,0,0,0,0,0,0,0,0,0,0,0,0,0,0.067532468,0.064935065,0.012987013,0.015584416,0.051948052,0.007792208,0,0,0,0,0,0,0,0.018181818,0.005194805,0.002597403,0.002597403,0.023376623,0.005194805,0.002597403,0.002597403,0.005194805,0.012987013,0.005194805,0.002597403,0.002597403,0.007792208,0.028571429,0.002597403,0.005194805,0.005194805,0.038961039,0.015584416,0,0.01038961,0.007792208,0,0,0,0.002597403,0.046753247,0.038961039,0.002597403,0.002597403,0.002597403,0.025974026,0.025974026,0.038961039,0.031168831,0.051948052,0.041558442,0.023376623,0.015584416,0.023376623,0.023376623,0.023376623,0.028571429,0.033766234,0.020779221,0.012987013
13,Dde,229,SI20140608_131019.wav,0,0,0,0,0,0,0,0,0,0,0,0,0,0,0,0,0,0,0,0,0.056994819,0.028497409,0.020725389,0.023316062,0.020725389,0.018134715,0.002590674,0.005181347,0.002590674,0.002590674,0.005181347,0.002590674,0.015544041,0.041450777,0.012953368,0.018134715,0.005181347,0.005181347,0.015544041,0.046632124,0.020725389,0.015544041,0.012953368,0.002590674,0,0.010362694,0.020725389,0.064766839,0.033678756,0.051813472,0.031088083,0.031088083,0.015544041,0.018134715,0.07253886,0.005181347,0.005181347,0.015544041,0.007772021,0.005181347,0.002590674,0.005181347,0.002590674,0.002590674,0.005181347,0.005181347,0.002590674,0.002590674,0.002590674,0.005181347,0.002590674,0.007772021,0.025906736,0.005181347,0,0.002590674,0.002590674,0.007772021,0.007772021,0.005181347,0.002590674,0.005181347,0.005181347,0.005181347,0.005181347,0.005181347,0.002590674,0.010362694,0.018134715,0.046632124
14,Dde,414,PAM_20160821_142452_885.wav,0,0,0,0,0,0,0,0,0,0,0,0,0,0,0,0,0,0,0,0,0,0,0,0.011857708,0.001976285,0.007905138,0.023715415,0.019762846,0.02173913,0.100790514,0.084980237,0.057312253,0.0256917,0.023715415,0.035573123,0.049407115,0.02173913,0.003952569,0.003952569,0.015810277,0.0256917,0,0,0.001976285,0,0.001976285,0.003952569,0.051383399,0.007905138,0.005928854,0.001976285,0.007905138,0.007905138,0.003952569,0.001976285,0.005928854,0.003952569,0.005928854,0,0.003952569,0.001976285,0.007905138,0.003952569,0.003952569,0.007905138,0.001976285,0.007905138,0.009881423,0.017786561,0.039525692,0.0256917,0.013833992,0.013833992,0.019762846,0.007905138,0.013833992,0.031620553,0.017786561,0.037549407,0.027667984,0.02173913,0.013833992,0,0,0,0,0,0,0,0
15,Dde,202,PAM_20160512_154902_853.wav,0,0,0,0,0,0,0,0,0,0,0,0,0,0,0,0,0,0,0,0,0,0,0,0,0,0,0,0,0,0,0,0.003883495,0.017475728,0.017475728,0.005825243,0.033009709,0.034951456,0.015533981,0.019417476,0.017475728,0.025242718,0.025242718,0.023300971,0.12815534,0.124271845,0.027184466,0.009708738,0.015533981,0.033009709,0.040776699,0.013592233,0.052427184,0.042718447,0.015533981,0.011650485,0.009708738,0.003883495,0.017475728,0.046601942,0.00776699,0.019417476,0.021359223,0.017475728,0.003883495,0.00776699,0.003883495,0,0,0,0,0.011650485,0.013592233,0.021359223,0,0,0,0,0,0,0,0,0,0.001941748,0.001941748,0.001941748,0.009708738,0.005825243,0.019417476,0,0
16,Dde,202,PAM_20160512_154902_853.wav,0,0,0,0,0,0,0,0,0,0,0,0,0,0,0,0,0,0,0,0,0,0,0,0,0,0,0,0,0.007874016,0.019685039,0.011811024,0.027559055,0.029527559,0.023622047,0.021653543,0.021653543,0.023622047,0.039370079,0.051181102,0.029527559,0.053149606,0.023622047,0.096456693,0.045275591,0.047244094,0.019685039,0.035433071,0.013779528,0.007874016,0.007874016,0.023622047,0.031496063,0.025590551,0.035433071,0.033464567,0.043307087,0.033464567,0.037401575,0.021653543,0.00984252,0.005905512,0,0,0,0,0,0,0,0,0,0,0,0.005905512,0.005905512,0.029527559,0,0,0,0,0,0,0,0,0,0,0,0,0,0,0
17,Dde,202,PAM_20160512_154902_853.wav,0,0,0,0,0,0,0,0,0,0,0,0,0,0,0,0,0,0,0,0,0,0.005870841,0.009784736,0.007827789,0.009784736,0.001956947,0.003913894,0.001956947,0.003913894,0.003913894,0.005870841,0,0,0,0.003913894,0.007827789,0.072407045,0.021526419,0.011741683,0,0.001956947,0.035225049,0.064579256,0.080234834,0.054794521,0.078277886,0.033268102,0.091976517,0.070450098,0.054794521,0.025440313,0.04109589,0.011741683,0.011741683,0.005870841,0.019569472,0.045009785,0.037181996,0.005870841,0.005870841,0.011741683,0.009784736,0.01369863,0.015655577,0.001956947,0,0,0,0,0,0,0,0,0,0,0,0,0,0,0,0,0,0,0,0,0,0,0,0,0
18,Dde,202,PAM_20160512_154902_853.wav,0,0,0,0,0,0,0,0,0,0,0,0,0,0,0,0,0,0,0,0,0,0,0,0,0,0,0,0,0,0.013645224,0,0.035087719,0.037037037,0.011695906,0.011695906,0.021442495,0.023391813,0.019493177,0.023391813,0.019493177,0.005847953,0.013645224,0.027290448,0.009746589,0.015594542,0.007797271,0.025341131,0.019493177,0.011695906,0.038986355,0.021442495,0.091617934,0.132553606,0.109161793,0.037037037,0.038986355,0.044834308,0.021442495,0.015594542,0,0,0,0,0,0,0,0,0,0,0.009746589,0.009746589,0.007797271,0.019493177,0.003898635,0,0,0,0,0,0,0,0.005847953,0.003898635,0.005847953,0.005847953,0.003898635,0.007797271,0.011695906,0,0
19,Dde,202,PAM_20160512_154902_853.wav,0,0,0,0,0,0,0,0,0,0,0,0.017509728,0.011673152,0.009727626,0,0,0,0,0,0,0,0,0,0,0,0,0,0.021400778,0.06614786,0.054474708,0.058365759,0.089494163,0.023346304,0.03307393,0.025291829,0.027237354,0.031128405,0.036964981,0.025291829,0.036964981,0.029182879,0.009727626,0.009727626,0.009727626,0.011673152,0.011673152,0.023346304,0.013618677,0.011673152,0.013618677,0.015564202,0.056420233,0.070038911,0.015564202,0.019455253,0.060311284,0.025291829,0.011673152,0.013618677,0,0,0,0,0,0,0,0,0,0,0,0,0,0,0,0,0,0,0,0,0,0,0,0,0,0,0,0,0,0,0
20,Dde,186,PAM_20200811_073600_001.wav,0,0,0,0,0,0,0,0,0,0,0,0,0,0,0,0,0,0,0,0,0.022959184,0.017857143,0.012755102,0.005102041,0,0,0.017857143,0.022959184,0.007653061,0.005102041,0.022959184,0.068877551,0.015306122,0.040816327,0.030612245,0.010204082,0.005102041,0.005102041,0.007653061,0.005102041,0.066326531,0,0.007653061,0.005102041,0.007653061,0.010204082,0.038265306,0.071428571,0.081632653,0.071428571,0.030612245,0.038265306,0.022959184,0.022959184,0.015306122,0.020408163,0.035714286,0.028061224,0.007653061,0.015306122,0.005102041,0,0,0,0.005102041,0.00255102,0.00255102,0,0.00255102,0.007653061,0.00255102,0.005102041,0.005102041,0.007653061,0.00255102,0.005102041,0.005102041,0.005102041,0.005102041,0.007653061,0.00255102,0,0,0,0,0,0,0,0,0
21,Dde,202,PAM_20160512_154902_853.wav,0,0,0,0,0,0,0,0,0,0,0,0,0,0,0,0,0,0,0,0,0,0,0,0,0,0,0,0.011787819,0.017681729,0.009823183,0.00589391,0.015717092,0.011787819,0.003929273,0.003929273,0.001964637,0.037328094,0.035363458,0.023575639,0.015717092,0.029469548,0.019646365,0.013752456,0.027504912,0.05108055,0.039292731,0.078585462,0.055009823,0.017681729,0.023575639,0.011787819,0.019646365,0.04518664,0.025540275,0.025540275,0.029469548,0.017681729,0.029469548,0.009823183,0.003929273,0.021611002,0.025540275,0.043222004,0.009823183,0.007858546,0.007858546,0.00589391,0.001964637,0.001964637,0.003929273,0.011787819,0.021611002,0.007858546,0,0,0,0,0,0,0,0.011787819,0.021611002,0.003929273,0,0.007858546,0.015717092,0,0,0,0
22,Dde,202,PAM_20160512_154902_853.wav,0,0,0,0,0,0,0,0,0,0,0,0,0,0,0,0,0,0,0,0,0,0,0,0,0,0,0,0.007968127,0,0.005976096,0.011952191,0.013944223,0,0,0,0.001992032,0.005976096,0.019920319,0.011952191,0.023904382,0.021912351,0.037848606,0.035856574,0.03187251,0.017928287,0.021912351,0.045816733,0.065737052,0.06374502,0.057768924,0.053784861,0.033864542,0.021912351,0.017928287,0.017928287,0.035856574,0.021912351,0.047808765,0.083665339,0.033864542,0.013944223,0.013944223,0.035856574,0.021912351,0.007968127,0.005976096,0.001992032,0.001992032,0.003984064,0.001992032,0.003984064,0,0.007968127,0.003984064,0.001992032,0,0,0,0,0,0,0,0,0,0,0,0,0,0,0
23,Dde,199,PAM_20200918_095518_750.wav,0,0,0,0,0,0,0,0,0,0,0,0,0,0,0,0,0,0,0,0,0,0,0,0,0,0,0.02278481,0.02278481,0.058227848,0.086075949,0.065822785,0.126582278,0.050632911,0.04556962,0.04556962,0.043037975,0.025316456,0.017721519,0.035443038,0.030379747,0.005063291,0.017721519,0.007594937,0.005063291,0.010126582,0,0.002531646,0,0.010126582,0.010126582,0.012658228,0.012658228,0.017721519,0.04556962,0.02278481,0.007594937,0.005063291,0.048101266,0.010126582,0.002531646,0,0,0,0,0,0,0.020253165,0.050632911,0,0,0,0,0,0,0,0,0,0,0,0,0,0,0,0,0,0,0,0,0,0
24,Dde,414,PAM_20160821_142452_885.wav,0.035864979,0.025316456,0.063291139,0.008438819,0.016877637,0.008438819,0,0,0,0,0,0,0,0,0,0,0,0,0,0,0,0.010548523,0.048523207,0.012658228,0.004219409,0.004219409,0.021097046,0.014767932,0.014767932,0.02742616,0.042194093,0.029535865,0.016877637,0.044303797,0.010548523,0.025316456,0.023206751,0.016877637,0.023206751,0.004219409,0.004219409,0.010548523,0.006329114,0.002109705,0,0,0.002109705,0.002109705,0.006329114,0.004219409,0.006329114,0.002109705,0,0.002109705,0.002109705,0,0.002109705,0,0.004219409,0.004219409,0.012658228,0.018987342,0.008438819,0.006329114,0.006329114,0.010548523,0.006329114,0.006329114,0.006329114,0.016877637,0.010548523,0.02742616,0.029535865,0.02742616,0.014767932,0.018987342,0.048523207,0.018987342,0.021097046,0.010548523,0.010548523,0.014767932,0.004219409,0.002109705,0.002109705,0.010548523,0.006329114,0.008438819,0,0
25,Dde,202,PAM_20160512_154902_853.wav,0,0,0,0,0,0,0,0,0,0,0,0,0,0,0,0,0,0,0,0,0,0,0,0,0,0,0,0.001996008,0.00998004,0.011976048,0.03992016,0.027944112,0.013972056,0.03992016,0.01996008,0.007984032,0.01996008,0.00998004,0.007984032,0.001996008,0,0.077844311,0.031936128,0.021956088,0.057884232,0.007984032,0.025948104,0.069860279,0.103792415,0.033932136,0.021956088,0.02994012,0.031936128,0.083832335,0.045908184,0.025948104,0.007984032,0.007984032,0.003992016,0.013972056,0.00998004,0.015968064,0,0,0,0,0,0,0.005988024,0.003992016,0.001996008,0,0.001996008,0.005988024,0.021956088,0.013972056,0,0,0,0,0,0,0,0,0,0,0,0,0,0
26,Dde,414,PAM_20160821_142452_885.wav,0,0,0,0,0,0,0,0,0,0,0,0,0,0,0,0,0,0,0,0,0.004016064,0.042168675,0.044176707,0.006024096,0,0,0,0.004016064,0.040160643,0.062248996,0.034136546,0.018072289,0.018072289,0.006024096,0,0,0,0.010040161,0.004016064,0,0.002008032,0,0,0.006024096,0.024096386,0.022088353,0.032128514,0.022088353,0.008032129,0.010040161,0.054216867,0.050200803,0.084337349,0.03815261,0.032128514,0.040160643,0.032128514,0.010040161,0.010040161,0.004016064,0.006024096,0.004016064,0.006024096,0.002008032,0,0.004016064,0.006024096,0.008032129,0.004016064,0.002008032,0,0,0,0,0,0.016064257,0.034136546,0.024096386,0.022088353,0.022088353,0.010040161,0,0.018072289,0.032128514,0.004016064,0,0,0,0,0
27,Dde,202,PAM_20160512_154902_853.wav,0,0,0,0,0,0,0,0,0,0,0,0,0,0,0,0,0,0,0,0,0,0,0,0,0,0,0,0,0,0,0,0.009861933,0.015779093,0.007889546,0.007889546,0.017751479,0.049309665,0.027613412,0.027613412,0.021696252,0.009861933,0.00591716,0.003944773,0.001972387,0.009861933,0.021696252,0.01183432,0.035502959,0.035502959,0.069033531,0.053254438,0.094674556,0.134122288,0.110453649,0.033530572,0.031558185,0.037475345,0.013806706,0.003944773,0,0,0,0,0,0,0,0,0,0,0.009861933,0.009861933,0.007889546,0.019723866,0.003944773,0,0,0,0,0,0,0,0.00591716,0.003944773,0.00591716,0.00591716,0.003944773,0.007889546,0.01183432,0,0
28,Dde,414,PAM_20160821_142452_885.wav,0,0,0,0,0,0,0,0,0,0,0,0,0,0,0,0,0,0,0,0,0,0,0,0,0,0,0,0,0.012024048,0.022044088,0.01002004,0.032064128,0.024048096,0.022044088,0.018036072,0.03006012,0.166332665,0.028056112,0.034068136,0.036072144,0.02004008,0.02004008,0.01002004,0.012024048,0.008016032,0.002004008,0.022044088,0.028056112,0.002004008,0.006012024,0.002004008,0,0,0,0,0,0.004008016,0.004008016,0.006012024,0.002004008,0.004008016,0.002004008,0.008016032,0.02004008,0.014028056,0.01002004,0.024048096,0.03006012,0.022044088,0.0501002,0.03006012,0.022044088,0.062124248,0.032064128,0.016032064,0.004008016,0.012024048,0.01002004,0.022044088,0.022044088,0,0,0,0,0,0,0,0,0,0
29,Dde,202,PAM_20160512_154902_853.wav,0,0,0,0,0,0,0,0,0,0,0,0,0,0,0,0,0,0,0,0,0,0,0,0,0,0,0,0,0,0.005940594,0.001980198,0.001980198,0.021782178,0.023762376,0.035643564,0.031683168,0.061386139,0.057425743,0.033663366,0.025742574,0.017821782,0.00990099,0.007920792,0.007920792,0.007920792,0.005940594,0.013861386,0.047524752,0.045544554,0.03960396,0.069306931,0.069306931,0.03960396,0.126732673,0.051485149,0.00990099,0.005940594,0.005940594,0.003960396,0.001980198,0.003960396,0.001980198,0.005940594,0.003960396,0.007920792,0.007920792,0.003960396,0.001980198,0.003960396,0.00990099,0.001980198,0.015841584,0.007920792,0.007920792,0.015841584,0.00990099,0,0,0,0,0,0,0,0,0,0,0,0,0,0
30,Dde,202,PAM_20160512_154902_853.wav,0,0,0,0,0,0,0,0,0,0,0,0,0,0,0,0,0,0,0,0,0,0,0,0,0,0,0,0,0,0,0,0,0,0.005976096,0,0.021912351,0.001992032,0.021912351,0.011952191,0.015936255,0.003984064,0.017928287,0.021912351,0.035856574,0.023904382,0.025896414,0.053784861,0.083665339,0.065737052,0.073705179,0.057768924,0.035856574,0.027888446,0.019920319,0.019920319,0.035856574,0.021912351,0.049800797,0.083665339,0.033864542,0.013944223,0.013944223,0.035856574,0.021912351,0.007968127,0.005976096,0.001992032,0.001992032,0.003984064,0.001992032,0.003984064,0,0.007968127,0.003984064,0.001992032,0,0,0,0,0,0,0,0,0,0,0,0,0,0,0
31,Ggr,497,Grampus_OH_96_T3.wav,0,0,0,0,0,0.007633588,0.010178117,0.022900763,0.048346056,0,0,0,0,0,0,0,0,0.002544529,0.03562341,0,0,0,0,0,0,0,0,0.002544529,0.010178117,0.005089059,0.012722646,0.007633588,0.012722646,0,0,0,0,0,0.025445293,0.03562341,0.053435115,0.061068702,0.076335878,0.012722646,0.027989822,0.030534351,0.020356234,0.012722646,0.005089059,0.002544529,0.002544529,0.002544529,0.010178117,0.020356234,0.03307888,0.027989822,0.043256997,0.063613232,0.066157761,0.038167939,0.03562341,0.03307888,0.022900763,0.002544529,0,0,0,0,0,0,0,0,0,0,0,0.010178117,0.007633588,0.007633588,0.012722646,0.007633588,0.010178117,0,0,0,0,0,0,0,0,0
32,Ggr,600,Grampus_OH_96_T2.wav,0,0,0,0,0,0.007633588,0.010178117,0.022900763,0.048346056,0,0,0,0,0,0,0,0,0.002544529,0.03562341,0,0,0,0,0,0,0,0,0.002544529,0.010178117,0.005089059,0.012722646,0.007633588,0.012722646,0,0,0,0,0,0.025445293,0.03562341,0.053435115,0.061068702,0.076335878,0.012722646,0.027989822,0.030534351,0.020356234,0.012722646,0.005089059,0.002544529,0.002544529,0.002544529,0.010178117,0.020356234,0.03307888,0.027989822,0.043256997,0.063613232,0.066157761,0.038167939,0.03562341,0.03307888,0.022900763,0.002544529,0,0,0,0,0,0,0,0,0,0,0,0.010178117,0.007633588,0.007633588,0.012722646,0.007633588,0.010178117,0,0,0,0,0,0,0,0,0
33,Ggr,242,PAM_20200918_124800_000.wav,0,0,0,0,0,0,0,0,0,0,0,0,0,0,0,0,0,0,0,0,0,0,0,0.002525253,0,0.017676768,0.068181818,0.035353535,0.03030303,0.04040404,0.035353535,0.025252525,0.022727273,0.012626263,0.002525253,0,0.002525253,0,0.012626263,0.025252525,0.04040404,0.058080808,0.095959596,0.022727273,0.037878788,0.058080808,0.047979798,0.047979798,0.045454545,0.032828283,0.037878788,0.02020202,0.01010101,0.02020202,0.012626263,0.012626263,0.007575758,0.007575758,0.005050505,0.002525253,0.007575758,0.012626263,0.005050505,0.012626263,0.005050505,0,0,0,0,0,0,0,0,0,0,0,0,0,0,0,0,0,0,0,0,0,0,0,0,0
34,Ggr,242,PAM_20200918_124800_000.wav,0,0,0,0,0,0,0,0,0,0,0,0,0,0,0,0,0,0,0,0,0,0,0.04040404,0.037878788,0.017676768,0.035353535,0.012626263,0,0,0,0.007575758,0.065656566,0.055555556,0.042929293,0.002525253,0.02020202,0.032828283,0.015151515,0.04040404,0.007575758,0.012626263,0.01010101,0.01010101,0.017676768,0.027777778,0.027777778,0.055555556,0.078282828,0.053030303,0.027777778,0.035353535,0.042929293,0.042929293,0.037878788,0.04040404,0.015151515,0.022727273,0.005050505,0.002525253,0,0,0,0,0,0,0,0,0,0,0,0,0,0,0,0,0,0,0,0,0,0,0,0,0,0,0,0,0,0,0
35,Ggr,242,PAM_20200918_124800_000.wav,0,0,0,0,0,0,0,0,0,0,0,0,0,0,0,0,0,0,0,0,0,0,0,0,0,0,0,0.030379747,0.020253165,0.075949367,0.111392405,0.025316456,0.02278481,0.010126582,0.015189873,0.027848101,0.012658228,0.005063291,0.010126582,0.005063291,0.002531646,0.017721519,0.012658228,0.027848101,0.025316456,0.027848101,0.050632911,0.065822785,0.02278481,0.025316456,0.015189873,0.015189873,0.012658228,0.015189873,0.015189873,0.015189873,0.073417722,0.055696203,0.030379747,0.005063291,0.043037975,0.002531646,0.002531646,0.010126582,0.007594937,0.025316456,0.005063291,0,0,0,0,0,0,0,0,0,0,0,0,0,0,0,0,0,0,0,0,0,0,0
36,Ggr,600,Grampus_OH_96_T2.wav,0,0,0,0,0,0,0,0,0,0,0,0,0,0,0,0,0,0,0,0,0,0,0,0,0,0,0,0,0.010230179,0.002557545,0.007672634,0.025575448,0.028132992,0.046035806,0.035805627,0.025575448,0.040920716,0.038363171,0.033248082,0.012787724,0.025575448,0.012787724,0.035805627,0.092071611,0.058823529,0.086956522,0.051150895,0.033248082,0.033248082,0.010230179,0.040920716,0.030690537,0.038363171,0.020460358,0.002557545,0.017902813,0.012787724,0.007672634,0.00511509,0.010230179,0.00511509,0.017902813,0.025575448,0.00511509,0.012787724,0,0,0,0,0,0,0,0,0,0,0,0,0,0,0,0,0,0,0,0,0,0,0,0,0
37,Ggr,600,Grampus_OH_96_T2.wav,0,0,0,0,0,0,0,0,0,0,0,0,0,0,0,0,0,0,0,0,0,0,0,0,0,0,0.002583979,0.002583979,0.005167959,0.005167959,0.007751938,0.033591731,0.025839793,0.025839793,0.028423773,0.018087855,0.028423773,0.023255814,0.020671835,0.020671835,0.010335917,0.090439276,0.064599483,0.056847545,0.03875969,0.028423773,0.036175711,0.041343669,0.082687339,0.028423773,0.043927649,0.012919897,0.041343669,0.018087855,0.010335917,0.020671835,0.005167959,0.010335917,0.018087855,0.023255814,0.015503876,0,0,0,0,0,0,0,0,0,0,0,0,0,0,0,0,0,0,0,0,0.028423773,0.023255814,0.002583979,0,0,0,0,0,0
38,Ggr,242,PAM_20200918_124159_999.wav,0,0,0,0,0,0,0,0,0,0,0,0,0,0,0,0,0,0,0,0,0,0,0.041450777,0.031088083,0.005181347,0.002590674,0.002590674,0.046632124,0.044041451,0.051813472,0.106217617,0.129533679,0.10880829,0.077720207,0.025906736,0.018134715,0.018134715,0.010362694,0.012953368,0.002590674,0.005181347,0.002590674,0.005181347,0.005181347,0.023316062,0.015544041,0.018134715,0.015544041,0.015544041,0.023316062,0.031088083,0.044041451,0.025906736,0.028497409,0.005181347,0,0,0,0,0,0,0,0,0,0,0,0,0,0,0,0,0,0,0,0,0,0,0,0,0,0,0,0,0,0,0,0,0,0,0
39,Ggr,497,Grampus_OH_96_T3.wav,0,0,0,0,0,0,0,0,0,0,0,0,0,0,0,0,0,0,0,0,0,0,0,0,0,0,0,0,0,0,0,0,0.005128205,0.012820513,0.017948718,0.033333333,0.033333333,0.023076923,0.030769231,0.015384615,0.017948718,0.012820513,0.015384615,0.01025641,0.025641026,0.020512821,0.023076923,0.012820513,0.038461538,0.038461538,0.030769231,0.01025641,0.005128205,0.007692308,0.005128205,0.046153846,0.012820513,0.002564103,0.002564103,0.002564103,0.017948718,0.028205128,0.007692308,0.002564103,0.002564103,0.005128205,0.007692308,0.012820513,0.005128205,0.005128205,0.025641026,0.01025641,0.020512821,0.038461538,0.028205128,0.028205128,0.066666667,0.002564103,0.002564103,0.015384615,0.017948718,0.015384615,0.015384615,0.012820513,0.015384615,0.012820513,0.01025641,0.015384615,0.015384615,0.023076923
40,Ggr,600,Grampus_OH_96_T2.wav,0,0,0,0,0,0,0,0,0,0,0,0,0,0,0,0,0,0,0,0,0,0,0,0,0,0,0,0,0,0,0,0,0.005128205,0.012820513,0.017948718,0.033333333,0.033333333,0.023076923,0.030769231,0.015384615,0.017948718,0.012820513,0.015384615,0.01025641,0.025641026,0.020512821,0.023076923,0.012820513,0.038461538,0.038461538,0.030769231,0.01025641,0.005128205,0.007692308,0.005128205,0.046153846,0.012820513,0.002564103,0.002564103,0.002564103,0.017948718,0.028205128,0.007692308,0.002564103,0.002564103,0.005128205,0.007692308,0.012820513,0.005128205,0.005128205,0.025641026,0.01025641,0.020512821,0.038461538,0.028205128,0.028205128,0.066666667,0.002564103,0.002564103,0.015384615,0.017948718,0.015384615,0.015384615,0.012820513,0.015384615,0.012820513,0.01025641,0.015384615,0.015384615,0.023076923
41,Ggr,242,PAM_20200918_123600_032.wav,0,0,0,0,0,0,0,0,0,0,0,0,0,0,0,0.053435115,0.012722646,0.015267176,0.007633588,0.002544529,0.005089059,0,0,0,0,0,0,0.091603053,0.043256997,0.010178117,0.010178117,0.010178117,0.002544529,0.005089059,0.002544529,0.005089059,0,0.005089059,0.010178117,0.005089059,0.007633588,0.045801527,0.015267176,0.005089059,0.005089059,0.010178117,0.022900763,0.025445293,0.017811705,0.015267176,0.03307888,0.061068702,0.091603053,0.03562341,0.017811705,0.030534351,0.040712468,0.048346056,0.017811705,0.020356234,0.025445293,0.020356234,0.017811705,0.010178117,0.007633588,0.002544529,0.005089059,0,0.005089059,0.002544529,0.012722646,0.005089059,0,0.002544529,0.002544529,0.002544529,0.005089059,0.002544529,0.002544529,0,0.002544529,0,0,0,0,0,0,0,0,0
42,Ggr,242,PAM_20200918_124159_999.wav,0,0,0,0,0,0,0,0,0,0,0,0,0,0,0,0,0,0,0,0,0,0,0,0,0,0,0,0.018087855,0.108527132,0.069767442,0.056847545,0.082687339,0.051679587,0.023255814,0.018087855,0.067183463,0.074935401,0.012919897,0.036175711,0.012919897,0.028423773,0.025839793,0.018087855,0.015503876,0.002583979,0.002583979,0.002583979,0,0.005167959,0.007751938,0.033591731,0.056847545,0.090439276,0.020671835,0,0,0.005167959,0.043927649,0.007751938,0,0,0,0,0,0,0,0,0,0,0,0,0,0,0,0,0,0,0,0,0,0,0,0,0,0,0,0,0,0,0
43,Ggr,242,PAM_20200918_124159_999.wav,0,0,0,0,0,0,0,0,0,0,0,0,0,0,0,0,0,0,0,0,0,0,0,0,0,0,0.005154639,0.079896907,0.041237113,0.012886598,0.038659794,0.041237113,0.020618557,0.005154639,0.00257732,0.00257732,0.043814433,0.043814433,0.012886598,0.020618557,0.025773196,0.030927835,0.028350515,0.030927835,0.038659794,0.025773196,0.038659794,0.030927835,0.025773196,0.030927835,0.046391753,0.030927835,0.025773196,0.038659794,0,0,0,0,0.005154639,0.007731959,0.012886598,0.007731959,0.007731959,0.012886598,0.00257732,0.010309278,0.06443299,0.048969072,0,0,0,0,0,0,0,0,0,0,0,0,0,0,0,0,0,0,0,0,0,0
44,Ggr,497,Grampus_OH_96_T3.wav,0,0,0,0,0,0,0,0,0,0,0,0,0,0,0,0,0,0,0,0,0,0,0,0,0,0,0,0,0,0,0,0,0.005154639,0.012886598,0.018041237,0.033505155,0.033505155,0.023195876,0.030927835,0.015463918,0.018041237,0.012886598,0.020618557,0.020618557,0.038659794,0.043814433,0.103092784,0.012886598,0.038659794,0.038659794,0.030927835,0.010309278,0.005154639,0.007731959,0.005154639,0.046391753,0.012886598,0.00257732,0.00257732,0.00257732,0.018041237,0.028350515,0.007731959,0.00257732,0.00257732,0.005154639,0.005154639,0,0.005154639,0,0.020618557,0.007731959,0.018041237,0.033505155,0.007731959,0.00257732,0.012886598,0.00257732,0.00257732,0.015463918,0.018041237,0.015463918,0.015463918,0.012886598,0.015463918,0.012886598,0.010309278,0.015463918,0.015463918,0.023195876
45,Ggr,600,Grampus_OH_96_T2.wav,0,0,0,0,0,0,0,0,0,0,0,0,0,0,0,0,0,0,0,0,0,0,0,0,0,0,0,0,0,0,0,0,0.005154639,0.012886598,0.018041237,0.033505155,0.033505155,0.023195876,0.030927835,0.015463918,0.018041237,0.012886598,0.020618557,0.020618557,0.038659794,0.043814433,0.103092784,0.012886598,0.038659794,0.038659794,0.030927835,0.010309278,0.005154639,0.007731959,0.005154639,0.046391753,0.012886598,0.00257732,0.00257732,0.00257732,0.018041237,0.028350515,0.007731959,0.00257732,0.00257732,0.005154639,0.005154639,0,0.005154639,0,0.020618557,0.007731959,0.018041237,0.033505155,0.007731959,0.00257732,0.012886598,0.00257732,0.00257732,0.015463918,0.018041237,0.015463918,0.015463918,0.012886598,0.015463918,0.012886598,0.010309278,0.015463918,0.015463918,0.023195876
46,Ggr,600,Grampus_OH_96_T2.wav,0,0,0,0,0,0,0,0,0,0,0,0,0,0,0,0,0,0,0,0,0,0.028720627,0.018276762,0.028720627,0,0.007832898,0.028720627,0.028720627,0.023498695,0.005221932,0.010443864,0.01305483,0.028720627,0,0.007832898,0.023498695,0.044386423,0.020887728,0.028720627,0.028720627,0.023498695,0.052219321,0.041775457,0.046997389,0.067885117,0.070496084,0.11227154,0.033942559,0.039164491,0.033942559,0.023498695,0.007832898,0.002610966,0,0,0,0,0,0,0,0,0,0,0,0,0,0,0,0.005221932,0.007832898,0.002610966,0.010443864,0.007832898,0.002610966,0.002610966,0.002610966,0.002610966,0.002610966,0,0.005221932,0,0.007832898,0.007832898,0,0,0,0,0,0,0
47,Ggr,600,Grampus_OH_96_T2.wav,0,0,0,0,0,0,0,0,0,0,0,0,0,0,0,0,0,0,0,0.002610966,0.010443864,0.005221932,0.002610966,0.010443864,0.028720627,0.015665796,0.002610966,0.005221932,0,0.002610966,0.018276762,0.044386423,0.044386423,0.033942559,0.044386423,0.060052219,0.046997389,0.046997389,0.039164491,0.018276762,0.039164491,0.039164491,0.023498695,0.036553525,0.044386423,0.039164491,0.062663185,0.018276762,0.020887728,0.01305483,0.020887728,0.007832898,0.002610966,0.031331593,0.028720627,0.007832898,0.005221932,0.005221932,0.007832898,0.005221932,0.002610966,0.005221932,0.005221932,0.005221932,0.005221932,0.007832898,0.002610966,0.005221932,0.005221932,0.005221932,0.007832898,0,0,0,0,0,0,0,0,0,0,0,0,0,0,0,0,0,0,0
48,Lac,713,500_20120718_111617.wav,0,0,0,0,0,0,0,0,0,0,0,0,0,0,0.005836576,0.001945525,0.001945525,0.001945525,0.001945525,0,0.001945525,0,0,0,0.003891051,0.001945525,0.003891051,0,0.001945525,0.03307393,0.042801556,0.021400778,0.001945525,0.009727626,0,0,0,0,0,0,0.087548638,0.044747082,0.029182879,0.003891051,0,0.001945525,0.036964981,0.027237354,0.09922179,0.046692607,0.023346304,0.015564202,0.009727626,0.005836576,0.042801556,0.011673152,0,0,0,0,0,0,0,0,0,0.054474708,0.011673152,0.025291829,0.025291829,0.025291829,0.023346304,0.038910506,0.019455253,0.015564202,0.013618677,0.011673152,0.019455253,0.019455253,0.005836576,0,0,0,0.003891051,0.007782101,0.003891051,0.005836576,0.007782101,0.009727626,0.007782101,0.021400778
49,Lac,713,500_20120718_111041.wav,0,0,0,0,0,0,0,0,0,0,0,0,0,0,0,0,0,0,0,0,0,0,0,0,0.02584493,0.041749503,0.019880716,0.001988072,0,0,0.049701789,0.03777336,0.041749503,0.111332008,0.027833002,0.047713718,0.03777336,0.035785288,0.027833002,0.053677932,0.027833002,0.001988072,0.003976143,0.003976143,0.003976143,0.007952286,0.035785288,0.029821074,0.043737575,0.029821074,0.039761431,0.021868787,0.011928429,0.019880716,0.031809145,0.049701789,0.029821074,0.003976143,0.003976143,0,0,0,0,0,0,0,0,0,0,0,0,0,0,0,0,0,0,0.003976143,0.001988072,0.009940358,0.021868787,0,0,0,0,0,0,0,0,0
50,Lac,125,PAM_20160630_150844_288.wav,0,0,0,0,0,0,0,0,0,0,0,0,0,0,0.003875969,0.015503876,0.021317829,0.034883721,0.062015504,0.044573643,0.091085271,0.015503876,0.013565891,0.009689922,0.023255814,0.027131783,0.050387597,0.050387597,0.025193798,0.027131783,0.005813953,0.003875969,0.001937984,0.032945736,0.027131783,0.079457364,0.007751938,0.001937984,0.021317829,0.019379845,0.036821705,0.021317829,0.029069767,0.015503876,0.007751938,0.007751938,0.019379845,0.031007752,0.021317829,0.021317829,0.013565891,0.009689922,0.003875969,0,0,0,0.013565891,0.021317829,0.009689922,0,0,0,0,0,0,0,0,0,0,0,0,0,0,0,0,0,0,0,0,0,0,0,0,0,0,0,0,0,0,0
51,Lac,55,MF20050707_091340.wav,0,0,0,0,0,0,0,0,0,0,0,0,0,0,0,0,0,0,0,0,0,0,0,0,0,0,0,0,0,0.002597403,0.049350649,0.01038961,0.007792208,0.002597403,0.002597403,0.012987013,0.007792208,0.007792208,0.007792208,0.007792208,0,0,0,0.028571429,0.062337662,0.051948052,0.075324675,0.044155844,0.028571429,0.023376623,0.031168831,0.012987013,0.007792208,0.01038961,0.005194805,0.007792208,0.007792208,0.007792208,0.01038961,0.002597403,0.01038961,0.01038961,0.012987013,0.051948052,0.057142857,0.036363636,0.015584416,0.002597403,0,0.005194805,0,0.020779221,0.01038961,0.005194805,0.020779221,0.012987013,0.012987013,0.020779221,0.002597403,0.023376623,0.031168831,0.002597403,0.01038961,0.033766234,0.020779221,0.023376623,0.007792208,0,0,0
52,Lac,55,MF20050707_091340.wav,0,0,0,0,0,0,0,0,0,0,0,0,0,0,0,0,0,0,0,0,0,0,0,0,0.002604167,0.002604167,0.026041667,0.002604167,0.002604167,0.002604167,0.002604167,0,0.013020833,0.015625,0.002604167,0.002604167,0.002604167,0.005208333,0.015625,0.0390625,0.005208333,0.0078125,0.002604167,0.005208333,0,0,0.049479167,0.0390625,0.005208333,0.046875,0.09375,0.078125,0,0,0,0.0234375,0.03125,0.002604167,0.002604167,0.020833333,0.002604167,0.0078125,0.03125,0.020833333,0.0390625,0.0703125,0.0546875,0.072916667,0.041666667,0.0078125,0.002604167,0.0234375,0.015625,0.0234375,0.010416667,0.0078125,0.0078125,0.0078125,0,0,0,0,0,0,0,0,0,0,0,0
53,Lac,55,MF20050707_091340.wav,0,0,0,0,0,0,0,0,0,0,0,0,0,0,0,0,0,0,0,0,0,0,0,0,0,0,0,0.017948718,0.01025641,0.015384615,0.017948718,0.012820513,0.035897436,0.035897436,0.002564103,0.005128205,0.017948718,0.012820513,0.015384615,0.007692308,0.012820513,0.01025641,0.015384615,0.020512821,0.033333333,0.08974359,0.11025641,0.01025641,0,0.002564103,0.007692308,0.038461538,0.017948718,0.005128205,0.002564103,0.015384615,0.020512821,0.017948718,0.002564103,0.005128205,0.002564103,0.007692308,0.005128205,0.002564103,0.015384615,0.061538462,0.053846154,0.015384615,0.015384615,0.01025641,0.005128205,0.061538462,0.01025641,0,0.007692308,0.005128205,0.007692308,0.005128205,0.005128205,0.005128205,0.01025641,0.002564103,0.002564103,0.007692308,0.002564103,0,0.012820513,0.005128205,0.005128205,0.002564103
54,Lac,55,MF20050707_091340.wav,0,0,0,0,0,0,0,0,0,0,0,0,0,0,0,0,0,0,0,0,0,0,0,0,0,0,0,0,0,0.002617801,0.04973822,0.010471204,0.010471204,0.005235602,0.013089005,0.018324607,0.013089005,0.010471204,0.018324607,0.018324607,0.007853403,0.005235602,0.015706806,0.068062827,0.062827225,0.054973822,0.073298429,0.044502618,0.047120419,0.028795812,0.044502618,0.018324607,0.002617801,0.015706806,0,0,0,0,0,0,0.005235602,0.002617801,0.002617801,0.007853403,0.041884817,0.02617801,0.015706806,0.002617801,0,0.005235602,0,0.020942408,0.010471204,0.005235602,0.034031414,0.013089005,0.023560209,0.028795812,0.007853403,0.018324607,0.020942408,0,0,0.02617801,0.007853403,0.013089005,0,0,0,0
55,Lac,55,MF20050707_091340.wav,0,0,0,0,0,0,0,0,0,0,0,0,0,0,0,0,0,0,0,0,0,0,0,0,0,0,0,0,0,0,0,0,0.033942559,0.028720627,0,0,0.023498695,0.018276762,0.007832898,0.007832898,0.01305483,0.015665796,0.020887728,0.049608355,0.015665796,0.018276762,0.026109661,0.046997389,0.041775457,0.044386423,0.036553525,0.028720627,0.049608355,0.018276762,0.010443864,0.018276762,0.039164491,0.01305483,0.033942559,0,0,0.005221932,0.007832898,0.01305483,0.01305483,0.039164491,0.007832898,0.002610966,0.007832898,0.007832898,0.007832898,0.026109661,0.052219321,0.005221932,0.002610966,0.026109661,0.049608355,0.010443864,0.01305483,0.018276762,0.010443864,0,0.002610966,0,0.002610966,0.002610966,0.005221932,0,0,0
56,Lac,713,500_20120718_111617.wav,0,0,0,0,0,0,0,0,0,0,0,0.004,0.034,0,0,0,0,0,0,0,0,0,0,0.008,0.006,0.002,0.006,0.012,0.036,0.018,0.008,0.006,0.014,0.06,0.032,0.016,0.022,0.01,0.01,0.012,0.038,0.024,0.05,0.106,0.054,0.038,0.034,0.066,0.032,0.012,0.018,0.028,0.012,0.034,0.064,0.02,0.004,0.002,0.01,0.008,0.006,0.01,0.014,0,0,0,0,0,0,0,0,0,0,0,0,0,0,0,0,0,0,0,0,0,0,0,0,0,0,0
57,Lac,55,MF20050707_091340.wav,0,0,0,0,0,0,0,0,0,0,0,0,0,0,0,0,0,0,0,0,0,0,0,0,0,0,0,0,0,0,0,0.00265252,0.00530504,0.00265252,0.01061008,0.031830239,0.00795756,0.021220159,0.026525199,0.026525199,0.031830239,0.023872679,0.018567639,0.042440318,0.074270557,0.066312997,0.039787798,0.042440318,0.026525199,0.00795756,0.015915119,0.00265252,0,0.00265252,0.00265252,0.00265252,0,0,0,0,0,0,0,0.074270557,0.053050398,0.034482759,0.053050398,0.026525199,0.015915119,0.01061008,0.00795756,0.00795756,0.018567639,0.015915119,0.01061008,0.00530504,0.00795756,0.00530504,0.00530504,0.00530504,0.013262599,0.00795756,0.00530504,0.013262599,0.018567639,0.037135279,0.01061008,0,0,0
58,Lac,55,MF20050707_091340.wav,0,0,0,0,0,0,0,0,0,0,0,0,0,0,0,0,0,0,0,0,0,0,0,0,0,0,0,0,0,0,0,0,0.036458333,0.0546875,0.005208333,0.005208333,0.015625,0.020833333,0.026041667,0.067708333,0.013020833,0.005208333,0.013020833,0.0078125,0.052083333,0.041666667,0.075520833,0.046875,0.018229167,0.002604167,0,0,0,0.018229167,0.0078125,0.0078125,0.065104167,0,0,0,0,0.005208333,0.013020833,0.0234375,0.028645833,0.041666667,0.036458333,0.020833333,0.018229167,0,0.013020833,0.010416667,0.026041667,0.020833333,0.005208333,0.044270833,0.026041667,0.015625,0.002604167,0.0078125,0.013020833,0.002604167,0.002604167,0.002604167,0.002604167,0.010416667,0,0,0,0
59,Lac,55,MF20050707_091340.wav,0,0,0,0,0,0,0,0,0,0,0,0,0,0,0,0,0,0,0,0,0,0,0,0,0,0,0,0,0,0,0,0,0,0,0,0,0,0,0,0.010638298,0.037234043,0.010638298,0.002659574,0.002659574,0.005319149,0.005319149,0.066489362,0.034574468,0.015957447,0.050531915,0.063829787,0.082446809,0.04787234,0.066489362,0.04787234,0.005319149,0.021276596,0.015957447,0.010638298,0.005319149,0,0,0.002659574,0.005319149,0.042553191,0.074468085,0.050531915,0.04787234,0.018617021,0.021276596,0.066489362,0,0.002659574,0.02393617,0.026595745,0.002659574,0.005319149,0,0,0,0,0,0,0,0,0,0,0,0,0
60,Lac,713,500_20120718_111617.wav,0,0,0,0,0,0,0,0,0,0,0,0,0.012024048,0.058116232,0.022044088,0.02004008,0.014028056,0.022044088,0.016032064,0.008016032,0.014028056,0.004008016,0.012024048,0.012024048,0.008016032,0.012024048,0.014028056,0.012024048,0.014028056,0.03006012,0.004008016,0.01002004,0.022044088,0.172344689,0.006012024,0.002004008,0.034068136,0.092184369,0.0501002,0.01002004,0.002004008,0.002004008,0,0,0,0,0,0.004008016,0,0.002004008,0,0,0,0,0.002004008,0.018036072,0.006012024,0.018036072,0.002004008,0,0,0.002004008,0,0.002004008,0.002004008,0.004008016,0.002004008,0.002004008,0.002004008,0.002004008,0,0,0.002004008,0.006012024,0.002004008,0.042084168,0.106212425,0.008016032,0,0,0.002004008,0,0,0.004008016,0.014028056,0.004008016,0.012024048,0.004008016,0.004008016,0.008016032
61,Lac,55,MF20050707_091340.wav,0,0,0,0,0,0,0,0,0,0,0,0,0,0,0,0,0,0,0,0,0,0,0,0,0,0,0,0,0,0,0,0,0,0,0,0,0,0,0,0,0,0,0,0,0.010335917,0.012919897,0.015503876,0.010335917,0.002583979,0.028423773,0.043927649,0.074935401,0.051679587,0.007751938,0.005167959,0.005167959,0.012919897,0.015503876,0.015503876,0.012919897,0.005167959,0.041343669,0.025839793,0.015503876,0.095607235,0.108527132,0.129198966,0.080103359,0.043927649,0.010335917,0,0.005167959,0,0,0,0,0.005167959,0.012919897,0.007751938,0.007751938,0.03875969,0.002583979,0.005167959,0.005167959,0.005167959,0.002583979,0.007751938,0.012919897,0,0
62,Lac,713,500_20120718_111041.wav,0,0,0,0,0,0,0,0,0,0,0,0,0,0,0,0,0,0,0,0,0,0,0,0,0,0,0,0.012048193,0.020080321,0.012048193,0.020080321,0.032128514,0.022088353,0.058232932,0.030120482,0.022088353,0.034136546,0.004016064,0.010040161,0.024096386,0.02811245,0.02811245,0.072289157,0.040160643,0.02811245,0.082329317,0.098393574,0.128514056,0.046184739,0.002008032,0.002008032,0.004016064,0.014056225,0.034136546,0.030120482,0.002008032,0.002008032,0.002008032,0.008032129,0.02811245,0.016064257,0.002008032,0,0,0,0,0,0,0,0,0,0,0,0,0,0,0,0,0,0,0,0,0,0,0,0,0,0,0,0
63,Oor,107,2009-06-28a.wav,0.010582011,0.023809524,0.03968254,0.021164021,0.007936508,0.031746032,0.013227513,0.015873016,0.013227513,0.015873016,0.013227513,0.018518519,0.031746032,0.026455026,0.015873016,0.023809524,0.026455026,0.029100529,0.005291005,0.015873016,0.005291005,0.005291005,0.013227513,0.013227513,0.002645503,0,0,0.015873016,0.018518519,0.015873016,0.018518519,0.047619048,0.055555556,0.026455026,0,0,0,0,0,0,0,0,0,0,0,0,0,0,0,0.002645503,0.021164021,0.013227513,0.010582011,0.010582011,0.007936508,0.007936508,0.005291005,0.018518519,0.005291005,0.005291005,0.005291005,0.005291005,0.007936508,0.013227513,0.007936508,0.002645503,0,0,0,0,0.002645503,0,0.002645503,0.007936508,0.015873016,0.018518519,0.031746032,0.034391534,0.007936508,0.005291005,0.018518519,0.007936508,0,0.002645503,0.013227513,0.010582011,0.031746032,0,0,0
64,Oor,318,SI20080723_120345.wav,0.01511335,0.060453401,0.057934509,0.010075567,0.060453401,0.083123426,0.068010076,0.062972292,0.052896725,0.042821159,0.098236776,0.050377834,0.01511335,0.040302267,0.04534005,0.032745592,0.042821159,0.037783375,0.047858942,0.022670025,0.020151134,0.032745592,0,0,0,0,0,0,0,0,0,0,0,0,0,0,0,0,0,0,0,0,0,0,0,0,0,0,0,0,0,0,0,0,0,0,0,0,0,0,0,0,0,0,0,0,0,0,0,0,0,0,0,0,0,0,0,0,0,0,0,0,0,0,0,0,0,0,0,0
65,Oor,109,2009-07-01a.wav,0,0,0,0,0,0,0,0,0.058080808,0,0,0.03030303,0.015151515,0.017676768,0,0,0,0,0,0.002525253,0.055555556,0.047979798,0.017676768,0.027777778,0.027777778,0.04040404,0.015151515,0.002525253,0.050505051,0.025252525,0.055555556,0.027777778,0.007575758,0.037878788,0.032828283,0.022727273,0.002525253,0.01010101,0.017676768,0.015151515,0.007575758,0,0,0,0,0.022727273,0.035353535,0,0,0,0.007575758,0.042929293,0.032828283,0.027777778,0.007575758,0.005050505,0.017676768,0.007575758,0.012626263,0.015151515,0.025252525,0.012626263,0.012626263,0.012626263,0.017676768,0.012626263,0,0,0,0,0,0,0,0,0,0,0,0,0,0,0,0,0,0,0,0,0,0,0,0
66,Oor,109,2009-07-01a.wav,0.028061224,0.06377551,0.025510204,0.028061224,0.056122449,0.017857143,0.020408163,0.017857143,0.017857143,0.007653061,0,0.007653061,0.020408163,0.012755102,0.012755102,0.012755102,0.012755102,0.020408163,0.043367347,0.051020408,0.022959184,0.015306122,0.010204082,0.017857143,0.020408163,0.005102041,0.010204082,0.005102041,0,0,0,0,0,0.005102041,0.020408163,0.020408163,0.020408163,0.038265306,0.012755102,0.007653061,0.012755102,0.012755102,0.056122449,0.00255102,0.010204082,0.033163265,0.017857143,0.025510204,0.022959184,0.00255102,0,0,0,0,0,0,0,0,0,0,0,0,0,0,0,0,0,0,0,0,0,0,0,0.00255102,0.005102041,0,0.025510204,0.012755102,0.010204082,0.007653061,0.010204082,0.015306122,0,0.005102041,0,0,0,0,0,0
67,Oor,109,2009-07-01a.wav,0.073490814,0.120734908,0.06824147,0.097112861,0.057742782,0.057742782,0.065616798,0.031496063,0.010498688,0.005249344,0.002624672,0.007874016,0.015748031,0.020997375,0.015748031,0.01312336,0.05511811,0.018372703,0.015748031,0.018372703,0.007874016,0.028871391,0.020997375,0.010498688,0.002624672,0.015748031,0.010498688,0.018372703,0.007874016,0.01312336,0.026246719,0.002624672,0.005249344,0.010498688,0.005249344,0.007874016,0.018372703,0.01312336,0.002624672,0,0,0,0,0,0,0,0,0,0,0,0,0,0,0,0,0,0,0,0,0,0,0,0,0,0,0,0,0,0,0,0,0,0,0,0,0,0,0,0,0,0,0,0,0,0,0,0,0,0,0
68,Oor,107,2009-06-28a.wav,0.076726343,0.04859335,0.017902813,0.089514066,0.063938619,0.020460358,0.007672634,0.086956522,0.023017903,0.05370844,0.023017903,0.017902813,0.112531969,0.069053708,0.020460358,0.028132992,0,0,0.00511509,0.046035806,0,0,0,0,0,0,0,0.023017903,0.066496164,0.033248082,0,0.007672634,0,0,0,0,0,0,0,0.002557545,0.04859335,0.007672634,0,0,0,0,0,0,0,0,0,0,0,0,0,0,0,0,0,0,0,0,0,0,0,0,0,0,0,0,0,0,0,0,0,0,0,0,0,0,0,0,0,0,0,0,0,0,0,0
69,Oor,107,2009-06-28a.wav,0.010204082,0.025510204,0.015306122,0,0,0,0,0,0.005102041,0.015306122,0.030612245,0.00255102,0,0,0,0.010204082,0.043367347,0.068877551,0.048469388,0.051020408,0.045918367,0.005102041,0,0,0,0,0,0.00255102,0.007653061,0.007653061,0.00255102,0.028061224,0.094387755,0.017857143,0.005102041,0.025510204,0.025510204,0.051020408,0,0,0,0,0,0,0,0,0,0,0,0,0,0,0,0,0,0,0,0,0,0,0,0,0,0,0,0,0,0,0,0,0,0,0.005102041,0.045918367,0.06377551,0.053571429,0.022959184,0.015306122,0.017857143,0.005102041,0.007653061,0.017857143,0.010204082,0.022959184,0.066326531,0,0,0,0,0
70,Oor,109,2009-07-01a.wav,0.073684211,0.068421053,0.042105263,0.018421053,0.031578947,0,0.005263158,0.018421053,0.047368421,0.005263158,0.002631579,0.036842105,0.010526316,0.002631579,0.021052632,0.023684211,0.010526316,0.010526316,0.007894737,0.010526316,0,0.005263158,0,0,0.002631579,0.002631579,0,0.028947368,0.013157895,0.010526316,0.005263158,0.002631579,0.005263158,0.013157895,0.005263158,0.013157895,0.005263158,0.007894737,0.005263158,0.002631579,0,0.002631579,0.002631579,0.005263158,0.010526316,0.005263158,0.007894737,0.005263158,0.007894737,0.002631579,0.005263158,0,0.013157895,0.013157895,0.007894737,0.002631579,0.005263158,0.002631579,0.010526316,0.005263158,0.013157895,0.002631579,0.013157895,0.010526316,0.018421053,0.023684211,0.013157895,0.005263158,0.010526316,0.005263158,0.007894737,0.005263158,0.007894737,0.010526316,0.005263158,0.010526316,0.013157895,0.013157895,0.010526316,0.015789474,0.013157895,0.005263158,0.002631579,0.007894737,0.002631579,0.007894737,0.005263158,0.010526316,0.010526316,0.026315789
71,Oor,107,2009-06-28a.wav,0.043147208,0.063451777,0.07106599,0.124365482,0.055837563,0.015228426,0.027918782,0.02284264,0.005076142,0.017766497,0.010152284,0.012690355,0.032994924,0.002538071,0.012690355,0.012690355,0.07106599,0.063451777,0.015228426,0.017766497,0.007614213,0.027918782,0.020304569,0.010152284,0.002538071,0.015228426,0.010152284,0.017766497,0.007614213,0.012690355,0.025380711,0.002538071,0.005076142,0.010152284,0.005076142,0.007614213,0.025380711,0.02284264,0.065989848,0,0,0,0,0,0,0,0,0,0,0,0,0,0,0,0,0,0,0,0,0,0,0,0,0,0,0,0,0,0,0,0,0,0,0,0,0,0,0,0,0,0,0,0,0,0,0,0,0,0,0
72,Oor,107,2009-06-28a.wav,0.052493438,0,0,0,0.031496063,0.073490814,0.007874016,0.023622047,0.104986877,0.034120735,0.002624672,0,0.036745407,0.047244094,0.023622047,0.047244094,0.026246719,0.152230971,0.034120735,0.031496063,0.026246719,0.01312336,0,0,0,0.005249344,0.041994751,0.057742782,0.039370079,0.028871391,0.031496063,0.026246719,0,0,0,0,0,0,0,0,0,0,0,0,0,0,0,0,0,0,0,0,0,0,0,0,0,0,0,0,0,0,0,0,0,0,0,0,0,0,0,0,0,0,0,0,0,0,0,0,0,0,0,0,0,0,0,0,0,0
73,Oor,107,2009-06-28a.wav,0.046511628,0.036175711,0.041343669,0.062015504,0.074935401,0.031007752,0.023255814,0.046511628,0.059431525,0.072351421,0.064599483,0.103359173,0.072351421,0.121447028,0.031007752,0.018087855,0,0,0,0,0,0,0,0,0,0,0,0,0,0,0,0,0.023255814,0.012919897,0.012919897,0.028423773,0.018087855,0,0,0,0,0,0,0,0,0,0,0,0,0,0,0,0,0,0,0,0,0,0,0,0,0,0,0,0,0,0,0,0,0,0,0,0,0,0,0,0,0,0,0,0,0,0,0,0,0,0,0,0,0
74,Oor,107,2009-06-28a.wav,0.0625,0.075520833,0.072916667,0.135416667,0.0546875,0.091145833,0.033854167,0.059895833,0.049479167,0.026041667,0.0703125,0.018229167,0.010416667,0,0,0,0,0,0,0,0.026041667,0.03125,0.010416667,0.0078125,0,0,0.010416667,0.0546875,0.046875,0,0,0,0,0,0,0,0,0,0,0,0,0,0,0,0,0,0,0,0,0,0,0,0,0,0,0,0,0,0,0,0,0,0,0.0078125,0.010416667,0.015625,0.018229167,0,0,0,0,0,0,0,0,0,0,0,0,0,0,0,0,0,0,0,0,0,0,0
75,Oor,109,2009-07-01a.wav,0.013812155,0.044198895,0,0.041436464,0.027624309,0.14640884,0.022099448,0.027624309,0.041436464,0.011049724,0.046961326,0.011049724,0.033149171,0.046961326,0.011049724,0,0,0,0,0.011049724,0.085635359,0.080110497,0.005524862,0.052486188,0.016574586,0,0,0,0,0.002762431,0.055248619,0.008287293,0,0,0,0,0.022099448,0.049723757,0.019337017,0,0,0,0,0,0,0,0,0,0,0,0,0,0,0,0,0,0,0.024861878,0.03038674,0.008287293,0,0,0.002762431,0,0,0,0,0,0,0,0,0,0,0,0,0,0,0,0,0,0,0,0,0,0,0,0,0,0,0
76,Oor,109,2009-07-01a.wav,0.024523161,0.035422343,0.068119891,0.027247956,0.010899183,0.008174387,0,0,0,0,0,0.035422343,0.021798365,0.035422343,0.040871935,0.038147139,0.029972752,0.016348774,0.002724796,0.013623978,0.019073569,0.04359673,0.021798365,0.005449591,0,0.027247956,0.035422343,0.027247956,0.027247956,0.016348774,0,0.005449591,0.002724796,0.024523161,0.002724796,0,0,0.032697548,0.04359673,0.005449591,0.008174387,0,0,0,0,0,0,0,0,0.029972752,0.021798365,0.013623978,0.013623978,0.002724796,0,0,0,0,0,0,0,0.032697548,0.024523161,0.002724796,0,0,0,0,0,0,0,0,0,0.032697548,0.010899183,0.008174387,0.010899183,0.013623978,0.008174387,0.008174387,0.008174387,0,0,0,0,0,0,0,0,0
77,Oor,107,2009-06-28a.wav,0.053763441,0.11827957,0.008064516,0.040322581,0.032258065,0.029569892,0.029569892,0.10483871,0.045698925,0.061827957,0.032258065,0.043010753,0.155913978,0.037634409,0.016129032,0,0,0,0.005376344,0.048387097,0,0,0,0,0,0,0,0.016129032,0.029569892,0.02688172,0,0.008064516,0,0,0,0,0,0,0,0,0,0,0,0,0,0,0,0,0,0,0,0,0,0,0,0,0,0,0,0,0,0,0,0,0,0,0,0,0,0.021505376,0.010752688,0.002688172,0.002688172,0.008064516,0.002688172,0.002688172,0.005376344,0,0,0,0,0,0,0,0,0,0,0,0,0
78,Oor,107,2009-06-28a.wav,0.030769231,0.092307692,0,0.005128205,0.007692308,0.015384615,0.030769231,0.017948718,0.005128205,0.005128205,0.005128205,0.007692308,0.012820513,0.041025641,0.002564103,0,0,0,0,0.002564103,0.005128205,0.007692308,0.01025641,0.020512821,0.035897436,0.053846154,0.01025641,0.005128205,0.01025641,0.002564103,0.005128205,0.005128205,0.002564103,0.01025641,0.002564103,0.007692308,0.015384615,0.030769231,0.015384615,0,0.005128205,0.007692308,0.007692308,0.005128205,0.01025641,0.015384615,0.048717949,0.035897436,0.017948718,0.015384615,0.01025641,0.002564103,0.002564103,0.005128205,0,0.087179487,0.025641026,0.041025641,0.012820513,0.023076923,0.058974359,0.023076923,0,0,0,0,0,0,0,0,0,0,0,0,0,0,0,0,0,0,0,0,0,0,0,0,0,0,0,0
79,Oor,109,2009-07-01a.wav,0.058666667,0.026666667,0.018666667,0.066666667,0.050666667,0.056,0.037333333,0.018666667,0.032,0.034666667,0.029333333,0.104,0.048,0.024,0.021333333,0.005333333,0.072,0.018666667,0.093333333,0.013333333,0.018666667,0.013333333,0,0.008,0.066666667,0.064,0,0,0,0,0,0,0,0,0,0,0,0,0,0,0,0,0,0,0,0,0,0,0,0,0,0,0,0,0,0,0,0,0,0,0,0,0,0,0,0,0,0,0,0,0,0,0,0,0,0,0,0,0,0,0,0,0,0,0,0,0,0,0,0
80,Oor,107,2009-06-28a.wav,0.051813472,0.020725389,0.007772021,0.064766839,0.051813472,0.002590674,0,0,0,0.002590674,0.025906736,0.033678756,0.056994819,0.044041451,0.038860104,0.020725389,0.028497409,0.012953368,0.010362694,0.025906736,0.033678756,0.005181347,0.025906736,0.012953368,0.033678756,0.018134715,0.012953368,0.005181347,0.018134715,0.025906736,0.025906736,0.054404145,0.018134715,0.010362694,0.002590674,0.025906736,0.038860104,0.049222798,0.028497409,0.020725389,0.002590674,0.012953368,0.018134715,0,0,0,0,0,0,0,0,0,0,0,0,0,0,0,0,0,0,0,0,0,0,0,0,0,0,0,0,0,0,0,0,0,0,0,0,0,0,0,0,0,0,0,0,0,0,0
81,Oor,107,2009-06-28a.wav,0.088948787,0.053908356,0.04851752,0.056603774,0.04851752,0.026954178,0.032345013,0,0.037735849,0.086253369,0.056603774,0.107816712,0.005390836,0,0,0,0.032345013,0.026954178,0.005390836,0.002695418,0,0,0,0,0.002695418,0.02425876,0.032345013,0.005390836,0,0.018867925,0.040431267,0.005390836,0,0,0,0,0,0,0,0,0.02425876,0.016172507,0.002695418,0.002695418,0,0.008086253,0.021563342,0.02425876,0.016172507,0.016172507,0.013477089,0.005390836,0.002695418,0,0,0,0,0,0,0,0,0,0,0,0,0,0,0,0,0,0,0,0,0,0,0,0,0,0,0,0,0,0,0,0,0,0,0,0,0
82,Oor,109,2009-07-01a.wav,0.088948787,0.053908356,0.04851752,0.056603774,0.04851752,0.026954178,0.032345013,0,0.037735849,0.086253369,0.056603774,0.107816712,0.005390836,0,0,0,0.032345013,0.026954178,0.005390836,0.002695418,0,0,0,0,0.002695418,0.02425876,0.032345013,0.005390836,0,0.018867925,0.040431267,0.005390836,0,0,0,0,0,0,0,0,0.02425876,0.016172507,0.002695418,0.002695418,0,0.008086253,0.021563342,0.02425876,0.016172507,0.016172507,0.013477089,0.005390836,0.002695418,0,0,0,0,0,0,0,0,0,0,0,0,0,0,0,0,0,0,0,0,0,0,0,0,0,0,0,0,0,0,0,0,0,0,0,0,0
83,Oor,109,2009-07-01a.wav,0.04973822,0.052356021,0.020942408,0.083769634,0.115183246,0.013089005,0,0,0,0,0.028795812,0.023560209,0,0,0,0.013089005,0.04973822,0.028795812,0.031413613,0.086387435,0,0,0,0,0,0,0,0,0.015706806,0.031413613,0.015706806,0.028795812,0.020942408,0.023560209,0.065445026,0,0,0,0,0,0,0.010471204,0.031413613,0.007853403,0.015706806,0.015706806,0.023560209,0.007853403,0.034031414,0.054973822,0,0,0,0,0,0,0,0,0,0,0,0,0,0,0,0,0,0,0,0,0,0,0,0,0,0,0,0,0,0,0,0,0,0,0,0,0,0,0,0
84,Oor,109,2009-07-01a.wav,0.015915119,0.018567639,0.013262599,0.050397878,0.050397878,0.013262599,0,0.00265252,0.074270557,0.042440318,0.01061008,0,0,0,0.00795756,0.01061008,0.018567639,0.055702918,0.047745358,0.00530504,0.01061008,0.00795756,0.015915119,0.029177719,0.029177719,0.034482759,0.023872679,0.026525199,0.023872679,0.01061008,0,0,0,0,0,0,0.015915119,0.026525199,0.042440318,0.021220159,0.039787798,0.055702918,0.029177719,0.021220159,0.039787798,0.031830239,0.023872679,0.00265252,0,0,0,0,0,0,0,0,0,0,0,0,0,0,0,0,0,0,0,0,0,0,0,0,0,0,0,0,0,0,0,0,0,0,0,0,0,0,0,0,0,0
85,Oor,107,2009-06-28a.wav,0.002583979,0.051679587,0.043927649,0.033591731,0.043927649,0.012919897,0.002583979,0.010335917,0.023255814,0.023255814,0.028423773,0.095607235,0.015503876,0.007751938,0.015503876,0.031007752,0.028423773,0,0,0,0,0,0.023255814,0.041343669,0,0,0,0,0.005167959,0.023255814,0.028423773,0.072351421,0.067183463,0.025839793,0.023255814,0.007751938,0,0.002583979,0,0,0,0,0.002583979,0.010335917,0.018087855,0.028423773,0,0,0,0,0,0.005167959,0.002583979,0.010335917,0.007751938,0.005167959,0.007751938,0.012919897,0.002583979,0,0,0,0,0,0,0,0,0,0,0,0,0,0.018087855,0.025839793,0.049095607,0.002583979,0,0,0,0,0,0,0,0,0,0,0,0,0,0
86,Oor,109,2009-07-01a.wav,0.039370079,0.049868766,0.018372703,0.005249344,0.007874016,0.036745407,0.010498688,0.005249344,0.020997375,0.094488189,0.112860892,0.028871391,0.036745407,0.020997375,0.01312336,0,0,0,0.020997375,0.047244094,0.044619423,0.026246719,0.018372703,0.026246719,0.015748031,0.01312336,0.005249344,0.010498688,0.036745407,0.031496063,0.026246719,0.034120735,0,0,0,0,0,0,0,0,0,0,0,0,0,0,0,0,0,0,0,0,0,0,0,0,0,0,0,0,0,0,0,0,0,0,0,0,0,0,0,0,0,0,0,0.023622047,0.06824147,0.01312336,0.01312336,0,0.023622047,0,0,0,0,0,0,0,0,0
87,Oor,109,2009-07-01a.wav,0.013020833,0.015625,0.013020833,0.020833333,0.010416667,0.036458333,0.0625,0.057291667,0.013020833,0.002604167,0.002604167,0,0,0,0,0.013020833,0.0390625,0.005208333,0.002604167,0.005208333,0.0078125,0.013020833,0.015625,0.046875,0.026041667,0.033854167,0.03125,0.0078125,0.0078125,0,0,0,0,0.046875,0.033854167,0.057291667,0.013020833,0.018229167,0.0078125,0.018229167,0.026041667,0.026041667,0.020833333,0.0078125,0.010416667,0,0.020833333,0.036458333,0.0078125,0.026041667,0.026041667,0.010416667,0,0,0,0.005208333,0.010416667,0.0234375,0.026041667,0.0078125,0.010416667,0,0,0,0,0,0,0,0,0,0,0,0,0,0,0,0,0,0,0,0,0,0,0,0,0,0,0,0,0
88,Oor,318,SI20080723_120345.wav,0.002583979,0.07751938,0,0,0.005167959,0.108527132,0.005167959,0,0.005167959,0.100775194,0,0,0.002583979,0.098191214,0,0,0.005167959,0.082687339,0,0.002583979,0.020671835,0.07751938,0.010335917,0.015503876,0.033591731,0.074935401,0,0.018087855,0.018087855,0.051679587,0,0.007751938,0.002583979,0.082687339,0.002583979,0.012919897,0.007751938,0.046511628,0.015503876,0.005167959,0,0,0,0,0,0,0,0,0,0,0,0,0,0,0,0,0,0,0,0,0,0,0,0,0,0,0,0,0,0,0,0,0,0,0,0,0,0,0,0,0,0,0,0,0,0,0,0,0,0
89,Oor,109,2009-07-01a.wav,0.026385224,0.029023747,0.015831135,0.031662269,0.065963061,0.060686016,0.018469657,0.036939314,0.029023747,0.055408971,0.002638522,0.047493404,0.129287599,0.031662269,0.013192612,0.023746702,0,0,0,0,0,0.052770449,0.01055409,0.005277045,0.002638522,0,0,0,0,0,0,0.042216359,0.042216359,0.013192612,0.013192612,0.007915567,0,0,0.005277045,0.013192612,0.013192612,0.005277045,0.013192612,0.018469657,0.034300792,0.029023747,0.005277045,0,0,0,0,0,0,0,0.013192612,0.007915567,0.023746702,0,0.007915567,0.002638522,0,0,0,0,0,0,0,0,0,0,0,0,0,0,0,0,0,0,0,0,0,0,0,0,0,0,0,0,0,0
90,Ttr,84,150704F1_01.wav,0,0,0,0,0,0,0,0,0,0,0,0,0,0,0,0,0,0,0,0,0.021276596,0.034042553,0.093617021,0.068085106,0.021276596,0.093617021,0.063829787,0.063829787,0.017021277,0.017021277,0.012765957,0.017021277,0.004255319,0.034042553,0.059574468,0.076595745,0.055319149,0.042553191,0.085106383,0.008510638,0.004255319,0,0.004255319,0.004255319,0.004255319,0.004255319,0,0.008510638,0.004255319,0.008510638,0.004255319,0.012765957,0.05106383,0,0,0,0,0,0,0,0,0,0,0,0,0,0,0,0,0,0,0,0,0,0,0,0,0,0,0,0,0,0,0,0,0,0,0,0,0
91,Ttr,95,1608f1-Track01.wav,0,0,0,0,0,0,0,0,0,0,0,0,0,0,0,0,0,0,0,0,0.021276596,0.034042553,0.093617021,0.068085106,0.021276596,0.093617021,0.063829787,0.063829787,0.017021277,0.017021277,0.012765957,0.017021277,0.004255319,0.034042553,0.059574468,0.076595745,0.055319149,0.042553191,0.085106383,0.008510638,0.004255319,0,0.004255319,0.004255319,0.004255319,0.004255319,0,0.008510638,0.004255319,0.008510638,0.004255319,0.012765957,0.05106383,0,0,0,0,0,0,0,0,0,0,0,0,0,0,0,0,0,0,0,0,0,0,0,0,0,0,0,0,0,0,0,0,0,0,0,0,0
92,Ttr,84,150704F1_01.wav,0,0,0,0,0,0,0,0.053140097,0.038647343,0.033816425,0,0,0,0,0,0,0,0.004830918,0.004830918,0.004830918,0.009661836,0.004830918,0.101449275,0.038647343,0.004830918,0.019323671,0.014492754,0.024154589,0.004830918,0.038647343,0.048309179,0.028985507,0,0,0.004830918,0.057971014,0.043478261,0.019323671,0.053140097,0.043478261,0.028985507,0.057971014,0.019323671,0.004830918,0,0.004830918,0.004830918,0,0,0.004830918,0,0.004830918,0,0,0.009661836,0.019323671,0.028985507,0.009661836,0,0,0,0,0,0,0,0,0,0,0,0,0,0,0,0,0,0,0.004830918,0.038647343,0.057971014,0,0,0,0,0,0,0,0,0,0,0
93,Ttr,95,1608f1-Track01.wav,0,0,0,0,0,0,0,0.053140097,0.038647343,0.033816425,0,0,0,0,0,0,0,0.004830918,0.004830918,0.004830918,0.009661836,0.004830918,0.101449275,0.038647343,0.004830918,0.019323671,0.014492754,0.024154589,0.004830918,0.038647343,0.048309179,0.028985507,0,0,0.004830918,0.057971014,0.043478261,0.019323671,0.053140097,0.043478261,0.028985507,0.057971014,0.019323671,0.004830918,0,0.004830918,0.004830918,0,0,0.004830918,0,0.004830918,0,0,0.009661836,0.019323671,0.028985507,0.009661836,0,0,0,0,0,0,0,0,0,0,0,0,0,0,0,0,0,0,0.004830918,0.038647343,0.057971014,0,0,0,0,0,0,0,0,0,0,0
94,Ttr,95,1608f1-Track01.wav,0,0,0,0,0,0,0.02020202,0.01010101,0.060606061,0.015151515,0,0,0,0,0,0,0,0,0,0.005050505,0.060606061,0.151515152,0.060606061,0.055555556,0.015151515,0.03030303,0.035353535,0,0,0,0,0,0.015151515,0.015151515,0.045454545,0.085858586,0.01010101,0,0.005050505,0.005050505,0.005050505,0.03030303,0.01010101,0,0,0,0,0,0,0,0,0.065656566,0.075757576,0.075757576,0.03030303,0.005050505,0,0,0,0,0,0,0,0,0,0,0,0,0,0,0,0,0,0,0,0,0,0,0,0,0,0,0,0,0,0,0,0,0,0
95,Ttr,84,150704F1_01.wav,0,0,0,0,0,0,0,0,0,0,0,0,0,0,0.005063291,0,0.002531646,0.002531646,0.002531646,0.002531646,0.015189873,0.015189873,0.007594937,0.007594937,0.015189873,0.012658228,0.015189873,0.005063291,0.035443038,0.04556962,0.030379747,0.043037975,0.055696203,0.020253165,0.027848101,0.032911392,0.025316456,0.032911392,0.007594937,0.012658228,0.010126582,0.015189873,0.017721519,0.015189873,0.010126582,0.007594937,0.010126582,0.002531646,0.002531646,0.002531646,0,0.002531646,0.002531646,0.005063291,0,0.005063291,0.005063291,0.005063291,0.005063291,0.007594937,0.005063291,0.005063291,0.017721519,0.005063291,0.010126582,0.007594937,0.017721519,0.002531646,0.020253165,0.005063291,0.007594937,0.015189873,0.010126582,0.017721519,0.030379747,0.030379747,0.007594937,0.015189873,0.007594937,0.017721519,0.02278481,0.037974684,0.012658228,0.020253165,0.02278481,0.010126582,0,0.007594937,0,0
96,Ttr,95,1608f1-Track01.wav,0,0,0,0,0,0,0,0,0,0,0,0,0,0,0,0,0,0,0,0,0.075829384,0.08056872,0.004739336,0.09478673,0.014218009,0.004739336,0.061611374,0.146919431,0,0,0,0,0,0.004739336,0.009478673,0.009478673,0.004739336,0.004739336,0.018957346,0.004739336,0.009478673,0.014218009,0.004739336,0.018957346,0,0.004739336,0.014218009,0.014218009,0.042654028,0.061611374,0.028436019,0.056872038,0.009478673,0.004739336,0.004739336,0.004739336,0.014218009,0,0.004739336,0.004739336,0.009478673,0.014218009,0.009478673,0.009478673,0.004739336,0.009478673,0.004739336,0.004739336,0.018957346,0.018957346,0.004739336,0.018957346,0.014218009,0,0,0,0,0,0,0,0,0,0,0,0,0,0,0,0,0
97,Ttr,84,150704F1_01.wav,0,0,0,0,0,0,0,0,0,0,0,0,0.024793388,0.070247934,0.037190083,0.041322314,0.037190083,0,0,0.033057851,0.012396694,0.033057851,0.024793388,0.004132231,0,0.008264463,0.020661157,0.045454545,0.004132231,0.012396694,0,0,0,0,0,0.024793388,0.061983471,0.008264463,0.016528926,0.045454545,0.037190083,0,0,0,0.012396694,0.041322314,0.061983471,0.004132231,0.033057851,0.02892562,0.045454545,0,0,0,0,0,0,0,0,0.020661157,0.012396694,0,0.004132231,0.049586777,0,0,0,0,0,0,0,0,0,0,0,0,0,0.004132231,0,0.020661157,0.05785124,0,0,0,0,0,0,0,0,0
98,Ttr,95,1608f1-Track01.wav,0,0,0,0,0,0,0,0,0,0,0,0,0.024793388,0.070247934,0.037190083,0.041322314,0.037190083,0,0,0.033057851,0.012396694,0.033057851,0.024793388,0.004132231,0,0.008264463,0.020661157,0.045454545,0.004132231,0.012396694,0,0,0,0,0,0.024793388,0.061983471,0.008264463,0.016528926,0.045454545,0.037190083,0,0,0,0.012396694,0.041322314,0.061983471,0.004132231,0.033057851,0.02892562,0.045454545,0,0,0,0,0,0,0,0,0.020661157,0.012396694,0,0.004132231,0.049586777,0,0,0,0,0,0,0,0,0,0,0,0,0,0.004132231,0,0.020661157,0.05785124,0,0,0,0,0,0,0,0,0
99,Ttr,84,150704F1_01.wav,0,0,0,0,0,0,0,0,0,0,0,0,0,0,0,0,0.003636364,0,0.007272727,0.007272727,0.003636364,0.036363636,0.04,0.029090909,0.050909091,0.061818182,0.069090909,0.018181818,0.018181818,0.014545455,0.010909091,0.061818182,0.032727273,0.025454545,0.018181818,0.014545455,0.007272727,0.003636364,0.010909091,0.010909091,0.025454545,0.010909091,0.058181818,0.069090909,0.018181818,0.014545455,0.018181818,0.014545455,0.029090909,0.003636364,0,0.003636364,0.003636364,0.003636364,0.003636364,0,0.003636364,0,0,0.003636364,0.010909091,0.058181818,0.014545455,0,0,0,0,0,0,0,0,0,0,0.003636364,0.014545455,0.003636364,0.003636364,0.003636364,0.029090909,0.014545455,0.003636364,0,0,0,0,0,0,0,0,0
100,Ttr,626,140611_0930_1.wav,0,0,0,0,0,0,0,0,0,0,0,0,0,0,0,0,0,0,0,0,0.033333333,0.023076923,0.020512821,0.025641026,0.012820513,0.017948718,0.023076923,0.038461538,0.015384615,0.030769231,0.035897436,0.038461538,0.023076923,0.023076923,0.053846154,0.074358974,0.043589744,0.035897436,0.030769231,0.015384615,0.01025641,0.017948718,0.017948718,0.01025641,0.015384615,0.017948718,0.023076923,0.002564103,0.012820513,0.028205128,0.01025641,0.012820513,0.005128205,0.017948718,0.005128205,0.01025641,0.012820513,0.005128205,0.01025641,0.005128205,0.005128205,0.007692308,0.002564103,0.012820513,0.012820513,0.023076923,0.002564103,0.002564103,0.007692308,0.002564103,0.005128205,0.01025641,0.01025641,0.005128205,0.007692308,0.012820513,0.002564103,0,0,0,0,0,0,0,0,0,0,0,0,0
