id,category,1,2,3,4,5,6,7,8,9,10,11,12,13,14,15,16,17,18,19,20,21,22,23,24,25,26,27,28,29,30,31,32,33,34,35,36,37,38,39,40,41,42,43,44,45,46,47,48,49,50,51,52,53,54,55,56,57,58,59,60,61,62,63,64,65,66,67,68,69,70,71,72,73,74,75,76,77,78,79,80,81,82,83,84,85,86,87,88,89,90,91,92,93,94,95,96,97,98,99,100,101,102,103,104,105,106,107,108,109,110,111,112,113,114,115,116,117,118,119,120,121,122,123,124,125,126,127,128,129,130,131,132,133,134,135,136,137,138,139,140,141,142,143,144,145,146,147,148,149,150,151,152,153,154,155,156,157,158,159,160,161,162,163,164,165,166,167,168,169,170,171,172,173,174,175,176,177,178,179,180,181,182,183,184,185,186,187,188,189,190,191,192,193,194,195,196,197,198,199,200,201,202,203,204,205,206,207,208,209,210,211,212,213,214,215,216,217,218,219,220,221,222,223,224,225,226,227,228,229,230,231,232,233,234,235,236,237,238,239,240,241,242,243,244,245,246,247,248,249,250,251,252,253,254,255,256,257,258,259,260,261,262,263,264,265,266,267,268,269,270,271,272,273,274,275,276,277,278,279,280,281,282,283,284,285,286,287,288,289,290,291,292,293,294,295,296,297,298,299,300,301,302,303,304,305,306,307,308,309,310,311,312,313,314,315,316,317,318,319,320,321,322,323,324,325,326,327,328,329,330,331,332,333,334,335,336,337,338,339,340,341,342,343,344,345,346,347,348,349,350,351,352,353,354,355,356,357,358,359,360,361,362,363,364,365,366,367,368,369,370,371,372,373,374,375,376,377,378,379,380,381,382,383,384,385,386,387,388,389,390,391,392,393,394,395,396,397,398,399,400,401,402,403,404,405,406,407,408,409,410,411,412,413,414,415,416,417,418,419,420,421,422,423,424,425,426,427,428,429,430,431,432,433,434,435,436,437,438,439,440,441,442,443,444,445,446,447,448,449,450,451,452,453,454,455,456,457,458,459,460,461,462,463,464,465,466,467,468,469,470,471,472,473,474,475,476,477,478,479,480,481,482,483,484,485,486,487,488,489,490,491,492,493,494,495,496,497,498,499,500,501,502,503,504,505,506,507,508,509,510,511,512,513,514,515,516,517,518,519,520,521,522,523,524,525,526,527,528,529,530,531,532,533,534,535,536,537,538,539,540,541,542,543,544,545,546,547,548,549,550,551,552,553,554,555,556,557,558,559,560,561,562,563,564,565,566,567,568,569,570,571,572,573,574,575,576,577,578,579,580,581,582,583,584,585,586,587,588,589,590,591,592,593,594,595,596,597,598,599,600,601,602,603,604,605,606,607,608,609,610,611,612,613,614,615,616,617,618,619,620,621,622,623,624,625,626,627,628,629,630,631,632,633,634,635,636,637,638,639,640,641,642,643,644,645,646,647,648,649,650,651,652,653,654,655,656,657,658,659,660,661,662,663,664,665,666,667,668,669,670,671,672,673,674,675,676,677,678,679,680,681,682,683,684,685,686,687,688,689,690,691,692,693,694,695,696,697,698,699,700,701,702,703,704,705,706,707,708,709,710,711,712,713,714,715,716,717,718,719,720,721,722,723,724,725,726,727,728,729,730,731,732,733,734,735,736,737,738,739,740,741,742,743,744,745,746,747,748,749,750,751,752,753,754,755,756,757,758,759,760,761,762,763,764,765,766,767,768,769,770,771,772,773,774,775,776,777,778,779,780,781,782,783,784,785,786,787,788,789,790,791,792,793,794,795,796,797,798,799,800,801,802,803,804,805,806,807,808,809,810,811,812,813,814,815,816,817,818,819,820,821,822,823,824,825,826,827,828,829,830,831,832,833,834,835,836,837,838,839,840,841,842,843,844,845,846,847,848,849,850,851,852,853,854,855,856,857,858,859,860,861,862,863,864,865,866,867,868,869,870,871,872,873,874,875,876,877,878,879,880,881,882,883,884,885,886,887,888,889,890,891,892,893,894,895,896,897,898,899,900,901,902,903,904,905,906,907,908,909,910,911,912,913,914,915,916,917,918,919,920,921,922,923,924,925,926,927,928,929,930,931,932,933,934,935,936,937,938,939,940,941,942,943,944,945,946,947,948,949,950,951,952,953,954,955,956,957,958,959,960,961,962,963,964,965,966,967,968,969,970,971,972,973,974,975,976,977,978,979,980,981,982,983,984,985,986,987,988,989,990,991,992,993,994,995,996,997,998,999,1000,1001
BLANK-RERUN,A,0,0,0,0,0.005557821,0,0,0,0,0,0,0,0,0,0,0,0,0,0,0,0,0,0,0,0,0,0,0,0,0,0,0,0,0,0.00432635,0,0,0,0,0,0.003165809,0,0,0,0,0,0,0,0,0,0,0,0,0,0,0,0,0,0,0,0,0,0,0,0,0,0,0,0,0,0,0,0.051371181,0,0,0,0,0,0,0,0,0,0,0,0,0,0,0,0,0,0,0,0,0,0,0,0,0,0,0,0,0,0,0,0,0,0,0,0.022831023,0,0,0,0,0,0,0,0,0,0,0,0,0,0,0,0,0,0,0,0,0,0,0,0,0,0,0,0,0,0,0,0,0,0,0,0,0,0,0,0,0,0,0,0,0,0,0,0,0,0,0,0,0,0,0,0,0,0,0,0,0,0,0,0,0,0,0,0,0,0,0,0,0,0,0,0,0,0,0,0,0,0,0,0,0,0,0,0,0,0,0,0,0,0,0,0,0,0,0,0,0,0,0,0,0,0,0,0,0,0,0,0,0,0,0,0,0,0,0,0,0,0,0,0,0,0,0,0,0,0,0,0,0,0,0,0,0,0,0,0,0,0,0,0,0,0,0,0,0,0,0,0,0,0,0,0,0,0,0,0,0,0,0,0,0,0,0,0,0,0,0,0,0,0,0,0,0,0,0,0,0,0,0,0,0,0,0,0,0,0,0,0,0,0,0,0,0,0,0,0,0,0,0,0,0,0,0,0,0,0,0,0,0.002074828,0.004371742,0,0,0,0,0,0,0,0,0,0,0,0,0,0,0,0,0,0,0,0,0,0,0,0,0,0,0,0,0,0,0,0,0,0,0,0,0,0,0,0,0.003469228,0.002364795,0,0,0,0,0,0,0,0,0,0,0,0,0,0.006282226,0,0,0,0,0.005150747,0,0.004272044,0,0.008918095,0.007672694,0,0,0,0.013038482,0,0.007345182,0,0.004940808,0,0.004999543,0.010263875,0.011342788,0.008245178,0.015240323,0.008221649,0.015928041,0.009136518,0,0,0.012564324,0,0,0,0,0,0,0,0,0,0,0,0,0,0,0,0,0,0,0.027717329,0.017994684,0,0,0,0,0,0,0,0,0.014395313,0,0,0,0,0,0,0,0.017292712,0,0.008156255,0,0.0060803,0.011898371,0,0,0,0.012817842,0.011802637,0,0,0,0,0,0,0,0,0,0,0,0,0,0,0,0,0,0,0,0,0,0,0,0,0,0,0,0,0,0,0,0,0,0,0,0,0,0,0,0.013029557,0,0,0,0,0,0.011710412,0,0,0,0,0,0,0,0,0,0,0,0,0,0,0.010130767,0.009813215,0,0,0,0,0.016399736,0,0,0,0,0,0.00787258,0,0,0,0,0,0.010376854,0,0,0,0,0,0,0,0,0,0,0,0,0,0,0,0,0,0.009467571,0.014157789,0,0.006349421,0.015981874,0,0.005774541,0,0.018287561,0,0,0.016372231,0.008286779,0,0.007733131,0,0,0.004564639,0.009933361,0,0,0,0,0.017046919,0,0.003389354,0,0,0,0.019058571,0,0,0,0,0.008744752,0,0.011421928,0,0,0,0,0,0,0,0,0.038256659,0,0,0,0.006428425,0,0,0,0,0,0,0,0.016018599,0,0.007493586,0,0,0.008095377,0,0,0,0,0,0,0,0,0,0,0,0,0,0,0,0,0,0,0,0.013238319,0,0,0,0,0,0.013498802,0,0.003642528,0.002770625,0,0,0,0.00162505,0,0,0,0,0,0,0,0,0.007243983,0,0,0,0,0,0.003961152,0,0,0,0,0.004548387,0,0,0.007767736,0,0,0,0,0,0.003936115,0,0,0,0,0,0,0.001728032,0,0,0,0,0,0,0,0,0,0,0,0,0,0,0,0,0,0,0,0,0,0,0,0.005350118,0.003758294,0,0,0,0,0.007135991,0,0.002960196,0.00169962,0,0,0,0,0.007661477,0,0.009700316,0,0,0,0,0,0.002998868,0,0,0,0,0,0,0,0,0.004157387,0,0,0,0.004860988,0,0.004990476,0,0.005813379,0,0.003950199,0,0,0,0,0.003549685,0,0,0,0,0,0,0.004749216,0,0,0,0,0,0,0,0,0,0,0.001415504,0,0,0.001525934,0,0,0,0,0,0,0,0,0,0,0,0,0,0,0,0.004709307,0,0,0,0,0,0,0.002861827,0,0,0,0,0,0.004529538,0,0.00301591,0,0.002761755,0,0.004040144,0,0,0.002257188,0,0,0,0,0,0,0.004487986,0,0,0,0,0.006307422,0,0,0,0,0,0,0,0,0,0,0,0,0,0,0.002621241,0,0,0,0,0,0,0,0,0,0.004686733,0,0,0,0,0,0,0,0,0,0,0,0,0,0,0,0,0,0,0,0,0,0,0,0,0,0,0.004235987,0,0,0.00312253,0,0,0,0,0,0,0,0,0,0,0,0,0,0,0,0,0.001914068,0,0,0,0,0,0,0,0,0,0.008830496,0,0,0,0,0.004423959,0,0,0,0,0,0,0,0,0,0,0,0,0,0,0,0,0,0,0,0,0,0,0,0,0,0.008423728,0,0,0,0,0,0,0,0,0,0,0.004198197,0,0,0.004482883,0,0.020207564,0,0,0,0,0,0,0,0,0,0,0,0,0.011973039,0,0,0,0,0,0,0,0,0,0,0,0,0,0,0,0,0,0,0,0,0,0,0,0,0,0,0.003151597,0,0,0,0,0,0,0
T1-SER-G1-1-skeletal-RERUN,A,0,0,0,0,0.000421539,0,0,0,0,0,0,0,0,0,0,0,0,0,0,0,0,0,0,0,0,0.00416087,0,0,0,0,0,0,0,0.00173669,0,0,0,0,0,0,0,0,0,0,0,0,0,0,0,0.003543174,0,0,0,0.002536651,0,0,0,0,0,0,0,0,0,0,0,0.024554768,0,0,0,0,0,0,0.01825093,0,0,0,0,0,0,0,0,0,0,0,0,0,0,0.077568193,0,0,0,0,0,0,0,0,0,0.008439997,0,0,0,0.009947017,0,0,0,0,0,0,0.008104638,0,0,0,0.003983809,0,0,0,0,0,0,0,0,0.01567826,0,0,0,0.007557561,0,0,0,0,0,0,0,0,0,0,0,0,0,0,0,0,0,0.005402674,0,0,0,0,0,0,0,0,0,0,0,0,0,0,0,0,0,0,0,0,0,0,0,0,0,0.001504415,0,0.00383014,0,0,0.004523464,0,0,0,0,0,0,0,0,0,0,0,0,0,0,0,0,0,0,0,0,0,0,0,0.014730937,0,0,0,0,0,0,0,0,0,0,0,0,0,0,0,0,0,0,0,0,0,0,0,0,0.01118679,0,0,0,0,0,0.011582692,0,0,0,0,0,0,0,0,0,0,0,0,0,0,0,0,0,0,0,0,0,0,0,0,0,0,0,0.01506167,0,0,0,0,0,0,0,0,0,0,0.131388804,0,0,0,0,0,0,0,0,0,0,0,0,0,0,0,0,0,0,0,0,0,0,0,0,0.004822767,0,0,0,0,0,0,0,0,0,0,0,0,0,0,0,0.011892606,0,0,0,0,0,0,0,0,0,0,0,0,0,0,0,0.402672699,0,0,0,0,0,0,0,0,0,0,0,0,0,0,0,0,0,0,0,0.014009369,0,0,0,0,0,0,0,0.027144053,0,0,0,0,0,0,0,0,0,0.069145007,0,0,0,0,0,0,0,0,0,0,0,0,0,0,0,0,0,0,0,0,0.027768128,0,0,0,0,0,0,0,0,0.01241239,0,0,0.005240112,0,0,0,0,0.020041975,0,0,0,0,0,0,0,0.011047233,0,0,0,0,0,0,0,0,0,0,0,0,0,0,0,0,0,0,0,0,0,0,0,0,0,0,0,0,0,0,0,0,0,0,0,0,0,0,0,0,0,0,0,0,0,0,0,0,0,0,0,0,0,0,0,0,0,0,0,0,0,0,0,0,0,0,0,0,0,0,0,0,0,0,0,0,0,0,0,0,0,0,0,0,0,0,0,0,0,0,0,0,0,0,0,0,0,0,0,0,0,0,0,0,0,0,0,0,0,0,0,0,0,0,0,0,0,0,0,0,0,0,0,0,0,0,0,0,0,0,0,0,0,0,0,0,0,0,0,0,0,0,0,0,0,0,0,0,0,0,0,0,0,0,0,0,0,0,0,0,0,0,0,0,0,0,0,0,0,0,0,0,0,0,0,0,0,0,0,0,0,0,0,0,0,0,0,0,0,0,0,0,0,0,0,0,0,0,0,0,0,0,0,0,0,0,0,0,0,0,0,0,0,0,0,0,0,0,0,0,0,0,0,0,0,0,0,0,0,0,0,0,0,0,0,0,0,0,0,0,0,0,0,0,0,0,0,0,0,0,0,0,0,0,0,0,0,0,0,0,0,0,0,0,0,0,0,0,0,0,0,0,0,0,0,0,0,0,0,0,0,0,0,0,0,0,0,0,0,0,0,0,0,0,0,0,0,0,0,0,0,0,0,0,0,0,0,0,0,0,0,0,0,0,0,0,0,0,0,0,0,0,0,0,0,0,0,0,0,0,0,0,0,0,0,0,0,0,0,0,0,0,0,0,0,0,0,0,0,0,0,0,0,0,0,0,0,0,0,0,0,0,0,0,0,0,0,0,0,0,0,0,0,0,0,0,0,0,0,0,0,0,0,0,0,0,0,0,0,0,0,0,0,0,0,0,0,0,0,0,0,0,0,0,0,0,0,0,0,0,0,0,0,0,0,0,0,0,0,0,0,0,0,0,0,0,0,0,0,0,0,0,0,0,0,0,0,0,0,0,0,0,0,0,0,0,0,0,0,0,0,0,0,0,0,0,0,0,0,0,0,0,0,0,0,0,0,0,0,0,0,0,0,0,0,0,0,0,0,0,0,0,0,0,0,0,0,0,0,0,0,0,0,0,0,0,0,0,0,0,0,0,0,0,0,0,0,0,0,0,0,0,0,0,0,0,0,0,0,0,0,0,0,0,0,0,0,0,0,0,0,0,0,0,0,0,0,0,0,0,0,0,0,0,0,0,0,0,0,0,0,0,0,0,0,0,0,0,0,0,0,0,0,0,0,0,0,0,0,0,0,0,0,0,0,0,0,0,0,0,0,0,0,0,0,0,0,0,0,0,0
T1-STY2-SKELETAL-RERUN,A,0,0,0,0.00025202,0,0,0,0,0,0,0,0,0,0,0,0,0,0,0,0,0,0,0,0,0,0,0,0,0,0,0,0,0,0.002360335,0,0,0,0,0,0,0,0,0,0,0,0,0,0,0,0.006979878,0,0,0,0.002448024,0.002350894,0,0,0,0,0,0,0,0,0,0,0.011963921,0,0,0.003021484,0,0,0,0.01338738,0,0,0,0,0,0,0,0,0,0,0,0,0,0,0,0,0.116564296,0,0.010023291,0,0,0.004594211,0,0,0.008068234,0,0,0,0.004038808,0,0,0.006465385,0,0,0,0.007547483,0,0,0,0.003089923,0,0,0,0,0,0,0,0,0,0.042200272,0,0,0.006503364,0,0,0.004683714,0,0,0,0,0.002331639,0,0,0,0,0,0,0,0,0,0.003866139,0,0,0,0,0,0,0,0,0,0,0,0,0,0,0,0,0,0,0,0,0,0,0,0,0,0,0,0.008355189,0,0,0,0,0,0,0,0,0,0,0,0,0,0,0,0,0,0,0,0,0,0,0,0,0,0,0.016870127,0,0,0,0,0,0,0,0,0,0,0,0,0,0,0,0,0,0,0,0,0,0,0,0,0,0.018465158,0,0,0,0,0.020281261,0,0,0,0,0,0,0,0,0,0,0,0,0,0,0,0,0,0,0,0,0,0,0,0,0,0,0,0.016225346,0,0,0,0,0,0,0,0,0,0,0,0.141898893,0,0,0,0,0,0,0,0,0.00346913,0,0,0,0,0,0,0,0,0,0,0,0,0,0,0,0,0,0,0,0,0,0,0,0,0,0,0,0,0,0,0,0.010997137,0,0,0,0,0,0,0,0,0,0,0,0,0,0,0,0,0.390416488,0,0,0,0,0,0,0,0,0,0,0,0,0,0.001588053,0,0,0,0,0.009223235,0,0,0.000592351,0,0,0,0.007106566,0.007422413,0,0,0,0,0,0,0,0,0.063443934,0,0,0,0,0,0,0,0,0,0,0,0.001341279,0,0,0.002148231,0,0,0,0.003174795,0,0.004705986,0,0,0,0,0,0,0,0,0,0.002341829,0,0,0,0,0,0,0,0,0,0,0,0,0,0,0,0,0,0,0,0,0,0,0,0,0,0,0,0,0,0,0,0,0,0,0,0,0,0,0,0,0,0,0,0,0,0,0,0,0,0,0,0,0,0,0,0,0,0,0,0,0,0,0,0,0,0,0,0,0,0,0,0,0,0,0,0,0,0,0,0,0,0,0,0,0,0,0,0,0,0,0,0,0,0,0,0,0,0,0,0,0,0,0,0,0,0,0,0,0,0,0,0,0,0,0,0,0,0,0,0,0,0,0,0,0,0,0,0,0,0,0,0,0,0,0,0,0,0,0,0,0,0,0,0,0,0,0,0,0,0,0,0,0,0,0,0,0,0,0,0,0,0,0,0,0,0,0,0,0,0,0,0,0,0,0,0,0,0,0,0,0,0,0,0,0,0,0,0,0,0,0,0,0,0,0,0,0,0,0,0,0,0,0,0,0,0,0,0,0,0,0,0,0,0,0,0,0,0,0,0,0,0,0,0,0,0,0,0,0,0,0,0,0,0,0,0,0,0,0,0,0,0,0,0,0,0,0,0,0,0,0,0,0,0,0,0,0,0,0,0,0,0,0,0,0,0,0,0,0,0,0,0,0,0,0,0,0,0,0,0,0,0,0,0,0,0,0,0,0,0,0,0,0,0,0,0,0,0,0,0,0,0,0,0,0,0,0,0,0,0,0,0,0,0,0,0,0,0,0,0,0,0,0,0,0,0,0,0,0,0,0,0,0,0,0,0,0,0,0,0,0,0,0,0,0,0,0,0,0,0,0,0,0,0,0,0,0,0,0,0,0,0,0,0,0,0,0,0,0,0,0,0,0,0,0,0,0,0,0,0,0,0,0,0,0,0,0,0,0,0,0,0,0,0,0,0,0,0,0,0,0,0,0,0,0,0,0,0,0,0,0,0,0,0,0,0,0,0,0,0,0,0,0,0,0,0,0,0,0,0,0,0,0,0,0,0,0,0,0,0,0,0,0,0,0,0,0,0,0,0,0,0,0,0,0,0,0,0,0,0,0,0,0,0,0,0,0,0,0,0,0,0,0,0,0,0,0,0,0,0,0,0,0,0,0,0,0,0,0,0,0,0,0,0,0,0,0,0,0,0,0,0,0,0,0,0,0,0,0,0,0,0,0,0,0,0,0,0,0,0,0,0,0,0,0,0,0,0,0,0,0,0,0,0,0,0,0,0,0,0,0,0,0,0,0,0,0,0,0,0,0,0,0,0,0,0,0,0,0,0,0,0,0,0,0,0,0,0,0,0,0,0,0,0,0,0,0,0,0,0,0,0,0,0,0,0,0,0,0,0,0,0,0,0,0,0,0,0,0,0,0,0,0,0,0,0
T2-SER-G1-1-skeletal,A,0.004108514,0,0,0.004519875,0.004728583,0,0,0,0,0.002680333,0,0,0,0,0,0,0,0,0,0,0,0,0,0,0,0,0,0,0,0,0,0,0,0.003236957,0,0,0,0,0,0,0,0,0,0,0,0,0,0,0,0.009087579,0,0,0.003154069,0.004734026,0,0,0.003782318,0,0,0,0,0,0,0,0,0.025858842,0,0,0,0.004233215,0,0,0.014895143,0.010373201,0,0,0,0,0,0,0,0,0,0,0,0,0,0.162330943,0,0,0,0,0.026073555,0,0,0,0,0.020050825,0,0,0,0.012536202,0,0,0.010786395,0,0,0,0.013691357,0,0,0,0.00926761,0,0.003559402,0,0,0,0,0,0,0.068169075,0,0,0,0.012699376,0,0,0.008569043,0,0,0,0,0,0,0,0,0,0,0,0,0,0,0.009964479,0,0,0,0,0,0,0,0,0,0,0,0,0,0,0,0,0,0,0,0,0,0,0,0,0,0,0,0.025659421,0,0,0,0.00481083,0,0,0,0,0,0,0,0,0,0,0,0,0,0,0,0,0,0,0,0,0,0,0.054145786,0,0,0,0,0,0,0,0,0,0,0,0,0,0,0,0,0,0,0,0,0,0,0,0,0,0.058194887,0,0,0,0,0.013350553,0,0,0,0,0,0,0,0,0,0,0,0,0,0,0,0,0,0,0,0,0,0,0,0,0,0,0,0.044112283,0,0,0,0.002952317,0,0,0,0,0,0.048796344,0,0,0,0,0,0,0,0,0,0,0,0,0,0,0,0,0,0,0,0,0,0,0,0,0,0,0,0,0,0,0,0,0,0,0,0,0,0,0,0,0,0,0.032599939,0,0,0,0,0,0,0,0,0,0,0,0,0.176251033,0,0,0,0,0,0,0,0,0,0.00146426,0.002817067,0,0,0,0,0,0,0,0,0,0,0,0,0,0,0,0,0,0,0.023242859,0,0,0,0,0,0.000799573,0,0,0,0.017624687,0,0,0,0,0,0,0,0,0,0,0,0,0,0,0,0,0,0,0.001077599,0.001601442,0,0.000752123,0,0,0,0,0,0,0,0,0,0,0,0,0,0,0.006515767,0,0,0,0,0,0,0,0,0,0,0,0,0,0,0,0,0,0,0,0,0,0,0,0,0,0,0,0,0,0,0,0,0,0,0,0,0,0,0,0,0,0,0,0,0,0,0,0,0,0,0,0,0,0,0,0,0,0,0,0,0,0,0,0,0,0,0,0,0,0,0,0,0,0,0,0,0,0,0,0,0,0,0,0,0,0,0,0,0,0,0,0,0,0,0,0,0,0,0,0,0,0,0,0,0,0,0,0,0,0,0,0,0,0,0,0,0,0,0,0,0,0,0,0,0,0,0,0,0,0,0,0,0,0,0,0,0,0,0,0,0,0,0,0,0,0,0,0,0,0,0,0,0,0,0,0,0,0,0,0,0,0,0,0,0,0,0,0,0,0,0,0,0,0,0,0,0,0,0,0,0,0,0,0,0,0,0,0,0,0,0,0,0,0,0,0,0,0,0,0,0,0,0,0,0,0,0,0,0,0,0,0,0,0,0,0,0,0,0,0,0,0,0,0,0,0,0,0,0,0,0,0,0,0,0,0,0,0,0,0,0,0,0,0,0,0,0,0,0,0,0,0,0,0,0,0,0,0,0,0,0,0,0,0,0,0,0,0,0,0,0,0,0,0,0,0,0,0,0,0,0,0,0,0,0,0,0,0,0,0,0,0,0,0,0,0,0,0,0,0,0,0,0,0,0,0,0,0,0,0,0,0,0,0,0,0,0,0,0,0,0,0,0,0,0,0,0,0,0,0,0,0,0,0,0,0,0,0,0,0,0,0,0,0,0,0,0,0,0,0,0,0,0,0,0,0,0,0,0,0,0,0,0,0,0,0,0,0,0,0,0,0,0,0,0,0,0,0,0,0,0,0,0,0,0,0,0,0,0,0,0,0,0,0,0,0,0,0,0,0,0,0,0,0,0,0,0,0,0,0,0,0,0,0,0,0,0,0,0,0,0,0,0,0,0,0,0,0,0,0,0,0,0,0,0,0,0,0,0,0,0,0,0,0,0,0,0,0,0,0,0,0,0,0,0,0,0,0,0,0,0,0,0,0,0,0,0,0,0,0,0,0,0,0,0,0,0,0,0,0,0,0,0,0,0,0,0,0,0,0,0,0,0,0,0,0,0,0,0,0,0,0,0,0,0,0,0,0,0,0,0,0,0,0,0,0,0,0,0,0,0,0,0,0,0,0,0,0,0,0,0,0,0,0,0,0,0,0,0,0,0,0,0,0,0,0,0,0,0,0,0,0,0,0,0,0,0,0,0,0,0,0,0,0,0,0,0,0,0,0,0,0,0,0,0,0,0,0,0,0,0,0,0,0,0,0,0,0,0,0,0,0,0,0,0,0,0,0,0,0
T2-STY2-SKELETAL,A,0.000778161,0,0,0,0.000739212,0,0,0.001163036,0,0,0,0,0,0,0,0,0,0,0,0,0,0,0,0,0,0,0.000915674,0,0,0,0,0,0,0.000628969,0,0,0,0,0,0,0,0,0,0,0,0,0,0,0,0.001401162,0,0,0.00146661,0,0,0,0.001273101,0,0,0,0,0,0,0,0,0.009144759,0,0,0,0,0,0,0.005264957,0,0,0,0,0,0.001394469,0,0,0,0,0,0,0,0,0,0.031010924,0,0,0,0,0,0,0,0,0.003142776,0,0,0,0.002509493,0,0,0.002545036,0,0,0,0.004274124,0,0,0,0.003214286,0,0,0,0,0,0,0,0,0,0.01429634,0,0,0.002688952,0,0,0.002820141,0,0,0,0,0,0,0,0,0,0,0,0,0,0,0.005345872,0,0,0,0,0,0,0.001604185,0,0,0.004209684,0,0,0,0,0,0,0,0,0.00195674,0,0,0.001792151,0,0,0,0,0,0.005312245,0,0,0.007499122,0,0,0,0,0,0,0,0,0,0,0,0,0,0,0,0,0,0,0,0,0,0,0,0.006529656,0,0,0,0.001747952,0,0,0,0,0,0,0,0,0,0.002713838,0,0,0,0,0,0,0,0,0,0,0,0.006703529,0,0,0,0,0,0.019550023,0,0,0,0,0,0.00201378,0,0,0,0,0,0,0.000980637,0,0,0,0,0,0,0,0,0,0,0,0,0,0,0.004469695,0,0,0.001470717,0,0,0,0,0,0,0,0,0,0.141708782,0,0,0,0,0,0,0,0,0,0,0,0,0,0,0,0,0,0,0,0,0,0,0,0.001687381,0,0,0,0,0,0,0,0,0,0,0,0,0,0,0,0,0.003072635,0,0,0,0,0,0,0,0,0,0,0,0,0,0,0,0,0,0,0,0,0,0.4662853,0,0,0,0,0,0,0,0,0,0,0,0,0,0,0,0,0,0,0,0,0,0,0,0,0,0,0,0,0,0,0,0,0,0.163425646,0,0,0,0,0,0,0,0,0,0,0,0,0,0,0,0,0,0,0,0,0,0,0,0,0,0.055701196,0,0,0,0,0,0,0,0,0,0,0,0,0,0,0,0,0,0,0,0,0,0,0,0,0,0,0,0,0,0,0,0,0,0,0,0,0,0,0,0,0,0,0,0,0,0,0,0,0,0,0,0,0,0,0,0,0,0,0,0,0,0,0,0,0,0,0,0,0,0,0,0,0,0,0,0,0,0,0,0,0,0,0,0,0,0,0,0,0,0,0,0,0,0,0,0,0,0,0,0,0,0,0,0,0,0,0,0,0,0,0,0,0,0,0,0,0,0,0,0,0,0,0,0,0,0,0,0,0,0,0,0,0,0,0,0,0,0,0,0,0,0,0,0,0,0,0,0,0,0,0,0,0,0,0,0,0,0,0,0,0,0,0,0,0,0,0,0,0,0,0,0,0,0,0,0,0,0,0,0,0,0,0,0,0,0,0,0,0,0,0,0,0,0,0,0,0,0,0,0,0,0,0,0,0,0,0,0,0,0,0,0,0,0,0,0,0,0,0,0,0,0,0,0,0,0,0,0,0,0,0,0,0,0,0,0,0,0,0,0,0,0,0,0,0,0,0,0,0,0,0,0,0,0,0,0,0,0,0,0,0,0,0,0,0,0,0,0,0,0,0,0,0,0,0,0,0,0,0,0,0,0,0,0,0,0,0,0,0,0,0,0,0,0,0,0,0,0,0,0,0,0,0,0,0,0,0,0,0,0,0,0,0,0,0,0,0,0,0,0,0,0,0,0,0,0,0,0,0,0,0,0,0,0,0,0,0,0,0,0,0,0,0,0,0,0,0,0,0,0,0,0,0,0,0,0,0,0,0,0,0,0,0,0,0,0,0,0,0,0,0,0,0,0,0,0,0,0,0,0,0,0,0,0,0,0,0,0,0,0,0,0,0,0,0,0,0,0,0,0,0,0,0,0,0,0,0,0,0,0,0,0,0,0,0,0,0,0,0,0,0,0,0,0,0,0,0,0,0,0,0,0,0,0,0,0,0,0,0,0,0,0,0,0,0,0,0,0,0,0,0,0,0,0,0,0,0,0,0,0,0,0,0,0,0,0,0,0,0,0,0,0,0,0,0,0,0,0,0,0,0,0,0,0,0,0,0,0,0,0,0,0,0,0,0,0,0,0,0,0,0,0,0,0,0,0,0,0,0,0,0,0,0,0,0,0,0,0,0,0,0,0,0,0,0,0,0,0,0,0,0,0,0,0,0,0,0,0,0,0,0,0,0,0,0,0,0,0,0,0,0,0,0,0,0,0,0,0,0,0,0,0,0,0,0,0,0,0,0,0,0,0,0,0,0,0,0,0,0,0,0,0,0,0,0,0,0,0,0,0,0,0,0,0,0,0,0,0,0,0,0,0,0,0,0,0
T3-SER-G2-1-skeletal,A,0,0,0,0.004753908,0,0,0,0,0,0,0,0,0,0,0,0,0,0,0,0,0,0,0,0,0,0,0,0,0,0,0,0,0,0.003621238,0,0,0,0,0,0,0,0,0,0,0,0,0,0,0,0.006153491,0,0.000832635,0,0,0,0,0,0,0,0,0,0,0,0,0,0.011456777,0,0.00697004,0,0,0,0,0.011595499,0.007265319,0,0,0,0,0,0,0,0,0,0,0,0,0,0,0.170353326,0,0,0,0.010528147,0,0,0,0.006181113,0,0,0,0,0.005984193,0,0,0,0,0,0,0.008309083,0,0,0,0.005468987,0,0,0,0,0,0,0,0,0.075954915,0,0,0,0.006562483,0,0,0.006814246,0,0,0,0,0,0,0,0,0,0,0,0,0,0,0.008398749,0,0,0,0,0,0,0,0,0,0,0,0,0,0,0,0,0,0,0,0,0,0,0,0,0,0,0,0.018761009,0,0,0,0,0,0,0,0,0,0,0,0,0,0,0,0,0,0,0,0,0,0,0,0,0,0,0.035633437,0,0,0,0,0,0,0,0,0,0,0,0,0,0,0,0,0,0,0,0,0,0,0,0,0,0.042265457,0,0,0,0,0.012227284,0,0,0,0,0,0,0,0,0,0,0,0,0,0,0,0,0,0,0,0,0,0,0,0,0,0,0,0.034722977,0,0,0,0,0,0,0,0,0,0,0.096546744,0,0,0,0,0,0,0,0,0,0,0,0,0,0,0,0,0,0,0,0,0,0,0,0,0,0,0,0,0,0,0,0,0,0,0,0,0,0,0,0,0,0,0.0215808,0,0,0,0,0,0,0,0,0,0,0,0,0.304470856,0,0,0,0,0,0,0,0,0,0,0,0,0,0.000934381,0,0,0,0,0,0,0,0,0,0,0,0,0,0,0.014974564,0,0,0,0,0,0,0,0,0,0.040266456,0,0,0,0,0,0.001736179,0,0,0,0,0,0,0,0,0,0,0,0,0,0,0,0,0,0,0,0,0,0,0,0,0,0,0,0,0,0,0,0,0,0,0,0,0,0,0,0,0,0,0,0,0,0,0,0,0,0,0,0,0,0,0,0,0,0,0,0,0,0,0,0,0,0,0,0,0,0,0,0,0,0,0,0,0,0,0,0,0,0,0,0,0,0,0,0,0,0,0,0,0,0,0,0,0,0,0,0,0,0,0,0,0,0,0,0,0,0,0,0,0,0,0,0,0,0,0,0,0,0,0,0,0,0,0,0,0,0,0,0,0,0,0,0,0,0,0,0,0,0,0,0,0,0,0,0,0,0,0,0,0,0,0,0,0,0,0,0,0,0,0,0,0,0,0,0,0,0,0,0,0,0,0,0,0,0,0,0,0,0,0,0,0,0,0,0,0,0,0,0,0,0,0,0,0,0,0,0,0,0,0,0,0,0,0,0,0,0,0,0,0,0,0,0,0,0,0,0,0,0,0,0,0,0,0,0,0,0,0,0,0,0,0,0,0,0,0,0,0,0,0,0,0,0,0,0,0,0,0,0,0,0,0,0,0,0,0,0,0,0,0,0,0,0,0,0,0,0,0,0,0,0,0,0,0,0,0,0,0,0,0,0,0,0,0,0,0,0,0,0,0,0,0,0,0,0,0,0,0,0,0,0,0,0,0,0,0,0,0,0,0,0,0,0,0,0,0,0,0,0,0,0,0,0,0,0,0,0,0,0,0,0,0,0,0,0,0,0,0,0,0,0,0,0,0,0,0,0,0,0,0,0,0,0,0,0,0,0,0,0,0,0,0,0,0,0,0,0,0,0,0,0,0,0,0,0,0,0,0,0,0,0,0,0,0,0,0,0,0,0,0,0,0,0,0,0,0,0,0,0,0,0,0,0,0,0,0,0,0,0,0,0,0,0,0,0,0,0,0,0,0,0,0,0,0,0,0,0,0,0,0,0,0,0,0,0,0,0,0,0,0,0,0,0,0,0,0,0,0,0,0,0,0,0,0,0,0,0,0,0,0,0,0,0,0,0,0,0,0,0,0,0,0,0,0,0,0,0,0,0,0,0,0,0,0,0,0,0,0,0,0,0,0,0,0,0,0,0,0,0,0,0,0,0,0,0,0,0,0,0,0,0,0,0,0,0,0,0,0,0,0,0,0,0,0,0,0,0,0,0,0,0,0,0,0,0,0,0,0,0,0,0,0,0,0,0,0,0,0,0,0,0,0,0,0,0,0,0,0,0,0,0,0,0,0,0,0,0,0,0,0,0,0,0,0,0,0,0,0,0,0,0,0,0,0,0,0,0,0,0,0,0,0,0,0,0,0,0,0,0,0,0,0,0,0,0,0,0,0,0,0,0,0,0,0,0,0,0,0,0,0,0,0,0,0,0,0,0,0
T4-SER-G1-1-skeletal,A,0.001101968,0,0,0.001673674,0,0,0,0,0,0.001520284,0,0,0.001445381,0,0,0,0,0,0,0,0,0,0,0,0,0.003671499,0,0,0,0,0,0,0,0.002568195,0,0,0,0,0,0,0,0,0,0,0,0.001276935,0,0,0,0,0.01588277,0,0,0.004484528,0,0,0.001512387,0,0.002541625,0,0,0,0,0,0,0.022230145,0,0,0.005475668,0,0,0,0.019531931,0,0,0,0,0,0,0,0,0,0,0,0.002787023,0,0,0,0,0,0,0.218280502,0,0,0,0,0,0.009500699,0,0,0,0.011973126,0,0.004373086,0,0.010148766,0,0,0.010553933,0,0,0,0,0.005792326,0,0,0,0,0,0.007149095,0,0,0,0,0.096619374,0,0,0,0,0.016205472,0,0,0,0,0.00726946,0,0,0.02647689,0,0,0,0,0,0.011310248,0,0,0.007573457,0,0,0,0.005069619,0,0.005382351,0,0.008640496,0,0.007159196,0,0,0,0,0,0.005102512,0,0,0,0,0,0,0.015232799,0,0,0.013482274,0,0,0.008847678,0,0,0,0,0,0,0.005722302,0,0.008214011,0,0,0,0,0,0,0,0,0,0,0,0,0,0,0.015918261,0,0,0,0,0,0,0,0,0,0,0,0,0,0,0,0,0,0,0,0,0,0,0,0,0.016918025,0,0,0,0,0,0.007179362,0,0,0,0,0,0,0,0,0,0,0,0,0,0,0,0,0,0,0,0,0,0,0,0,0,0,0,0.017744047,0,0,0,0,0,0,0,0,0,0,0.060378443,0,0,0,0,0,0,0,0,0,0,0,0,0,0,0,0,0,0,0,0,0,0,0,0,0,0,0,0,0,0,0,0,0,0,0,0,0,0,0,0,0,0,0.01094934,0,0,0,0,0,0,0,0,0,0,0,0,0,0,0,0.174112239,0,0,0,0,0,0,0,0,0,0,0,0,0,0,0,0,0,0,0.008052825,0,0,0,0,0,0,0,0.010765391,0,0,0,0,0,0,0,0,0.014130475,0,0,0,0,0,0,0,0,0.001228222,0,0,0,0,0,0,0,0,0.02630095,0,0,0,0,0,0,0,0,0,0,0.001538662,0,0,0,0,0,0,0,0.003263928,0,0,0,0,0,0,0,0,0.009118252,0,0,0,0,0,0,0,0,0,0,0,0,0,0,0,0,0,0,0,0,0,0,0,0,0,0,0,0,0,0,0,0,0,0,0,0,0,0,0,0,0,0,0,0,0,0,0,0,0,0,0,0,0,0,0,0,0,0,0,0,0,0,0,0,0,0,0,0,0,0,0,0,0,0,0,0,0,0,0,0,0,0,0,0,0,0,0,0,0,0,0,0,0,0,0,0,0,0,0,0,0,0,0,0,0,0,0,0,0,0,0,0,0,0,0,0,0,0,0,0,0,0,0,0,0,0,0,0,0,0,0,0,0,0,0,0,0,0,0,0,0,0,0,0,0,0,0,0,0,0,0,0,0,0,0,0,0,0,0,0,0,0,0,0,0,0,0,0,0,0,0,0,0,0,0,0,0,0,0,0,0,0,0,0,0,0,0,0,0,0,0,0,0,0,0,0,0,0,0,0,0,0,0,0,0,0,0,0,0,0,0,0,0,0,0,0,0,0,0,0,0,0,0,0,0,0,0,0,0,0,0,0,0,0,0,0,0,0,0,0,0,0,0,0,0,0,0,0,0,0,0,0,0,0,0,0,0,0,0,0,0,0,0,0,0,0,0,0,0,0,0,0,0,0,0,0,0,0,0,0,0,0,0,0,0,0,0,0,0,0,0,0,0,0,0,0,0,0,0,0,0,0,0,0,0,0,0,0,0,0,0,0,0,0,0,0,0,0,0,0,0,0,0,0,0,0,0,0,0,0,0,0,0,0,0,0,0,0,0,0,0,0,0,0,0,0,0,0,0,0,0,0,0,0,0,0,0,0,0,0,0,0,0,0,0,0,0,0,0,0,0,0,0,0,0,0,0,0,0,0,0,0,0,0,0,0,0,0,0,0,0,0,0,0,0,0,0,0,0,0,0,0,0,0,0,0,0,0,0,0,0,0,0,0,0,0,0,0,0,0,0,0,0,0,0,0,0,0,0,0,0,0,0,0,0,0,0,0,0,0,0,0,0,0,0,0,0,0,0,0,0,0,0,0,0,0,0,0,0,0,0,0,0,0,0,0,0,0,0,0,0,0,0,0,0,0,0,0,0,0,0,0,0,0,0,0,0,0,0,0,0,0,0,0,0,0,0,0,0,0,0,0,0,0,0,0,0,0,0,0,0,0,0,0,0,0,0,0,0,0,0,0,0,0,0,0,0,0,0,0,0,0,0,0,0,0,0,0,0,0,0,0,0,0,0,0,0,0,0,0,0,0,0,0,0,0,0,0,0,0,0,0,0,0,0,0,0,0,0,0,0,0,0,0,0,0,0,0,0,0,0,0,0,0,0,0,0,0,0,0
T5-SER-G1-1-skeletal,A,0,0,0,0,0.001279115,0,0,0.001413224,0,0,0,0,0.000735717,0,0,0,0,0,0,0,0,0,0,0,0,0.002286451,0,0,0,0,0,0,0,0.001139195,0,0,0.000266755,0,0,0,0.000684478,0,0,0,0,0.000682873,0,0,0,0,0.006836827,0,0,0,0,0,0.001764282,0,0,0,0,0,0,0,0,0.013645311,0,0,0,0,0,0,0.009254181,0,0,0,0,0,0.001960367,0,0,0,0,0,0.001469305,0,0,0,0,0,0.066702128,0,0,0,0,0,0,0.004227703,0,0,0,0.005993261,0,0,0,0.003653276,0,0,0.005911445,0,0,0,0,0.004269726,0,0,0,0,0,0.003132005,0,0,0,0.029547108,0,0,0,0,0,0.005919385,0,0,0,0,0.003648498,0,0,0.010278218,0,0,0,0,0,0.008237127,0,0,0,0,0,0,0.005147391,0,0,0,0.009031044,0,0,0,0,0,0,0,0.003700027,0,0,0,0,0,0,0.010651548,0,0,0.005692591,0,0,0.006290105,0,0,0,0,0,0,0.013419932,0,0,0,0,0,0,0,0,0,0,0,0,0,0,0,0,0.011371716,0,0,0,0,0,0,0,0,0,0,0,0,0,0.005263381,0,0,0,0.003037861,0,0,0,0,0,0,0.008006252,0,0,0,0,0,0.013420858,0,0,0,0,0.003217185,0,0,0,0,0,0,0,0,0.002255854,0,0,0.001971099,0,0,0,0,0,0,0,0,0,0,0,0.005836077,0,0,0,0,0,0,0,0,0,0,0,0,0,0,0.109487046,0,0,0,0,0,0,0,0,0,0,0,0,0,0,0,0,0,0,0,0,0,0.01222883,0,0,0,0,0,0,0,0,0,0,0,0.001142312,0,0,0,0,0,0.003698518,0,0,0,0,0,0,0,0,0,0,0,0,0,0,0,0,0,0,0,0,0,0,0,0.331165467,0,0,0,0,0,0,0,0,0,0,0,0,0,0,0.021170271,0,0,0,0,0,0,0,0,0,0,0,0,0,0,0.080303477,0,0,0,0,0,0,0,0,0,0,0,0,0,0,0.05026169,0,0,0,0,0,0,0,0,0,0,0,0.029123329,0,0,0,0,0,0,0,0,0,0,0,0,0,0,0,0.046080949,0,0,0,0,0,0,0,0,0,0,0,0,0,0,0,0,0,0,0,0,0,0,0,0,0,0,0,0,0,0,0,0,0,0,0,0,0,0,0,0,0,0,0,0,0,0,0.005847107,0,0,0,0,0,0,0,0,0,0,0,0,0,0,0,0,0,0,0,0,0,0,0,0,0,0,0,0,0,0,0,0,0,0,0,0,0,0,0,0,0,0,0,0,0,0,0,0,0,0,0,0,0,0,0,0,0,0,0,0,0,0,0,0,0,0,0,0,0,0,0,0,0,0,0,0,0,0,0,0,0,0,0,0,0,0,0,0,0,0,0,0,0,0,0,0,0,0,0,0,0,0,0,0,0,0,0,0,0,0,0,0,0,0,0,0,0,0,0,0,0,0,0,0,0,0,0,0,0,0,0,0,0,0,0,0,0,0,0,0,0,0,0,0,0,0,0,0,0,0,0,0,0,0,0,0,0,0,0,0,0,0,0,0,0,0,0,0,0,0,0,0,0,0,0,0,0,0,0,0,0,0,0,0,0,0,0,0,0,0,0,0,0,0,0,0,0,0,0,0,0,0,0,0,0,0,0,0,0,0,0,0,0,0,0,0,0,0,0,0,0,0,0,0,0,0,0,0,0,0,0,0,0,0,0,0,0,0,0,0,0,0,0,0,0,0,0,0,0,0,0,0,0,0,0,0,0,0,0,0,0,0,0,0,0,0,0,0,0,0,0,0,0,0,0,0,0,0,0,0,0,0,0,0,0,0,0,0,0,0,0,0,0,0,0,0,0,0,0,0,0,0,0,0,0,0,0,0,0,0,0,0,0,0,0,0,0,0,0,0,0,0,0,0,0,0,0,0,0,0,0,0,0,0,0,0,0,0,0,0,0,0,0,0,0,0,0,0,0,0,0,0,0,0,0,0,0,0,0,0,0,0,0,0,0,0,0,0,0,0,0,0,0,0,0,0,0,0,0,0,0,0,0,0,0,0,0,0,0,0,0,0,0,0,0,0,0,0,0,0,0,0,0,0,0,0,0,0,0,0,0,0,0,0,0,0,0,0,0,0,0,0,0,0,0,0,0,0,0,0,0,0,0,0,0,0,0,0,0,0,0,0,0,0,0,0,0,0,0,0,0,0,0,0,0,0,0,0,0,0,0,0,0,0,0,0,0,0,0,0,0,0,0,0,0,0,0,0,0,0,0,0,0,0,0,0,0,0,0,0,0,0,0,0,0,0,0,0,0,0,0,0,0,0,0,0,0,0,0,0,0,0,0,0,0,0,0,0,0,0,0,0,0,0,0,0,0,0,0,0,0,0,0,0,0,0,0,0,0,0,0,0
T5-SER-G1-2-skeletal,A,0.000414885,0,0,0,0.000829108,0,0,0.001531195,0,0,0,0,0,0,0,0,0,0,0,0,0,0,0,0,0,0.002385492,0,0,0,0,0,0,0,0,0.001295392,0,0,0,0,0.000548965,0,0,0,0,0,0,0.000514877,0,0,0,0.009342133,0,0,0,0,0,0,0.001799149,0,0,0,0,0.000462539,0,0,0.011564152,0,0,0,0.002460826,0,0,0,0.010198472,0,0,0,0,0,0,0,0,0,0,0,0.001260457,0,0,0,0,0,0,0.083518078,0,0,0,0,0.003613044,0,0,0.002606809,0.001966542,0,0.001976305,0,0.004050556,0,0,0.004801842,0,0,0,0,0.002418012,0,0,0,0,0,0.001586521,0,0,0,0,0.037927927,0,0,0,0,0.006412721,0,0,0,0,0.004053348,0,0,0,0.006058329,0,0.004053155,0,0,0,0.00461771,0,0,0,0,0,0,0.005306123,0,0,0.004824793,0,0,0.003479222,0,0,0,0,0,0.003708207,0,0,0.002329098,0,0,0,0.008830322,0,0.005636978,0,0,0,0.006159355,0,0,0,0,0,0,0.005817171,0.008750667,0,0,0,0,0,0,0,0,0,0,0,0,0,0,0.006935143,0,0,0,0,0,0,0,0,0,0,0,0,0,0.003843426,0,0,0,0,0,0,0,0,0,0,0,0.005317155,0,0.001419823,0,0,0,0.013357191,0,0,0,0,0.001916387,0,0,0,0,0,0,0,0.002420024,0,0,0.001956332,0,0,0,0,0,0,0,0,0,0,0,0,0,0.004770408,0,0,0,0,0,0,0,0,0,0,0,0,0,0,0.112380465,0,0,0,0,0,0,0,0,0,0,0,0,0,0,0,0,0,0,0,0,0.016072267,0,0,0,0,0,0,0,0,0,0,0,0.00105494,0,0,0,0,0,0,0.002801134,0,0,0,0,0,0,0,0,0,0,0,0,0,0,0,0,0,0,0,0,0.327621477,0,0,0,0,0,0,0,0,0,0,0,0,0,0,0,0,0.022312651,0,0,0,0,0,0,0,0,0,0,0,0,0,0,0,0.085843951,0,0,0,0,0,0,0,0,0,0,0,0,0,0.050230026,0,0,0,0,0,0,0,0,0,0,0.017752102,0,0,0,0,0.008728195,0,0,0,0,0,0,0,0,0,0,0.038253633,0,0,0,0,0,0,0,0,0,0,0,0,0,0,0,0,0,0,0,0,0,0,0,0,0,0,0,0,0,0,0,0,0,0,0,0,0,0,0,0,0,0,0,0,0,0,0,0,0,0,0.001823207,0,0,0.000971539,0,0,0,0,0,0,0,0,0,0,0,0,0,0,0,0,0,0,0,0,0,0,0,0,0,0,0,0,0,0,0,0,0,0,0,0,0,0,0,0,0,0,0,0,0,0,0,0,0,0,0,0,0,0,0,0,0,0,0,0,0,0,0,0,0,0,0,0,0,0,0,0,0,0,0,0,0,0,0,0,0,0,0,0,0,0,0,0,0,0,0,0,0,0,0,0,0,0,0,0,0,0,0,0,0,0,0,0,0,0,0,0,0,0,0,0,0,0,0,0,0,0,0,0,0,0,0,0,0,0,0,0,0,0,0,0,0,0,0,0,0,0,0,0,0,0,0,0,0,0,0,0,0,0,0,0,0,0,0,0,0,0,0,0,0,0,0,0,0,0,0,0,0,0,0,0,0,0,0,0,0,0,0,0,0,0,0,0,0,0,0,0,0,0,0,0,0,0,0,0,0,0,0,0,0,0,0,0,0,0,0,0,0,0,0,0,0,0,0,0,0,0,0,0,0,0,0,0,0,0,0,0,0,0,0,0,0,0,0,0,0,0,0,0,0,0,0,0,0,0,0,0,0,0,0,0,0,0,0,0,0,0,0,0,0,0,0,0,0,0,0,0,0,0,0,0,0,0,0,0,0,0,0,0,0,0,0,0,0,0,0,0,0,0,0,0,0,0,0,0,0,0,0,0,0,0,0,0,0,0,0,0,0,0,0,0,0,0,0,0,0,0,0,0,0,0,0,0,0,0,0,0,0,0,0,0,0,0,0,0,0,0,0,0,0,0,0,0,0,0,0,0,0,0,0,0,0,0,0,0,0,0,0,0,0,0,0,0,0,0,0,0,0,0,0,0,0,0,0,0,0,0,0,0,0,0,0,0,0,0,0,0,0,0,0,0,0,0,0,0,0,0,0,0,0,0,0,0,0,0,0,0,0,0,0,0,0,0,0,0,0,0,0,0,0,0,0,0,0,0,0,0,0,0,0,0,0,0,0,0,0,0,0,0,0,0,0,0,0,0,0,0,0,0,0,0,0,0,0,0,0,0,0,0,0,0,0,0,0,0,0,0,0,0,0,0,0,0,0,0,0,0,0,0,0,0,0,0,0,0,0,0,0,0,0,0,0,0,0,0,0,0,0,0,0,0,0,0,0,0,0,0,0,0,0,0,0,0,0,0,0,0,0,0,0,0,0,0,0,0,0,0,0,0,0
T5-SER-G2-1-skeletal,B,0.000361462,0,0,0,0.000610439,0,0,0.000743591,0,0.000268995,0,0,0,0,0,0,0,0,0,0,0,0,0,0,0,0,0.00118369,0,0,0,0,0,0,0,0.000810912,0,0,0,0,0,0.000257399,0,0,0,0,0,0.000277791,0,0,0,0.00571983,0,0,0.001112867,0,0,0,0,0,0,0,0,0,0,0,0,0.005131256,0,0,0.001753089,0,0,0,0.003250613,0.003661469,0,0,0,0.001150079,0,0,0,0,0,0,0.001102487,0,0,0,0,0,0.063743053,0,0,0,0,0,0.002091391,0,0,0,0,0.003948896,0,0,0.004665588,0,0,0,0.003377689,0,0,0,0.001688251,0,0,0,0,0,0,0,0,0,0,0.026302493,0,0,0,0,0.004790234,0,0,0,0,0.003026297,0,0,0,0.004832697,0,0,0.002935582,0,0,0.005820135,0,0,0,0,0,0,0.004198464,0,0,0,0.005793191,0,0,0,0,0,0,0,0.003642211,0,0,0,0.001787323,0,0,0.006312177,0,0,0.005310088,0,0,0,0,0,0,0,0,0,0.011985935,0,0,0,0,0,0,0,0,0,0,0,0,0,0,0,0.006337924,0,0,0,0,0,0,0,0,0,0,0,0,0,0,0.003441994,0,0,0,0,0,0,0,0,0,0,0.005042904,0,0,0.0012646,0,0,0.013072006,0,0,0,0,0.001927857,0,0,0,0,0,0,0,0,0.002206804,0,0,0.001638975,0,0,0,0,0,0,0,0,0,0,0,0,0.004821086,0,0,0,0,0,0,0,0,0,0,0,0,0,0,0,0.115278751,0,0,0,0,0,0,0,0,0,0,0,0,0,0,0,0,0,0,0,0,0.018069489,0,0,0,0,0,0,0,0,0,0,0,0.001754459,0,0,0,0,0,0,0,0.004336213,0,0,0,0,0,0,0,0,0,0,0,0,0,0,0,0,0,0,0.330093647,0,0,0,0,0,0,0,0,0,0,0,0,0,0,0,0,0,0.025151165,0,0,0,0,0,0,0,0,0,0,0,0,0,0,0,0,0.097874355,0,0,0,0,0,0,0,0,0,0,0,0.051372215,0,0,0,0,0,0,0,0,0,0,0,0.033130165,0,0,0,0,0,0,0,0,0,0,0,0,0,0,0,0.061527722,0,0,0,0,0,0,0,0,0,0,0,0,0,0,0,0,0,0,0,0,0,0,0,0,0,0,0,0,0,0,0,0,0,0,0,0,0,0,0,0,0,0,0,0,0,0,0.006380126,0,0,0,0,0,0,0,0,0,0.019140497,0,0,0,0,0,0,0,0,0,0,0,0,0,0,0,0,0,0,0,0,0,0,0,0,0,0,0,0,0,0,0,0,0,0,0,0,0,0,0,0,0,0,0,0,0,0,0,0,0,0,0,0,0,0,0,0,0,0,0,0,0,0,0,0,0,0,0,0,0,0,0,0,0,0,0,0,0,0,0,0,0,0,0,0,0,0,0,0,0,0,0,0,0,0,0,0,0,0,0,0,0,0,0,0,0,0,0,0,0,0,0,0,0,0,0,0,0,0,0,0,0,0,0,0,0,0,0,0,0,0,0,0,0,0,0,0,0,0,0,0,0,0,0,0,0,0,0,0,0,0,0,0,0,0,0,0,0,0,0,0,0,0,0,0,0,0,0,0,0,0,0,0,0,0,0,0,0,0,0,0,0,0,0,0,0,0,0,0,0,0,0,0,0,0,0,0,0,0,0,0,0,0,0,0,0,0,0,0,0,0,0,0,0,0,0,0,0,0,0,0,0,0,0,0,0,0,0,0,0,0,0,0,0,0,0,0,0,0,0,0,0,0,0,0,0,0,0,0,0,0,0,0,0,0,0,0,0,0,0,0,0,0,0,0,0,0,0,0,0,0,0,0,0,0,0,0,0,0,0,0,0,0,0,0,0,0,0,0,0,0,0,0,0,0,0,0,0,0,0,0,0,0,0,0,0,0,0,0,0,0,0,0,0,0,0,0,0,0,0,0,0,0,0,0,0,0,0,0,0,0,0,0,0,0,0,0,0,0,0,0,0,0,0,0,0,0,0,0,0,0,0,0,0,0,0,0,0,0,0,0,0,0,0,0,0,0,0,0,0,0,0,0,0,0,0,0,0,0,0,0,0,0,0,0,0,0,0,0,0,0,0,0,0,0,0,0,0,0,0,0,0,0,0,0,0,0,0,0,0,0,0,0,0,0,0,0,0,0,0,0,0,0,0,0,0,0,0,0,0,0,0,0,0,0,0,0,0,0,0,0,0,0,0,0,0,0,0,0,0,0,0,0,0,0,0,0,0,0,0,0,0,0,0,0,0,0,0,0,0,0,0,0,0,0,0,0,0,0,0,0,0,0,0,0,0,0,0,0,0,0,0,0,0,0,0,0,0,0,0,0,0,0,0,0,0,0,0,0,0,0,0,0,0,0,0,0,0,0,0,0,0,0,0,0,0,0,0,0,0,0,0
T5-SER-G2-2-skeletal,B,0.000392978,0,0,0,0,0,0,0.002035043,0,0,0,0,0,0.000419583,0,0,0,0,0,0.000273075,0,0,0,0,0,0,0.00176499,0,0,0,0,0,0,0,0.000878659,0,0,0,0,0,0.000329415,0,0,0,0,0,0.000356331,0,0,0,0.007953513,0,0,0,0,0,0,0,0,0,0,0,0,0,0,0,0.008447754,0,0,0,0,0,0,0,0.007635189,0,0,0,0.001835635,0,0,0,0,0,0,0,0,0,0,0,0.05779283,0,0,0,0,0,0,0,0.003191464,0,0,0,0.004379605,0,0,0.003085668,0,0,0,0.004737219,0,0,0,0.002904629,0,0,0,0,0.002323247,0,0,0,0,0,0.02140126,0,0,0,0,0,0.004643104,0,0,0,0,0.002687546,0,0,0.007147917,0,0,0,0,0,0.005804028,0,0,0,0,0,0,0.004440404,0,0,0,0.006097203,0,0,0,0,0,0,0,0.002369386,0,0,0,0,0,0,0,0,0,0.012176566,0,0,0.004920531,0,0,0,0,0,0,0.01070527,0,0,0,0,0,0,0,0,0,0,0,0,0,0,0,0,0.007631193,0,0,0,0,0,0,0,0,0,0,0,0,0,0.003522311,0,0,0,0,0,0,0,0,0,0,0,0.005385204,0,0,0,0,0,0.012496689,0,0,0,0,0.003299207,0,0,0,0,0,0,0,0,0.002180067,0,0,0.00162495,0,0,0,0,0,0,0,0,0,0,0,0,0.004135933,0,0,0,0,0,0,0,0,0,0,0,0,0,0,0,0.112792845,0,0,0,0,0,0,0,0,0,0,0,0,0,0,0,0,0,0,0,0,0.015362808,0,0,0,0,0,0,0,0,0,0,0,0.001989904,0,0,0,0,0,0,0.003950109,0,0,0,0,0,0,0,0,0,0,0,0,0,0,0,0,0,0,0,0,0,0,0,0.374431295,0,0,0,0,0,0,0,0,0,0,0,0,0,0,0,0,0,0,0,0,0,0,0,0,0,0,0,0,0,0.093108543,0,0,0,0,0,0,0,0,0,0,0,0.042502358,0,0,0,0,0,0,0,0,0,0,0,0,0.032239193,0,0,0,0,0,0,0,0,0,0,0,0,0,0,0,0.058200496,0,0,0,0,0,0,0,0,0,0,0,0,0,0,0,0,0,0,0,0,0,0,0,0,0,0,0,0,0,0,0,0,0,0,0,0,0,0,0,0,0,0,0,0,0,0,0,0,0,0,0,0,0,0,0,0,0.027665337,0,0,0,0,0,0,0,0,0,0,0,0,0,0,0,0,0,0,0,0,0,0,0,0,0,0,0,0,0,0,0,0,0,0,0,0,0,0,0,0,0,0,0,0,0,0,0,0,0,0,0,0,0,0,0,0,0,0,0,0,0,0,0,0,0,0,0,0,0,0,0,0,0,0,0,0,0,0,0,0,0,0,0,0,0,0,0,0,0,0,0,0,0,0,0,0,0,0,0,0,0,0,0,0,0,0,0,0,0,0,0,0,0,0,0,0,0,0,0,0,0,0,0,0,0,0,0,0,0,0,0,0,0,0,0,0,0,0,0,0,0,0,0,0,0,0,0,0,0,0,0,0,0,0,0,0,0,0,0,0,0,0,0,0,0,0,0,0,0,0,0,0,0,0,0,0,0,0,0,0,0,0,0,0,0,0,0,0,0,0,0,0,0,0,0,0,0,0,0,0,0,0,0,0,0,0,0,0,0,0,0,0,0,0,0,0,0,0,0,0,0,0,0,0,0,0,0,0,0,0,0,0,0,0,0,0,0,0,0,0,0,0,0,0,0,0,0,0,0,0,0,0,0,0,0,0,0,0,0,0,0,0,0,0,0,0,0,0,0,0,0,0,0,0,0,0,0,0,0,0,0,0,0,0,0,0,0,0,0,0,0,0,0,0,0,0,0,0,0,0,0,0,0,0,0,0,0,0,0,0,0,0,0,0,0,0,0,0,0,0,0,0,0,0,0,0,0,0,0,0,0,0,0,0,0,0,0,0,0,0,0,0,0,0,0,0,0,0,0,0,0,0,0,0,0,0,0,0,0,0,0,0,0,0,0,0,0,0,0,0,0,0,0,0,0,0,0,0,0,0,0,0,0,0,0,0,0,0,0,0,0,0,0,0,0,0,0,0,0,0,0,0,0,0,0,0,0,0,0,0,0,0,0,0,0,0,0,0,0,0,0,0,0,0,0,0,0,0,0,0,0,0,0,0,0,0,0,0,0,0,0,0,0,0,0,0,0,0,0,0,0,0,0,0,0,0,0,0,0,0,0,0,0,0,0,0,0,0,0,0,0,0,0,0,0,0,0,0,0,0,0,0,0,0,0,0,0,0,0,0,0,0,0,0,0,0,0,0,0,0,0,0,0,0,0,0,0,0,0,0,0,0,0,0,0,0,0,0,0,0,0,0,0,0,0,0,0,0,0,0
T5-STY1-skeletal,B,0,0,0,0,0,0,0,0.000421366,0,0,0,0,0,0,0,0,0,0,0,0,0,0,0,0,0,0,0.001680987,0,0,0,0,0,0,0,0.000639674,0,0,0,0,0,0,0,0,0,0,0,0,0,0,0,0.004075642,0,0,0,0.000505562,0,0,0,0,0,0,0,0,0,0,0,0.012385645,0,0,0,0,0,0,0.005229292,0,0,0,0,0,0,0,0,0,0,0,0,0,0,0,0,0.037363594,0,0,0,0,0,0,0,0.001388972,0.000674533,0,0,0.001253005,0,0,0,0.001693578,0,0,0.003337811,0,0,0,0,0,0,0,0,0,0,0,0,0,0,0.015284829,0,0,0,0,0,0.001150057,0,0,0,0,0.000563694,0,0,0.000517486,0,0,0,0,0,0,0.000625996,0,0,0,0,0,0.000669906,0,0,0,0.00101415,0,0,0,0,0,0,0,0,0,0,0,0.00097874,0,0,0,0.001431872,0,0.001185422,0,0,0,0,0,0,0,0,0,0,0,0,0,0,0,0,0,0,0,0,0,0,0,0,0,0,0.002558658,0,0,0,0,0,0,0,0,0,0,0,0,0,0,0.000647321,0,0,0,0,0,0,0,0,0,0,0,0.001888817,0,0.000894945,0,0,0,0.021358166,0,0,0,0,0,0,0,0,0,0,0,0,0,0,0,0,0,0,0,0,0,0,0,0,0,0,0,0,0,0,0.001380396,0,0,0,0,0,0,0,0,0,0,0,0,0,0,0,0.142872428,0,0,0,0,0,0,0,0,0,0,0,0,0,0,0,0,0,0,0,0,0,0,0,0,0,0,0,0,0.000180464,0,0,0,0,0,0,0,0,0,0,0,0,0,0,0,0,0,0,0,0,0,0,0,0,0,0,0,0,0,0.151037328,0,0,0,0.299513519,0,0,0,0,0,0,0,0,0,0,0,0,0,0,0,0,0,0,0,0,0,0,0,0,0,0,0,0,0,0,0.123533791,0,0,0,0,0,0,0,0.030803491,0,0,0,0,0,0,0,0,0,0,0,0,0,0,0,0.012442713,0,0,0,0,0,0,0,0,0,0,0,0,0,0,0,0,0,0,0,0,0,0,0,0,0,0,0,0,0,0,0,0,0,0,0,0,0,0,0,0,0,0,0,0,0,0,0,0,0,0,0,0,0,0,0,0,0,0,0,0,0,0,0,0,0,0,0,0,0,0,0,0,0,0,0,0,0,0,0,0,0,0,0,0,0,0,0,0,0,0,0,0,0,0,0,0,0,0,0,0,0,0,0,0,0,0,0,0,0,0,0,0,0,0,0,0,0,0,0,0,0,0,0,0,0,0,0,0,0,0,0,0,0,0,0,0,0,0,0,0,0,0,0,0,0,0,0,0,0,0,0,0,0,0,0,0,0,0,0,0,0,0,0,0,0,0,0,0,0,0,0,0,0,0,0,0,0,0,0,0,0,0,0,0,0,0,0,0,0,0,0,0,0,0,0,0,0,0,0,0,0,0,0,0,0,0,0,0,0,0,0,0,0,0,0,0,0,0,0,0,0,0,0,0,0,0,0,0,0,0,0,0,0,0,0,0,0,0,0,0,0,0,0,0,0,0,0,0,0,0,0,0,0,0,0,0,0,0,0,0,0,0,0,0,0,0,0,0,0,0,0,0,0,0,0,0,0,0,0,0,0,0,0,0,0,0,0,0,0,0,0,0,0,0,0,0,0,0,0,0,0,0,0,0,0,0,0,0,0,0,0,0,0,0,0,0,0,0,0,0,0,0,0,0,0,0,0,0,0,0,0,0,0,0,0,0,0,0,0,0,0,0,0,0,0,0,0,0,0,0,0,0,0,0,0,0,0,0,0,0,0,0,0,0,0,0,0,0,0,0,0,0,0,0,0,0,0,0,0,0,0,0,0,0,0,0,0,0,0,0,0,0,0,0,0,0,0,0,0,0,0,0,0,0,0,0,0,0,0,0,0,0,0,0,0,0,0,0,0,0,0,0,0,0,0,0,0,0,0,0,0,0,0,0,0,0,0,0,0,0,0,0,0,0,0,0,0,0,0,0,0,0,0,0,0.114517444,0,0,0,0,0,0,0,0,0,0,0,0,0,0,0,0,0.001188061,0,0,0,0,0,0,0,0,0,0,0,0,0,0,0,0,0,0,0,0,0,0,0,0,0,0,0,0,0,0,0,0,0,0,0,0,0,0,0,0,0,0,0,0,0,0,0,0,0,0,0,0,0,0,0,0,0,0,0,0,0,0,0,0,0,0,0,0,0,0,0,0,0,0,0,0,0,0,0,0,0,0,0,0,0,0,0,0,0,0,0,0,0,0,0,0,0,0,0,0,0,0,0,0,0,0,0,0,0,0,0,0,0,0,0,0,0,0,0,0,0,0,0,0,0,0,0,0,0,0
T5-STY3-skeletal,B,0.00060498,0,0,0,0.000934179,0,0,0.001251992,0,0,0,0,0,0,0,0,0,0,0,0,0,0,0,0,0,0,0,0.001489274,0,0,0,0,0,0,0.000710342,0,0,0,0,0,0,0,0,0,0,0,0.000313706,0,0,0.003739472,0,0,0,0,0.00138821,0,0,0.001048233,0,0,0,0,0,0,0,0,0.01117354,0,0,0,0,0,0,0.00527925,0,0,0,0,0.000994616,0,0,0,0,0,0,0,0,0,0,0.049424665,0,0,0,0,0,0,0,0,0.003389727,0,0,0,0.003057524,0,0,0.002314324,0,0,0,0.003751533,0,0,0,0,0.002227649,0,0,0,0,0,0,0,0,0.022231674,0,0,0,0,0,0,0.00313651,0,0,0,0,0.002229026,0,0,0.0028403,0,0,0.001563357,0,0,0,0.004874147,0,0,0,0,0,0.002374089,0,0,0,0.004259676,0,0,0,0,0,0,0,0.002005629,0,0,0,0.002566597,0,0,0.001830663,0,0,0.003668924,0,0,0.004143665,0,0,0,0,0,0,0,0.005990723,0,0,0,0,0,0,0,0,0,0,0,0,0,0,0,0.008740706,0,0,0,0,0,0,0,0,0,0,0,0,0,0.001785774,0,0,0,0,0,0,0,0,0,0,0,0.007262183,0,0,0,0,0,0.015563311,0,0,0,0,0,0,0,0,0,0,0,0,0,0.002726187,0,0,0,0,0,0,0,0,0,0,0,0,0,0,0,0.004870686,0,0,0,0,0,0,0,0,0,0,0,0,0.108982083,0,0,0,0,0,0,0,0,0,0,0,0,0,0,0,0,0,0,0,0,0,0,0,0,0,0,0,0,0,0,0,0,0,0,0,0,0,0,0,0,0,0,0.001029383,0,0,0,0,0,0,0,0,0,0,0,0,0,0,0,0,0,0,0.182095107,0,0,0,0,0,0.194837229,0,0,0,0,0,0,0,0,0,0,0,0,0,0,0,0,0,0,0,0,0,0,0,0,0,0,0.105186802,0,0,0,0,0,0,0,0,0,0,0,0,0,0,0,0,0,0,0,0,0,0,0,0,0,0,0.009209267,0,0,0,0,0,0,0,0,0,0,0,0,0,0,0,0,0,0,0,0,0,0,0,0,0,0,0,0,0,0,0,0,0,0,0,0,0,0,0,0,0,0,0,0,0,0,0,0,0,0,0,0,0,0,0,0,0,0,0,0,0,0,0,0,0,0,0,0,0,0,0,0,0,0,0,0,0,0,0,0,0,0,0,0,0,0,0.197727026,0,0,0,0,0,0,0,0,0,0,0,0,0,0,0,0,0,0,0,0,0,0,0,0,0,0,0,0,0,0,0,0,0,0,0,0,0,0,0,0,0,0,0,0,0,0,0,0,0,0,0,0,0,0,0,0,0,0,0,0,0,0,0,0,0,0,0,0.000333057,0,0,0,0,0,0,0,0,0,0,0,0,0,0,0,0,0,0,0,0,0,0,0,0,0,0,0,0,0,0,0,0,0,0,0,0,0,0,0,0,0,0,0,0,0,0,0,0,0,0,0,0,0,0,0,0,0,0,0,0,0,0,0,0,0,0,0,0,0,0,0,0,0,0,0,0,0,0,0,0,0,0,0,0,0,0,0,0,0,0,0,0,0,0,0,0,0,0,0,0,0,0,0,0,0,0,0,0,0,0,0,0,0,0,0,0,0,0,0,0,0,0,0,0,0,0,0,0,0,0,0,0,0,0,0,0,0,0,0,0,0,0,0,0,0,0,0,0,0,0,0,0,0,0,0,0,0,0,0,0,0,0,0,0,0,0,0,0,0,0,0,0,0,0,0,0,0,0,0,0,0,0,0,0,0,0,0,0,0,0,0,0,0,0,0,0,0,0,0,0,0,0,0,0,0,0,0,0,0,0,0,0,0,0,0,0,0,0,0,0,0,0,0,0,0,0,0,0,0,0,0,0,0,0,0,0,0,0,0,0,0,0,0,0,0,0,0,0,0,0,0,0,0,0,0,0,0,0,0,0,0,0,0,0,0,0,0,0,0,0,0,0,0,0,0,0,0,0,0,0,0,0,0,0,0,0,0,0,0,0,0,0,0,0,0,0,0,0,0,0,0,0,0,0,0,0,0,0,0,0,0,0,0,0,0,0,0,0,0,0,0,0,0,0,0,0,0,0,0,0,0,0,0,0,0,0,0,0,0,0,0,0,0,0,0,0,0,0,0,0,0,0,0,0,0,0,0,0,0,0,0,0,0,0,0,0,0,0,0,0,0,0,0,0,0,0,0,0,0,0,0,0,0,0,0,0,0,0,0,0,0,0,0,0,0,0,0,0,0,0,0,0,0,0,0,0,0,0,0,0,0,0,0,0,0,0,0,0,0,0,0,0,0,0,0,0,0,0,0,0,0,0,0,0,0,0,0,0,0,0,0,0,0,0,0,0,0,0
T6-SER-G1-1-skeletal,B,0,0,0,0.001724868,0,0.002793769,0,0,0,0,0,0,0,0,0,0,0,0,0,0,0,0,0,0,0,0,0,0,0,0,0,0,0,0,0.004050334,0,0,0,0,0,0,0,0,0,0,0,0,0,0,0.015845956,0,0,0,0,0.004356865,0,0,0,0,0,0,0,0,0,0,0,0,0,0,0.012207022,0,0,0,0.01201521,0.015564884,0,0,0,0,0,0,0,0,0,0,0.003688286,0,0,0,0.235095192,0,0,0,0.022131803,0,0,0,0,0.012688403,0,0,0,0.009829541,0,0,0.010502658,0,0,0,0.010289019,0,0,0,0.004598519,0,0,0,0,0,0,0,0,0,0.10168293,0,0,0,0.006519202,0,0,0.006134124,0,0,0,0,0,0,0.000620506,0,0,0,0,0,0,0,0.006423567,0,0,0,0,0,0.003417678,0,0,0,0.003924039,0,0,0,0,0,0,0,0,0,0,0,0,0,0,0.002460077,0,0,0.0105919,0,0,0.003875707,0,0,0,0,0,0,0,0,0,0,0,0,0,0,0,0,0,0,0,0,0,0,0,0.021413048,0,0,0,0,0,0,0,0,0,0,0,0,0,0,0,0,0,0,0,0,0,0,0,0,0,0.024689557,0,0,0,0,0,0.007460955,0,0,0,0,0,0,0,0,0,0,0,0,0,0,0,0,0,0,0,0,0,0,0,0,0,0,0,0,0.018978594,0,0,0,0,0,0,0,0,0,0,0.072206097,0,0,0,0,0,0,0,0,0,0,0,0,0,0,0,0,0,0,0,0,0,0,0,0,0,0,0,0,0,0,0,0,0,0,0,0,0,0,0,0,0,0,0,0,0,0,0,0,0,0,0,0,0,0,0,0,0,0.289214949,0,0,0,0,0,0,0,0,0,0,0,0,0,0,0,0,0,0,0.006009606,0,0,0,0,0,0,0,0,0,0,0,0,0,0,0,0,0,0.020939096,0,0,0,0,0,0,0,0,0,0,0,0,0,0,0,0,0,0.007530082,0,0,0,0,0,0,0,0,0,0,0,0,0,0,0,0,0,0,0,0,0,0,0,0,0,0,0,0,0,0,0,0,0,0,0,0,0,0,0,0,0,0,0,0,0,0,0,0,0,0,0,0,0,0,0,0,0,0,0,0,0,0,0,0,0,0,0,0,0,0,0,0,0,0,0,0,0,0,0,0,0,0,0,0,0,0,0,0,0,0,0,0,0,0,0,0,0,0,0,0,0,0,0,0,0,0,0,0,0,0,0,0,0,0,0,0,0,0,0,0,0,0,0,0,0,0,0,0,0,0,0,0,0,0,0,0,0,0,0,0,0,0,0,0,0,0,0,0,0,0,0,0,0,0,0,0,0,0,0,0,0,0,0,0,0,0,0,0,0,0,0,0,0,0,0,0,0,0,0,0,0,0,0,0,0,0,0,0,0,0,0,0,0,0,0,0,0,0,0,0,0,0,0,0,0,0,0,0,0,0,0,0,0,0,0,0,0,0,0,0,0,0,0,0,0,0,0,0,0,0,0,0,0,0,0,0,0,0,0,0,0,0,0,0,0,0,0,0,0,0,0,0,0,0,0,0,0,0,0,0,0,0,0,0,0,0,0,0,0,0,0,0,0,0,0,0,0,0,0,0,0,0,0,0,0,0,0,0,0,0,0,0,0,0,0,0,0,0,0,0,0,0,0,0,0,0,0,0,0,0,0,0,0,0,0,0,0,0,0,0,0,0,0,0,0,0,0,0,0,0,0,0,0,0,0,0,0,0,0,0,0,0,0,0,0,0,0,0,0,0,0,0,0,0,0,0,0,0,0,0,0,0,0,0,0,0,0,0,0,0,0,0,0,0,0,0,0,0,0,0,0,0,0,0,0,0,0,0,0,0,0,0,0,0,0,0,0,0,0,0,0,0,0,0,0,0,0,0,0,0,0,0,0,0,0,0,0,0,0,0,0,0,0,0,0,0,0,0,0,0,0,0,0,0,0,0,0,0,0,0,0,0,0,0,0,0,0,0,0,0,0,0,0,0,0,0,0,0,0,0,0,0,0,0,0,0,0,0,0,0,0,0,0,0,0,0,0,0,0,0,0,0,0,0,0,0,0,0,0,0,0,0,0,0,0,0,0,0,0,0,0,0,0,0,0,0,0,0,0,0,0,0,0,0,0,0,0,0,0,0,0,0,0,0,0,0,0,0,0,0,0,0,0,0,0,0,0,0,0,0,0,0,0,0,0,0,0,0,0,0,0,0,0,0,0,0,0,0,0,0,0,0,0,0,0,0,0,0,0,0,0,0,0,0,0,0,0,0,0,0,0,0,0,0,0,0,0,0,0,0,0,0,0,0,0,0,0,0,0,0,0,0,0,0,0,0,0,0,0,0,0,0,0,0,0
T6-SER-G1-2-skeletal,B,0,0,0,0,0.005491841,0,0,0,0,0.002328439,0,0,0,0,0,0,0,0,0,0,0,0,0,0,0,0,0,0,0,0,0,0,0,0,0.00399726,0,0,0,0,0,0,0,0,0,0,0,0,0,0,0,0.0207066,0,0,0,0.003532239,0,0,0,0,0,0,0,0,0,0,0.003300348,0,0,0,0.009747981,0,0,0,0,0.027852403,0,0,0,0.002834886,0,0,0,0,0,0,0.003766667,0,0,0,0,0.289458677,0,0,0.026683859,0,0,0,0,0.012269846,0,0,0,0.011754792,0,0,0.017299145,0,0,0,0.014113745,0,0,0,0.008782302,0,0,0,0,0,0,0,0,0,0,0.147232602,0,0,0,0,0,0.011592854,0,0,0,0,0.00829027,0,0,0.011549756,0,0,0,0,0,0,0.012894403,0,0,0,0,0,0,0,0,0,0.005010529,0,0,0,0,0,0,0,0,0,0,0,0,0,0,0,0,0,0.016407616,0,0,0,0,0,0,0,0,0,0,0,0,0,0,0,0,0,0,0,0,0,0,0,0,0,0,0.036475849,0,0,0,0,0,0,0,0,0,0,0,0,0,0,0,0,0,0,0,0,0,0,0,0,0,0.029318869,0,0,0,0,0,0,0,0,0,0,0,0,0,0,0,0,0,0,0,0,0,0,0,0,0,0,0,0,0,0,0,0,0,0,0.031578781,0,0,0,0,0,0,0,0,0,0,0.04933192,0,0,0,0,0,0,0,0,0,0,0,0,0,0,0,0,0,0,0,0,0,0,0,0,0,0,0,0,0,0,0,0,0,0,0,0,0,0,0,0,0,0,0,0.010921707,0,0,0,0,0,0,0,0,0,0,0,0,0.153653761,0,0,0,0,0,0,0,0,0,0,0,0,0,0,0,0,0,0,0,0,0,0,0,0,0,0,0,0,0,0,0,0,0,0,0,0,0,0,0,0,0,0,0,0,0,0,0,0,0,0,0,0,0,0,0,0,0,0,0,0,0,0,0,0,0,0,0,0,0,0,0,0,0,0,0,0,0,0,0,0,0,0,0,0,0,0,0,0,0,0,0,0,0,0,0,0,0,0,0,0,0,0,0,0,0,0,0,0,0,0,0,0,0,0,0,0,0,0,0,0,0,0,0,0,0,0,0,0,0,0,0,0,0,0,0,0,0,0,0,0,0,0,0,0,0,0,0,0,0,0,0,0,0,0,0,0,0,0,0,0,0,0,0,0,0,0,0,0,0,0,0,0,0,0,0,0,0,0,0,0,0,0,0,0,0,0,0,0,0,0,0,0,0,0,0,0,0,0,0,0,0,0,0,0,0,0,0,0,0,0,0,0,0,0,0,0,0,0,0,0,0,0,0,0,0,0,0,0,0,0,0,0,0,0,0,0,0,0,0,0,0,0,0,0,0,0,0,0,0,0,0,0,0,0,0,0,0,0,0,0,0,0,0,0,0,0,0,0,0,0,0,0,0,0,0,0,0,0,0,0,0,0,0,0,0,0,0,0,0,0,0,0,0,0,0,0,0,0,0,0,0,0,0,0,0,0,0,0,0,0,0,0,0,0,0,0,0,0,0,0,0,0,0,0,0,0,0,0,0,0,0,0,0,0,0,0,0,0,0,0,0,0,0,0,0,0,0,0,0,0,0,0,0,0,0,0,0,0,0,0,0,0,0,0,0,0,0,0,0,0,0,0,0,0,0,0,0,0,0,0,0,0,0,0,0,0,0,0,0,0,0,0,0,0,0,0,0,0,0,0,0,0,0,0,0,0,0,0,0,0,0,0,0,0,0,0,0,0,0,0,0,0,0,0,0,0,0,0,0,0,0,0,0,0,0,0,0,0,0,0,0,0,0,0,0,0,0,0,0,0,0,0,0,0,0,0,0,0,0,0,0,0,0,0,0,0,0,0,0,0,0,0,0,0,0,0,0,0,0,0,0,0,0,0,0,0,0,0,0,0,0,0,0,0,0,0,0,0,0,0,0,0,0,0,0,0,0,0,0,0,0,0,0,0,0,0,0,0,0,0,0,0,0,0,0,0,0,0,0,0,0,0,0,0,0,0,0,0,0,0,0,0,0,0,0,0,0,0,0,0,0,0,0,0,0,0,0,0,0,0,0,0,0,0,0,0,0,0,0,0,0,0,0,0,0,0,0,0,0,0,0,0,0,0,0,0,0,0,0,0,0,0,0,0,0,0,0,0,0,0,0,0,0,0,0,0,0,0,0,0,0,0,0,0,0,0,0,0,0,0,0,0,0,0,0,0,0,0,0,0,0,0,0,0,0,0,0,0,0,0,0,0,0,0,0,0,0,0,0,0,0,0,0,0,0,0,0,0,0,0,0,0,0,0,0,0,0,0,0,0,0
T6-SER-G2-1-skeletal,B,0,0,0,0,0,0,0,0,0,0,0,0,0,0,0,0,0,0,0,0,0,0,0,0,0,0,0,0,0,0,0,0,0,0,0.004983134,0,0,0,0,0,0,0,0,0,0,0,0,0,0,0,0.009342656,0,0,0,0,0,0,0,0,0,0,0,0,0,0,0,0,0,0,0,0,0,0,0.012218421,0.020392728,0,0,0,0,0,0,0,0,0,0,0.005371191,0,0,0,0.31137329,0,0,0,0.031110615,0,0,0,0,0.017191766,0,0,0,0.014027613,0,0,0.017102463,0,0,0,0.015477613,0,0,0,0.008572872,0,0,0,0,0,0,0,0,0,0.155656332,0,0,0,0,0,0,0.015269119,0,0,0,0,0,0,0,0.011817532,0,0,0,0,0,0,0.015396605,0,0,0,0,0,0,0,0,0,0.00426079,0,0,0,0,0,0,0,0,0,0,0,0,0,0,0,0,0,0.023128605,0,0,0,0,0,0,0,0,0,0,0,0,0,0,0,0,0,0,0,0,0,0,0,0,0,0,0.034535522,0,0,0,0,0,0,0,0,0,0,0,0,0,0,0,0,0,0,0,0,0,0,0,0,0,0.027620368,0,0,0,0,0,0,0,0,0,0,0,0,0,0,0,0,0,0,0,0,0,0,0,0,0,0,0,0,0,0,0,0,0,0,0,0.021989759,0,0,0,0,0,0,0,0,0,0.042968244,0,0,0,0,0,0,0,0,0,0,0,0,0,0,0,0,0,0,0,0,0,0,0,0,0,0,0,0,0,0,0,0,0,0,0,0,0,0,0,0,0,0,0,0,0,0,0,0,0,0,0,0,0,0,0,0,0.16890946,0,0,0,0,0,0,0,0,0,0,0,0,0,0,0,0.000582986,0,0,0,0,0,0,0,0,0,0,0,0,0,0,0,0,0,0,0,0,0,0,0,0,0,0,0,0,0,0,0,0,0,0,0,0,0,0,0,0,0,0,0,0,0,0,0,0,0,0,0,0,0,0,0,0,0,0,0,0,0,0,0,0,0,0,0,0,0,0,0,0,0,0,0,0,0,0,0,0,0,0,0,0,0,0,0,0,0,0,0,0,0,0,0,0,0,0,0,0,0,0,0,0,0,0,0,0,0,0,0,0,0,0,0,0,0,0,0,0,0,0,0,0,0,0,0,0,0,0,0,0,0,0,0,0,0,0,0,0,0,0,0,0,0,0,0,0,0,0,0,0,0,0,0,0,0,0,0,0,0,0,0,0,0,0,0,0,0,0,0,0,0,0,0,0,0,0,0,0,0,0,0,0,0,0,0,0,0,0,0,0,0,0,0,0,0,0,0,0,0,0,0,0,0,0,0,0,0,0,0,0,0,0,0,0,0,0,0,0,0,0,0,0,0,0,0,0,0,0,0,0,0,0,0,0,0,0,0,0,0,0,0,0,0,0,0,0,0,0,0,0,0,0,0,0,0,0,0,0,0,0,0,0,0,0,0,0,0,0,0,0,0,0,0,0,0,0,0,0,0,0,0,0,0,0,0,0,0,0,0,0,0,0,0,0,0,0,0,0,0,0,0,0,0,0,0,0,0,0,0,0,0,0,0,0,0,0,0,0,0,0,0,0,0,0,0,0,0,0,0,0,0,0,0,0,0,0,0,0,0,0,0,0,0,0,0,0,0,0,0,0,0,0,0,0,0,0,0,0,0,0,0,0,0,0,0,0,0,0,0,0,0,0,0,0,0,0,0,0,0,0,0,0,0,0,0,0,0,0,0,0,0,0,0,0,0,0,0,0,0,0,0,0,0,0,0,0,0,0,0,0,0,0,0,0,0,0,0,0,0,0,0,0,0,0,0,0,0,0,0,0,0,0,0,0,0,0,0,0,0,0,0,0,0,0,0,0,0,0,0,0,0,0,0,0,0,0,0,0,0,0,0,0,0,0,0,0,0,0,0,0,0,0,0,0,0,0,0,0,0,0,0,0,0,0,0,0,0,0,0,0,0,0,0,0,0,0,0,0,0,0,0,0,0,0,0,0,0,0,0,0,0,0,0,0,0,0,0,0,0,0,0,0,0,0,0,0,0,0,0,0,0,0,0,0,0,0,0,0,0,0,0,0,0,0,0,0,0,0,0,0,0,0,0,0,0,0,0,0,0,0,0,0,0,0,0,0,0,0,0,0,0,0,0,0,0,0,0,0,0,0,0,0,0,0,0,0,0,0,0,0,0,0,0,0,0,0,0,0,0,0,0,0,0,0,0,0,0,0,0,0,0,0,0,0,0,0,0,0,0,0,0,0,0,0,0,0,0,0,0,0,0,0,0,0,0,0,0,0,0,0,0,0,0,0,0,0,0,0,0,0,0,0,0
T6-SER-G2-2-skeletal,B,0,0,0,0,0.003657788,0.004094704,0,0,0,0,0,0,0,0,0,0,0,0,0,0,0,0,0,0,0,0,0,0,0,0,0,0,0,0,0.004407393,0,0,0,0,0,0,0,0,0,0,0,0,0,0,0,0.011980198,0,0,0,0.000754707,0,0,0,0,0,0,0,0,0,0,0,0,0,0,0.004128139,0,0,0,0.012907224,0.020904068,0,0,0,0,0,0,0,0,0,0,0.004168688,0,0,0,0,0.287026631,0,0,0.026717457,0,0,0,0,0.015169985,0,0,0,0.01218696,0,0,0.011886045,0,0,0,0.012718891,0,0,0,0,0.005523205,0,0,0,0,0,0,0,0,0,0.138778206,0,0,0,0,0,0.011874563,0,0,0,0,0,0,0,0.010883917,0,0,0,0,0,0,0.0189519,0,0,0,0,0,0,0,0,0,0.004305213,0,0,0,0,0,0,0,0,0,0,0,0,0,0,0,0,0,0,0.021474012,0,0,0,0,0,0,0,0,0,0,0,0,0,0,0,0,0,0,0,0,0,0,0,0,0,0,0.050589358,0,0,0,0,0,0,0,0,0,0,0,0,0,0,0,0,0,0,0,0,0,0,0,0,0,0.04718515,0,0,0,0,0.006913309,0,0,0,0,0,0,0,0,0,0,0,0,0,0,0,0,0,0,0,0,0,0,0,0,0,0,0,0,0,0.017979052,0,0,0,0,0,0,0,0,0,0,0.03523438,0,0,0,0,0,0,0,0,0,0,0,0,0,0,0,0,0,0,0,0,0,0,0,0,0,0,0,0,0,0,0,0,0,0,0,0,0,0,0,0,0,0,0,0.007514688,0,0,0,0,0,0,0,0,0,0,0,0,0.167967444,0,0,0,0,0,0,0,0,0,0,0,0,0,0,0,0.000190978,0,0,0,0,0,0,0,0,0,0,0,0,0,0,0,0,0,0,0,0,0,0,0,0,0,0,0,0,0,0,0,0,0,0,0,0,0,0,0,0,0,0,0,0,0,0,0,0,0,0,0,0,0,0,0,0,0,0,0,0,0,0,0,0,0,0,0,0,0,0,0,0,0,0,0,0,0,0,0,0,0,0,0,0,0,0,0,0,0,0,0,0,0,0,0,0,0,0,0,0,0,0,0,0,0,0,0,0,0,0,0,0,0,0,0,0,0,0,0,0,0,0,0,0,0,0,0,0,0,0,0,0,0,0,0,0,0,0,0,0,0,0,0,0,0,0,0,0,0,0,0,0,0,0,0,0,0,0,0,0,0,0,0,0,0,0,0,0,0,0,0,0,0,0,0,0,0,0,0,0,0,0,0,0,0,0,0,0,0,0,0,0,0,0,0,0,0,0,0,0,0,0,0,0,0,0,0,0,0,0,0,0,0,0,0,0,0,0,0,0,0,0,0,0,0,0,0,0,0,0,0,0,0,0,0,0,0,0,0,0,0,0,0,0,0,0,0,0,0,0,0,0,0,0,0,0,0,0,0,0,0,0,0,0,0,0,0,0,0,0,0,0,0,0,0,0,0,0,0,0,0,0,0,0,0,0,0,0,0,0,0,0,0,0,0,0,0,0,0,0,0,0,0,0,0,0,0,0,0,0,0,0,0,0,0,0,0,0,0,0,0,0,0,0,0,0,0,0,0,0,0,0,0,0,0,0,0,0,0,0,0,0,0,0,0,0,0,0,0,0,0,0,0,0,0,0,0,0,0,0,0,0,0,0,0,0,0,0,0,0,0,0,0,0,0,0,0,0,0,0,0,0,0,0,0,0,0,0,0,0,0,0,0,0,0,0,0,0,0,0,0,0,0,0,0,0,0,0,0,0,0,0,0,0,0,0,0,0,0,0,0,0,0,0,0,0,0,0,0,0,0,0,0,0,0,0,0,0,0,0,0,0,0,0,0,0,0,0,0,0,0,0,0,0,0,0,0,0,0,0,0,0,0,0,0,0,0,0,0,0,0,0,0,0,0,0,0,0,0,0,0,0,0,0,0,0,0,0,0,0,0,0,0,0,0,0,0,0,0,0,0,0,0,0,0,0,0,0,0,0,0,0,0,0,0,0,0,0,0,0,0,0,0,0,0,0,0,0,0,0,0,0,0,0,0,0,0,0,0,0,0,0,0,0,0,0,0,0,0,0,0,0,0,0,0,0,0,0,0,0,0,0,0,0,0,0,0,0,0,0,0,0,0,0,0,0,0,0,0,0,0,0,0,0,0,0,0,0,0,0,0,0,0,0,0,0,0,0,0,0,0,0,0,0,0,0,0,0,0,0,0,0,0,0,0,0,0,0,0,0,0,0,0,0,0,0,0,0,0,0,0,0,0,0,0,0,0,0,0,0,0,0,0,0,0,0,0,0,0,0,0,0,0,0
T6-STY1-skeletal,B,0.001000719,0,0,0,0.001597525,0,0,0.000864286,0,0.00071937,0,0,0,0.000784414,0,0,0,0,0,0,0,0,0,0,0,0,0,0,0,0,0,0,0,0,0.002285283,0,0,0,0,0,0,0,0,0,0,0,0,0,0,0,0,0.013197971,0,0,0,0.003509616,0,0.002346812,0,0,0,0,0,0,0,0,0.002341542,0,0,0.007111444,0,0,0,0.007653,0,0,0,0,0,0,0,0,0,0,0,0.001033258,0,0,0,0,0,0.114667877,0,0,0,0,0,0,0.006978576,0,0,0,0.005751534,0,0,0,0.008284272,0,0,0.005422874,0,0,0,0,0.003515683,0,0,0,0,0,0.001800291,0,0,0,0.056621209,0,0,0,0,0,0.0060181,0,0,0,0,0.006425004,0,0,0.005292326,0,0,0.004294558,0,0,0,0.005315024,0,0,0,0,0,0,0.003129329,0,0,0.003944065,0,0,0.002216114,0,0,0,0,0,0.002281458,0,0,0.002101966,0,0.00142971,0,0.001330199,0,0,0.011467998,0,0,0,0,0,0,0,0,0,0,0,0.003125004,0,0,0,0,0,0,0,0,0,0,0,0,0,0,0.018899143,0,0,0,0,0,0,0,0,0,0,0,0,0,0.000580286,0,0,0,0,0,0,0,0,0,0,0,0.017340418,0,0,0,0,0,0.014059605,0,0,0,0,0.005157118,0,0,0,0,0,0,0,0,0,0,0,0,0,0,0,0,0,0,0,0,0,0,0,0,0.015016404,0,0,0,0,0,0,0,0,0,0,0,0.108874266,0,0,0,0,0,0,0,0,0,0,0,0,0,0,0,0,0,0,0,0,0,0,0,0,0,0,0,0,0,0,0,0,0,0,0,0,0,0,0,0,0,0,0,0.006164522,0,0,0,0,0,0,0,0,0,0,0,0,0,0,0,0,0.310580219,0,0,0,0,0,0,0,0,0,0,0,0,0,0,0,0,0,0,0,0.031311129,0,0,0,0,0,0,0,0,0,0,0,0,0,0,0.109592115,0,0,0,0,0,0,0,0,0,0,0,0.03543516,0,0,0,0,0,0,0,0,0,0,0,0.014318361,0,0,0,0,0,0,0,0,0,0,0,0,0,0,0,0,0,0,0,0,0,0,0,0,0,0,0,0,0,0,0,0,0,0,0,0,0,0,0,0,0,0,0,0,0,0,0,0,0,0,0,0,0,0,0,0,0,0,0,0,0,0,0,0,0,0,0,0,0,0,0,0,0,0,0,0,0,0,0,0,0,0,0,0,0,0,0,0,0,0,0,0,0,0,0,0,0,0,0,0,0,0,0,0,0,0,0,0,0,0,0,0,0,0,0,0,0,0,0,0,0,0,0,0,0,0,0,0,0,0,0,0,0,0,0,0,0,0,0,0,0,0,0,0,0,0,0,0,0,0,0,0,0,0,0,0,0,0,0,0,0,0,0,0,0,0,0,0,0,0,0,0,0,0,0,0,0,0,0,0,0,0,0,0,0,0,0,0,0,0,0,0,0,0,0,0,0,0,0,0,0,0,0,0,0,0,0,0,0,0,0,0,0,0,0,0,0,0,0,0,0,0,0,0,0,0,0,0,0,0,0,0,0,0,0,0,0,0,0,0,0,0,0,0,0,0,0,0,0,0,0,0,0,0,0,0,0,0,0,0,0,0,0,0,0,0,0,0,0,0,0,0,0,0,0,0,0,0,0,0,0,0,0,0,0,0,0,0,0,0,0,0,0,0,0,0,0,0,0,0,0,0,0,0,0,0,0,0,0,0,0,0,0,0,0,0,0,0,0,0,0,0,0,0,0,0,0,0,0,0,0,0,0,0,0,0,0,0,0,0,0,0,0,0,0,0,0,0,0,0,0,0,0,0,0,0,0,0,0,0,0,0,0,0,0,0,0,0,0,0,0,0,0,0,0,0,0,0,0,0,0,0,0,0,0,0,0,0,0,0,0,0,0,0,0,0,0,0,0,0,0,0,0,0,0,0,0,0,0,0,0,0,0,0,0,0,0,0,0,0,0,0,0,0,0,0,0,0,0,0,0,0,0,0,0,0,0,0,0,0,0,0,0,0,0,0,0,0,0,0,0,0,0,0,0,0,0,0,0,0,0,0,0,0,0,0,0,0,0,0,0,0,0,0,0,0,0,0,0,0,0,0,0,0,0,0,0,0,0,0,0,0,0,0,0,0,0,0,0,0,0,0,0,0,0,0,0,0,0,0,0,0,0,0,0,0,0,0,0,0,0,0,0,0,0,0,0,0,0,0,0,0,0,0,0,0,0,0,0,0,0,0,0,0,0,0,0,0,0,0,0,0,0,0,0,0,0,0,0,0,0,0,0,0,0,0,0,0,0,0,0,0,0,0,0,0,0,0,0,0,0,0,0,0,0,0,0,0,0,0,0,0,0,0,0,0,0,0,0,0,0,0,0,0,0
T6-STY3-skeletal,B,0,0,0,0,0.000610676,0.00042217,0,0,0,0,0,0,0,0,0,0,0,0,0,0,0,0,0,0,0,0,0,0,0.00069982,0,0,0,0,0,0.000567598,0,0,0,0,0,0,0,0,0,0,0,0,0,0,0,0.004001059,0,0,0.000534244,0.000634566,0,0,0,0,0,0,0,0,0,0,0,0.010730216,0,0,0,0,0,0,0.004884912,0,0,0,0,0,0,0,0,0,0,0,0,0,0,0,0,0,0.044039702,0,0.004123297,0,0,0,0,0.002867722,0,0,0,0.002315348,0,0,0,0.002041122,0,0,0.003113969,0,0,0,0,0.001074384,0,0,0,0,0,0,0,0,0,0.021968384,0,0,0,0,0,0.002225852,0,0,0,0,0.001699351,0,0,0,0.001844254,0,0,0,0,0,0.002316012,0,0,0,0,0,0,0.001018568,0,0,0.00138615,0,0,0,0,0,0,0,0,0.000395003,0,0,0.001629482,0,0,0,0.000988989,0,0,0.004452611,0,0,0.00143178,0,0,0,0,0.000394577,0,0,0,0,0,0,0,0,0,0,0,0,0,0,0,0,0,0,0.008872407,0,0,0,0.001066758,0,0,0,0,0,0,0,0,0,0.000662964,0,0,0,0,0,0,0,0,0,0,0,0.009069729,0,0,0,0,0,0.021172951,0,0,0,0,0,0,0,0,0,0,0,0,0,0,0,0,0,0,0,0,0,0,0,0,0,0,0,0,0,0,0.008413901,0,0,0,0,0,0,0,0,0,0,0,0,0,0,0,0.153297689,0,0,0,0,0,0,0,0,0,0,0,0,0,0,0,0,0,0,9.86E-05,0,0,0,0,0,0,0,0,0,0,0,0,0,0,0,0,0,0,0,0,0,0.000924612,0.000603044,0,0,0,0,0,0,0,0,0,0,0,0,0,0,0,0,0,0.178812007,0,0,0,0,0,0.29126988,0,0,0,0,0,0,0,0,0,0,0,0,0,0,0,0,0,0,0,0,0,0,0,0,0,0,0,0,0.144275084,0,0,0,0,0,0,0,0.037661608,0,0,0,0,0,0,0,0,0,0,0,0,0,0.00606596,0.009990872,0,0,0,0,0,0,0,0,0,0,0,0,0,0,0.00023804,0,0,0,0,0,0,0,0,0,0,0,0,0,0,0,0,0,0,0,0,0,0,0,0,0,0,0,0,0,0,0,0,0,0,0,0,0,0,0,0,0,0,0,0,0,0,0,0,0,0,0,0,0,0,0,0,0,0,0,0,0,0,0,0,0,0,0,0,0,0,0,0,0,0,0,0,0,0,0,0,0,0,0,0,0,0,0,0,0,0,0,0,0,0,0,0,0,0,0,0,0,0,0,0,0,0,0,0,0,0,0,0,0,0,0,0,0,0,0,0,0,0,0,0,0,0,0,0,0,0,0,0,0,0,0,0,0,0,0,0,0,0,0,0,0,0,0,0,0,0,0,0,0,0,0,0,0,0,0,0,0,0,0,0,0,0,0,0,0,0,0,0,0,0,0,0,0,0,0,0,0,0,0,0,0,0,0,0,0,0,0,0,0,0,0,0,0,0,0,0,0,0,0,0,0,0,0,0,0,0,0,0,0,0,0,0,0,0,0,0,0,0,0,0,0,0,0,0,0,0,0,0,0,0,0,0,0,0,0,0,0,0,0,0,0,0,0,0,0,0,0,0,0,0,0,0,0,0,0,0,0,0,0,0,0,0,0,0,0,0,0,0,0,0,0,0,0,0,0,0,0,0,0,0,0,0,0,0,0,0,0,0,0,0,0,0,0,0,0,0,0,0,0,0,0,0,0,0,0,0,0,0,0,0,0,0,0,0,0,0,0,0,0,0,0,0,0,0,0,0,0,0,0,0,0,0,0,0,0,0,0,0,0,0,0,0,0,0,0,0,0,0,0,0,0,0,0,0,0,0,0,0,0,0,0,0,0,0,0,0,0,0,0,0,0,0,0,0,0,0,0,0,0,0,0,0,0,0,0,0,0,0,0,0,0,0,0,0,0,0,0,0,0,0,0,0,0,0,0,0,0,0,0,0,0,0,0,0,0,0,0,0,0,0,0,0,0,0,0,0,0,0,0,0,0,0,0,0,0,0,0,0,0,0,0,0,0,0,0,0,0,0,0,0,0,0,0,0,0,0,0,0,0,0,0,0,0,0,0,0,0,0,0,0,0,0,0,0,0,0,0,0,0,0,0,0,0,0,0,0,0,0,0,0,0,0,0,0,0,0,0,0,0,0,0,0,0,0,0,0,0,0,0,0,0,0,0,0,0,0,0,0,0,0,0,0,0,0,0,0,0,0,0,0,0,0,0,0,0,0,0,0,0,0,0,0,0,0,0,0,0,0,0,0,0,0,0,0,0,0,0,0,0,0,0,0,0,0,0,0,0,0,0,0,0,0,0,0,0,0,0,0,0,0,0,0,0
