TIC: BLANK.D\data.ms,,,,,,
BLANK-RERUN,,,,,,
PEAK,RET TIME,TYPE,WIDTH,AREA,START TIME,END TIME
1,3.336,PV  ,0.043,3982678,3.289,3.408
2,4.398,PV  ,0.04,763054,4.344,4.439
3,5.232,VV  ,0.046,907275,5.187,5.313
4,6.7,VV  ,0.038,706246,6.683,6.756
5,7.035,PV  ,0.048,516796,6.996,7.092
6,8.631,PV  ,0.046,8385982,8.501,8.746
7,10.41,PV  ,0.048,3727003,10.362,10.481
8,21.062,PV  ,0.031,338701,21.02,21.074
9,21.128,VV  ,0.063,713656,21.074,21.175
10,23.156,VV  ,0.032,566327,23.137,23.192
11,23.204,VV  ,0.023,386036,23.192,23.226
12,23.906,VV  ,0.046,1025529,23.892,23.948
13,24.152,VV  ,0.033,840823,24.135,24.174
14,24.252,VV  ,0.023,697381,24.236,24.267
15,24.362,VV  ,0.056,1455816,24.307,24.372
16,24.411,VV  ,0.046,1252513,24.372,24.424
17,24.634,VV  ,0.063,2128440,24.623,24.694
18,24.707,VV  ,0.035,1199049,24.694,24.733
19,24.807,VV  ,0.019,806552,24.794,24.817
20,24.944,VV  ,0.02,816140,24.932,24.954
21,24.982,VV  ,0.039,1675505,24.954,24.997
22,25.028,VV  ,0.038,1851630,24.997,25.043
23,25.053,VV  ,0.031,1345967,25.043,25.077
24,25.118,VV  ,0.045,2487875,25.077,25.136
25,25.158,VV  ,0.028,1342126,25.136,25.169
26,25.247,VV  ,0.055,2600140,25.222,25.283
27,25.294,VV  ,0.032,1491472,25.283,25.319
28,25.405,VV  ,0.042,2051037,25.393,25.44
29,26.381,VV  ,0.067,4524658,26.307,26.404
30,26.444,VV  ,0.046,2937505,26.404,26.467
31,26.875,VV  ,0.044,2349933,26.832,26.885
32,27.285,VV  ,0.046,2822913,27.259,27.322
33,27.385,VV  ,0.026,1331451,27.369,27.398
34,27.478,VV  ,0.019,992566,27.468,27.49
35,27.521,VV  ,0.031,1942325,27.49,27.533
36,27.712,VV  ,0.024,1105287,27.699,27.725
37,27.736,VV  ,0.02,987135,27.725,27.746
38,27.768,VV  ,0.039,1926697,27.746,27.789
39,29.756,VV  ,0.036,2126983,29.73,29.779
40,30.088,VV  ,0.037,1911642,30.061,30.108
41,30.846,VV  ,0.03,1653776,30.826,30.868
42,30.883,VV  ,0.034,1601938,30.868,30.908
43,31.15,VV  ,0.049,2677141,31.129,31.201
44,31.434,VV  ,0.028,1285143,31.409,31.445
45,31.726,VV  ,0.036,1693948,31.695,31.743
46,32.635,VV  ,0.041,1545514,32.593,32.646
47,32.657,VV  ,0.029,1068398,32.646,32.68
48,32.696,VV  ,0.028,1242761,32.68,32.718
49,32.763,VV  ,0.028,1036498,32.753,32.787
50,32.838,VV  ,0.063,2608928,32.787,32.881
51,32.945,VV  ,0.028,942653,32.923,32.957
52,33.026,VV  ,0.083,2985315,33.009,33.113
53,33.176,VV  ,0.078,2672651,33.113,33.212
54,33.222,VV  ,0.039,1352758,33.212,33.259
55,33.316,VV  ,0.037,1262379,33.288,33.333
56,33.454,VV  ,0.023,745145,33.439,33.466
57,33.538,VV  ,0.047,1621551,33.506,33.564
58,33.788,VV  ,0.082,2782789,33.758,33.869
59,33.878,VV  ,0.018,553288,33.869,33.891
60,34.067,VV  ,0.077,3111177,33.988,34.115
61,34.35,VV  ,0.051,1427519,34.335,34.398
62,34.426,VV  ,0.051,1864549,34.398,34.482
63,34.893,VV  ,0.2,6245129,34.718,35.023
64,35.059,VV  ,0.034,1049395,35.044,35.097
65,35.47,VV  ,0.06,1698390,35.396,35.49
66,35.499,VV  ,0.039,916533,35.49,35.544
67,35.572,VV  ,0.051,1223275,35.544,35.613
68,35.748,VV  ,0.042,1321513,35.71,35.791
69,36.721,VV  ,0.094,2161062,36.656,36.836
70,37.01,VV  ,0.103,2203584,36.836,37.066
71,37.107,VV  ,0.045,594617,37.097,37.159
72,37.184,VV  ,0.029,452285,37.159,37.203
73,37.355,VV  ,0.02,265278,37.337,37.407
74,37.806,PV  ,0.102,1182529,37.743,37.942
75,38.12,VV  ,0.042,646630,38.073,38.167
76,38.356,PV  ,0.05,742492,38.32,38.403
77,38.542,VV  ,0.082,1268028,38.403,38.587
78,38.849,PV  ,0.05,642543,38.824,38.924
79,39.167,PV  ,0.02,282089,39.148,39.213
80,40.362,PV  ,0.065,873369,40.307,40.415
81,40.443,VV  ,0.052,613515,40.415,40.489
82,40.656,VV  ,0.07,1164900,40.62,40.736
83,40.784,PV  ,0.029,483231,40.768,40.827
84,40.841,VV  ,0.02,277451,40.827,40.861
85,41.071,VV  ,0.075,1250682,41.035,41.164
86,41.179,VV  ,0.088,1583508,41.164,41.339
87,41.477,VV  ,0.032,489544,41.461,41.509
88,41.917,VV  ,0.052,678664,41.888,41.959
89,42.122,VV  ,0.054,793522,42.096,42.205
90,42.23,VV  ,0.054,814660,42.205,42.303
91,42.346,PV  ,0.07,948993,42.303,42.426
92,42.444,VV  ,0.053,644842,42.426,42.519
93,42.65,PV  ,0.06,579461,42.603,42.738
94,43.036,BV  ,0.073,775276,42.903,43.086
95,43.554,VV  ,0.018,231071,43.535,43.581
96,43.718,PV  ,0.021,249098,43.699,43.735
97,44.536,VV  ,0.053,768761,44.447,44.552
98,44.868,VV  ,0.03,467173,44.842,44.908
99,45.163,VV  ,0.044,739415,45.12,45.229
100,45.277,VV  ,0.035,492326,45.259,45.329
101,45.386,VV  ,0.033,450837,45.355,45.419
102,45.451,VV  ,0.051,659525,45.419,45.529
103,45.61,VV  ,0.031,368470,45.59,45.633
104,45.96,VV  ,0.022,291371,45.936,45.975
105,45.992,VV  ,0.032,441261,45.975,46.032
106,46.209,VV  ,0.093,1029642,46.191,46.337
107,46.962,VV  ,0.031,427899,46.93,46.981
108,47.472,VV  ,0.049,765076,47.387,47.489
109,48.8,VV  ,0.05,691495,48.734,48.826
110,48.957,VV  ,0.033,509731,48.924,48.982
111,49.809,VV  ,0.024,312458,49.783,49.823
112,50.342,VV  ,0.107,1441516,50.223,50.446
113,50.58,PV  ,0.058,722180,50.553,50.664
114,51.893,BV  ,0.116,1375114,51.807,52.04
115,52.411,VV  ,0.043,685326,52.367,52.438
116,52.552,PV  ,0.046,731799,52.504,52.609
117,52.674,VV  ,0.227,3298742,52.609,52.999
118,53.3,VV  ,0.136,1954514,53.185,53.448
119,54.697,VV  ,0.044,514476,54.676,54.792
,,,,,,
TIC: T1-SER-G1-1-skeletal-RERUN.D\data.ms,,,,,,
T1-SER-G1-1-skeletal-RERUN,,,,,,
,,,,,,
1,3.339,BV  ,0.071,4488498,3.142,3.552
2,4.488,PB  ,0.14,3882405,4.35,4.801
3,5.231,BV  ,0.024,435209,4.812,5.326
4,6.277,BV  ,0.172,4295798,5.988,6.628
5,6.691,PV  ,0.072,1793007,6.628,6.901
6,7.46,PV  ,0.096,3658072,7.353,7.551
7,7.659,VV  ,0.115,2618909,7.551,7.773
8,8.263,BV  ,0.136,25351027,8.067,8.539
9,8.624,VB  ,0.105,18842769,8.539,9.085
10,9.379,BV  ,0.137,80083566,9.106,9.778
11,9.852,VV  ,0.117,8713688,9.778,9.967
12,10.061,VV  ,0.17,10269578,9.967,10.282
13,10.405,VV  ,0.118,8367454,10.282,10.576
14,10.642,VV  ,0.126,4112996,10.576,10.891
15,11.078,PV  ,0.104,16186673,10.891,11.248
16,11.295,VV  ,0.106,7802637,11.248,11.576
17,12.182,VV  ,0.098,5577871,12.087,12.444
18,13.453,BV  ,0.075,1553200,13.369,13.513
19,13.592,VV  ,0.086,3954343,13.513,13.656
20,13.709,VB  ,0.155,4670150,13.656,14.031
21,14.927,PB  ,0.109,15208630,14.576,15.627
22,16.195,BV  ,0.087,11549554,15.889,16.378
23,16.48,VB  ,0.104,11958294,16.378,16.876
24,17.865,BV  ,0.165,15550088,17.601,18.199
25,18.416,VV  ,0.186,135649466,18.199,19.575
26,19.677,VV  ,0.29,4979159,19.575,20.1
27,20.495,PV  ,0.238,12278258,20.1,20.856
28,21.276,PV  ,0.293,415730525,20.856,22.111
29,22.271,VV  ,0.216,14463663,22.111,22.417
30,22.659,VV  ,0.265,28024277,22.417,22.932
31,23.186,VV  ,0.353,71387234,22.932,23.734
32,24.238,VV  ,0.393,28668590,23.734,24.436
33,24.679,VV  ,0.219,12814898,24.436,24.751
34,24.838,VV  ,0.116,5410038,24.751,24.879
35,25.081,VV  ,0.353,20691894,24.879,25.413
36,25.496,VB  ,0.267,11405471,25.413,26.032
,,,,,,
TIC: T1-STY2-SKELETAL.D\data.ms,,,,,,
T1-STY2-SKELETAL-RERUN,,,,,,
,,,,,,
1,3.336,BV  ,0.047,12860392,3.24,3.523
2,4.492,VV  ,0.04,5840987,4.431,4.539
3,5.194,BV  ,0.029,655337,5.14,5.208
4,6.674,PV  ,0.053,6137668,6.593,6.778
5,7.479,PV  ,0.054,18150039,7.35,7.566
6,7.662,VV  ,0.076,6365690,7.566,7.685
7,7.721,VV  ,0.043,6113118,7.685,7.781
8,8.257,BV  ,0.079,31110232,8.148,8.381
9,8.413,VV  ,0.084,7856878,8.381,8.557
10,8.62,VV  ,0.051,34811706,8.557,8.736
11,9.454,PV  ,0.072,303106517,9.272,9.578
12,9.599,VV  ,0.074,26063941,9.578,9.708
13,9.726,VV  ,0.088,11946499,9.708,9.807
14,9.854,VV  ,0.072,20980133,9.807,9.975
15,10.067,VV  ,0.061,10502265,10.009,10.101
16,10.222,VV  ,0.092,16812184,10.173,10.342
17,10.406,VV  ,0.054,19626004,10.342,10.477
18,10.646,VV  ,0.061,8034844,10.588,10.7
19,11.118,VV  ,0.059,109734952,11.011,11.243
20,11.297,VV  ,0.08,16910942,11.243,11.385
21,11.435,VV  ,0.071,12179237,11.385,11.587
22,11.653,VV  ,0.075,6063049,11.587,11.73
23,12.175,PV  ,0.045,10053267,12.105,12.238
24,13.594,PV  ,0.048,21726313,13.502,13.674
25,14.93,BV  ,0.056,43868026,14.826,15.114
26,16.202,BV  ,0.06,48015645,16.034,16.387
27,16.487,VV  ,0.077,52738125,16.387,16.689
28,17.887,PV  ,0.101,42191376,17.688,18.038
29,18.456,VV  ,0.148,368985021,18.234,18.867
30,18.925,VV  ,0.125,9020908,18.867,19.152
31,20.541,BV  ,0.184,28596269,20.25,20.943
32,21.392,PV  ,0.25,1015214660,20.943,22.038
33,22.054,VV  ,0.063,4129473,22.038,22.112
34,22.304,VV  ,0.177,23983524,22.112,22.435
35,22.453,VV  ,0.035,1540312,22.435,22.476
36,22.66,VV  ,0.102,18479470,22.476,22.682
37,22.711,VV  ,0.111,19300779,22.682,22.941
38,23.197,VV  ,0.213,164975645,22.941,23.715
39,23.792,VV  ,0.076,3487777,23.715,23.82
40,23.924,VV  ,0.088,5586126,23.82,23.96
41,24.107,VV  ,0.141,8255538,23.96,24.126
42,24.233,VV  ,0.141,12237151,24.126,24.368
43,24.703,VV  ,0.132,6089546,24.456,24.833
,,,,,,
TIC: T2-SER-G1-1-skeletal.D\data.ms,,,,,,
T2-SER-G1-1-skeletal,,,,,,
,,,,,,
1,3.336,BV  ,0.037,10428816,3.177,3.437
2,4.391,VV  ,0.045,1907854,4.34,4.426
3,4.493,VV  ,0.048,7882365,4.426,4.541
4,5.009,VV  ,0.062,2756116,4.921,5.102
5,5.193,VV  ,0.042,3032069,5.145,5.219
6,5.239,VV  ,0.043,3172077,5.219,5.345
7,5.462,PV  ,0.042,1798049,5.413,5.539
8,6.671,PV  ,0.051,2171449,6.598,6.731
9,7.464,PV  ,0.067,6096224,7.335,7.566
10,7.609,VV  ,0.045,2115845,7.566,7.629
11,7.664,VV  ,0.07,3175728,7.629,7.774
12,7.838,VV  ,0.041,2537294,7.774,7.882
13,8.261,VV  ,0.09,17346896,8.138,8.448
14,8.49,VV  ,0.065,2839769,8.448,8.558
15,8.621,VV  ,0.046,9992114,8.558,8.654
16,8.671,VV  ,0.056,6958658,8.654,8.836
17,9.394,VV  ,0.064,108896522,9.27,9.57
18,9.603,VV  ,0.096,17490932,9.57,9.792
19,9.852,VV  ,0.066,13450702,9.792,9.97
20,10.061,VV  ,0.07,8409665,9.97,10.109
21,10.212,VV  ,0.088,7235841,10.109,10.264
22,10.409,VV  ,0.074,9184578,10.351,10.509
23,10.647,VV  ,0.061,6216994,10.578,10.71
24,10.743,VV  ,0.039,2387755,10.71,10.794
25,11.093,PV  ,0.061,45729884,11.009,11.236
26,11.283,VV  ,0.088,8519127,11.236,11.389
27,11.446,VV  ,0.089,5748374,11.389,11.598
28,12.176,PV  ,0.052,6684475,12.107,12.24
29,13.597,PV  ,0.055,17213118,13.492,13.68
30,13.754,VV  ,0.087,3227251,13.68,13.917
31,14.934,BV  ,0.07,36322636,14.816,15.278
32,16.205,PV  ,0.081,39038896,16.096,16.382
33,16.481,VV  ,0.098,8955956,16.412,16.66
34,17.881,PV  ,0.108,29591858,17.723,18.066
35,18.073,VB  ,0.063,1980504,18.066,18.197
36,18.391,BV  ,0.117,32734068,18.197,18.69
37,20.526,PV  ,0.196,21869028,20.322,20.882
38,21.186,VV  ,0.181,118234541,20.882,21.688
39,21.697,VV  ,0.036,982270,21.688,21.73
40,21.74,VV  ,0.08,1889774,21.73,21.837
41,22.685,PV  ,0.162,15592015,22.486,22.896
42,22.965,VV  ,0.038,536378,22.896,22.983
43,23.151,PB  ,0.163,11823175,22.983,23.384
44,24.142,PV  ,0.06,722886,23.921,24.155
45,24.193,VV  ,0.049,1074296,24.155,24.239
46,24.257,VV  ,0.037,504547,24.239,24.299
47,25.001,PV  ,0.063,2353618,24.857,25.02
48,25.046,VV  ,0.067,2017356,25.02,25.158
,,,,,,
,,,,,,
TIC: T2-STY2-SKELETAL.D\data.ms,,,,,,
T2-STY2-SKELETAL,,,,,,
,,,,,,
1,3.337,BV  ,0.077,13493799,3.179,3.725
2,4.252,PV  ,0.143,5269996,4.054,4.355
3,4.486,VV  ,0.107,14006187,4.355,4.691
4,5.003,VV  ,0.133,7189158,4.691,5.114
5,5.213,VV  ,0.129,6829321,5.114,5.291
6,5.361,VV  ,0.1,10744880,5.291,5.594
7,6.311,VV  ,0.18,8459590,6.201,6.593
8,6.684,VV  ,0.11,5810827,6.593,6.92
9,7.471,VV  ,0.099,12944846,7.169,7.547
10,7.615,VV  ,0.141,13549500,7.547,7.76
11,7.836,VV  ,0.1,11761736,7.76,8.05
12,8.269,VV  ,0.16,84485235,8.05,8.555
13,8.624,VV  ,0.141,48641100,8.555,8.807
14,8.907,VV  ,0.221,12883010,8.807,9.101
15,9.423,VV  ,0.144,286499088,9.101,9.785
16,9.854,VV  ,0.102,29035008,9.785,9.968
17,10.066,VV  ,0.126,23184331,9.968,10.141
18,10.209,VV  ,0.167,23512694,10.141,10.34
19,10.405,VV  ,0.108,39487134,10.34,10.592
20,10.647,VV  ,0.18,29695667,10.592,10.904
21,11.115,VV  ,0.118,132078884,10.904,11.253
22,11.296,VV  ,0.101,24842290,11.253,11.384
23,11.437,VV  ,0.139,26054295,11.384,11.577
24,12.181,VV  ,0.143,49388647,12.104,12.461
25,12.512,VV  ,0.138,14820507,12.461,12.612
26,12.694,VV  ,0.253,38891802,12.612,13.019
27,13.111,VV  ,0.171,18077634,13.019,13.229
28,13.297,VV  ,0.093,16557052,13.229,13.386
29,13.597,VV  ,0.118,49077970,13.386,13.679
30,13.74,VV  ,0.457,69281767,13.679,14.54
31,14.935,VV  ,0.125,60325209,14.834,15.082
32,15.142,VV  ,0.145,16148715,15.082,15.358
33,15.649,VV  ,0.284,25072204,15.358,16.031
34,16.214,VV  ,0.118,61931557,16.031,16.385
35,16.502,VV  ,0.096,180615826,16.385,16.793
36,16.845,VV  ,0.166,18604605,16.793,17.081
37,17.164,VV  ,0.137,9059761,17.081,17.255
38,17.924,PV  ,0.142,41293954,17.716,18.054
39,18.1,VV  ,0.124,13587439,18.054,18.234
40,18.594,VV  ,0.248,1309197895,18.234,19.597
41,19.78,VV  ,0.244,15589124,19.597,20.159
42,20.643,PV  ,0.254,28387000,20.159,20.945
43,21.74,VV  ,0.659,4307846879,20.945,22.986
44,23.401,VV  ,0.487,1509832412,22.986,24.481
45,24.723,VV  ,0.727,514603879,24.481,27.266
,,,,,,
,,,,,,
TIC: T3-SER-G2-1-skeletal.D\data.ms,,,,,,
T3-SER-G2-1-skeletal,,,,,,
,,,,,,
1,3.335,BV  ,0.044,11969035,3.234,3.534
2,4.49,VV  ,0.041,4947820,4.428,4.54
3,5.19,BV  ,0.064,4306191,5.124,5.286
4,6.667,BV  ,0.067,3280195,6.579,6.789
5,7.459,BV  ,0.056,5573964,7.371,7.557
6,7.599,PV  ,0.033,754219,7.557,7.633
7,8.263,BV  ,0.071,10377793,8.159,8.333
8,8.366,VV  ,0.098,6313611,8.333,8.458
9,8.621,VV  ,0.048,10503451,8.547,8.655
10,8.672,VV  ,0.045,6581081,8.655,8.794
11,9.406,PV  ,0.06,154309681,9.267,9.566
12,9.603,VV  ,0.062,9536620,9.566,9.714
13,9.85,BV  ,0.046,5598984,9.802,9.954
14,10.062,PV  ,0.065,5420610,9.954,10.164
15,10.409,VV  ,0.058,7526545,10.338,10.59
16,10.643,PV  ,0.057,4953925,10.59,10.709
17,11.099,PV  ,0.059,68801584,11.007,11.267
18,11.294,VV  ,0.065,5944437,11.267,11.369
19,11.436,VV  ,0.076,6172490,11.369,11.574
20,12.179,BV  ,0.051,7607766,12.049,12.264
21,13.598,PV  ,0.053,16994123,13.512,13.684
22,14.935,BV  ,0.061,32277528,14.779,15.078
23,16.209,PV  ,0.068,38284954,16.116,16.41
24,16.488,VV  ,0.079,11075735,16.41,16.69
25,17.881,BV  ,0.119,31452814,17.672,18.144
26,18.415,VV  ,0.144,87454103,18.213,18.888
27,20.567,BV  ,0.194,19548350,20.244,20.775
28,21.241,PV  ,0.187,275796205,20.972,21.909
29,21.935,VB  ,0.053,846382,21.909,22.024
30,22.686,BV  ,0.181,13564280,22.423,22.988
31,23.19,VV  ,0.174,36474216,22.988,23.452
32,23.463,VB  ,0.063,1572668,23.452,23.568
,,,,,,
,,,,,,
TIC: T4-SER-G1-1-skeletal.D\data.ms,,,,,,
T4-SER-G1-1-skeletal,,,,,,
,,,,,,
1,3.332,BV  ,0.057,20992481,3.161,3.521
2,4.239,VV  ,0.094,7222999,4.053,4.332
3,4.489,VV  ,0.062,20680560,4.332,4.536
4,4.567,VB  ,0.053,3848449,4.536,4.668
5,5.005,VV  ,0.055,6744426,4.93,5.135
6,5.193,PV  ,0.073,10243465,5.135,5.277
7,5.467,VV  ,0.058,9304666,5.405,5.539
8,5.634,VB  ,0.08,8846236,5.539,5.775
9,6.284,PB  ,0.1,22470848,6.185,6.558
10,6.688,BV  ,0.062,15718247,6.584,6.793
11,7.271,PV  ,0.083,7815283,7.161,7.382
12,7.53,VV  ,0.067,97208063,7.382,7.626
13,7.668,VV  ,0.096,27446869,7.626,7.787
14,7.839,VV  ,0.066,9256333,7.787,7.87
15,7.904,VV  ,0.101,15555630,7.87,8.064
16,8.272,VV  ,0.07,136056204,8.175,8.4
17,8.431,VV  ,0.106,33512987,8.4,8.56
18,8.631,VV  ,0.062,119542195,8.56,8.826
19,9.232,VV  ,0.12,17057546,9.072,9.279
20,9.575,VV  ,0.128,1335952419,9.279,9.816
21,9.869,VV  ,0.065,58147577,9.816,9.933
22,10.078,VV  ,0.116,73279687,9.933,10.133
23,10.179,VV  ,0.069,26764803,10.133,10.219
24,10.271,VV  ,0.074,62113967,10.219,10.364
25,10.423,VV  ,0.071,64593731,10.364,10.519
26,10.655,VV  ,0.072,35451045,10.605,10.722
27,10.975,VV  ,0.102,43754943,10.836,11.033
28,11.203,VV  ,0.095,591344096,11.033,11.399
29,11.457,VV  ,0.097,99183113,11.399,11.619
30,11.717,VV  ,0.096,44491618,11.619,11.755
31,11.868,VV  ,0.176,162047753,11.755,12.112
32,12.192,VV  ,0.078,69222643,12.112,12.264
33,12.305,VV  ,0.096,46352185,12.264,12.448
34,12.527,VV  ,0.088,31027830,12.448,12.561
35,12.613,VV  ,0.081,32941858,12.561,12.663
36,12.718,VV  ,0.072,52882836,12.663,12.789
37,12.832,VV  ,0.087,43816761,12.789,12.952
38,13.133,VV  ,0.101,31229147,13.089,13.251
39,13.477,VV  ,0.118,93230014,13.251,13.533
40,13.614,VV  ,0.073,82516195,13.533,13.708
41,13.777,VV  ,0.174,54150857,13.708,14.023
42,14.137,VV  ,0.082,35022477,14.023,14.181
43,14.208,VV  ,0.162,50272598,14.181,14.517
44,14.952,VV  ,0.074,97425280,14.845,15.136
45,16.231,PV  ,0.079,103544186,16.1,16.42
46,16.512,VV  ,0.085,43940186,16.42,16.68
47,17.94,PV  ,0.144,108599724,17.76,18.26
48,18.495,VB  ,0.159,369537026,18.26,19.294
49,20.635,BV  ,0.21,67013761,20.239,21.011
50,21.441,PV  ,0.278,1065627325,21.011,22.092
51,22.374,VV  ,0.188,49286084,22.092,22.539
52,22.771,VV  ,0.214,65887926,22.539,22.995
53,23.235,VV  ,0.205,86483413,22.995,23.557
54,23.679,VV  ,0.15,7517142,23.557,23.804
55,24.121,VV  ,0.262,160970943,23.804,24.586
56,24.679,VB  ,0.129,9417148,24.586,24.849
57,25.084,BV  ,0.18,19976369,24.864,25.28
58,25.533,VB  ,0.307,55806869,25.28,26.088
,,,,,,
,,,,,,
TIC: T5-SER-G1-1-skeletal.D\data.ms,,,,,,
T5-SER-G1-1-skeletal,,,,,,
,,,,,,
1,3.333,BV  ,0.063,33416254,3.142,3.522
2,3.625,PV  ,0.145,8819309,3.522,3.922
3,4.233,PV  ,0.155,15085555,3.922,4.35
4,4.483,VV  ,0.109,27075224,4.35,4.662
5,4.999,VV  ,0.159,13624464,4.662,5.064
6,5.231,VV  ,0.093,20092536,5.064,5.305
7,5.365,VV  ,0.092,22199143,5.305,5.535
8,5.632,VV  ,0.14,11556761,5.535,5.83
9,6.29,VV  ,0.143,35915913,6.208,6.576
10,6.691,VV  ,0.099,17894648,6.576,6.786
11,6.836,VV  ,0.069,4190223,6.786,6.912
12,7,VV  ,0.122,10751881,6.912,7.163
13,7.291,VV  ,0.08,10726673,7.163,7.374
14,7.506,VV  ,0.106,107393918,7.374,7.781
15,7.839,VV  ,0.152,27713608,7.781,8.067
16,8.279,VV  ,0.125,214342608,8.067,8.571
17,8.64,VV  ,0.11,145366075,8.571,8.812
18,8.912,VV  ,0.193,30793738,8.812,9.117
19,9.236,VV  ,0.097,23080070,9.117,9.282
20,9.518,VV  ,0.138,1047767114,9.282,9.82
21,9.869,VV  ,0.093,66409400,9.82,9.967
22,10.08,VV  ,0.149,94143054,9.967,10.209
23,10.261,VV  ,0.103,57386206,10.209,10.356
24,10.424,VV  ,0.103,92857873,10.356,10.608
25,10.656,VV  ,0.114,67069495,10.608,10.818
26,10.973,VV  ,0.167,49198004,10.818,11.025
27,11.173,VV  ,0.127,464130443,11.025,11.406
28,11.463,VV  ,0.1,92982597,11.406,11.612
29,11.708,VV  ,0.132,57311164,11.612,11.773
30,11.877,VV  ,0.228,161451802,11.773,12.13
31,12.199,VV  ,0.157,129390043,12.13,12.466
32,12.545,VV  ,0.131,80856001,12.466,12.655
33,12.719,VV  ,0.198,141861003,12.655,13.044
34,13.138,VV  ,0.163,58120588,13.044,13.254
35,13.495,VV  ,0.16,167316134,13.254,13.569
36,13.615,VV  ,0.079,89420083,13.569,13.712
37,13.781,VV  ,0.248,98805921,13.712,13.999
38,14.143,VV  ,0.245,210802320,13.999,14.608
39,14.961,VV  ,0.165,178628635,14.764,15.291
40,15.672,VV  ,0.215,82677982,15.291,15.753
41,15.854,VV  ,0.193,47719175,15.753,16.078
42,16.246,VV  ,0.108,125763412,16.078,16.424
43,16.536,VV  ,0.101,210816869,16.424,16.719
44,16.782,VV  ,0.209,50536032,16.719,17.097
45,17.21,VV  ,0.112,35435298,17.097,17.298
46,17.361,VV  ,0.169,30962317,17.298,17.779
47,17.994,PV  ,0.171,91673979,17.779,18.304
48,18.709,VV  ,0.298,1719839083,18.304,19.249
49,19.844,VV  ,0.406,192092312,19.249,20.289
50,20.417,VV  ,0.212,17943607,20.289,20.53
51,20.744,VV  ,0.223,58096885,20.53,21.045
52,21.923,VV  ,0.395,5201997274,21.045,22.588
53,22.699,VV  ,0.275,332545823,22.588,23.04
54,23.439,VV  ,0.414,1261419170,23.04,23.88
55,24.169,VV  ,0.398,789518227,23.88,24.573
56,24.76,VV  ,0.437,457473653,24.573,25.266
57,25.572,VV  ,0.619,723846525,25.266,26.925
58,27.918,VB  ,0.651,91847243,27.555,28.699
,,,,,,
,,,,,,
TIC: T5-SER-G1-2-skeletal.D\data.ms,,,,,,
T5-SER-G1-2-skeletal,,,,,,
,,,,,,
1,3.331,PV  ,0.063,30445200,3.276,3.51
2,4.24,PV  ,0.114,12678167,4.062,4.289
3,4.488,VV  ,0.07,20374930,4.352,4.536
4,5.004,VV  ,0.08,8476221,4.856,5.058
5,5.241,VV  ,0.102,16938919,5.058,5.29
6,5.37,VV  ,0.055,31282763,5.29,5.432
7,6.287,PV  ,0.087,48736322,6.209,6.587
8,6.702,VV  ,0.058,26465247,6.587,6.788
9,6.998,VV  ,0.072,11215525,6.924,7.167
10,7.301,PV  ,0.083,10519101,7.167,7.398
11,7.542,VV  ,0.095,190862569,7.398,7.792
12,7.854,VV  ,0.115,36757145,7.792,8.074
13,8.126,VV  ,0.073,9449809,8.074,8.183
14,8.291,VV  ,0.071,236259087,8.183,8.416
15,8.451,VV  ,0.11,50275416,8.416,8.582
16,8.651,VV  ,0.077,208357838,8.582,8.833
17,9.252,VV  ,0.099,25751506,9.135,9.297
18,9.61,VV  ,0.148,1706299337,9.297,9.84
19,9.886,VV  ,0.081,73815579,9.84,9.965
20,10.045,VV  ,0.092,53257893,9.965,10.07
21,10.1,VV  ,0.069,40177038,10.07,10.146
22,10.188,VV  ,0.087,40376505,10.146,10.239
23,10.298,VV  ,0.085,82754074,10.239,10.377
24,10.444,VV  ,0.077,98103061,10.377,10.542
25,10.673,VV  ,0.069,49400705,10.621,10.74
26,10.994,VV  ,0.09,32413096,10.946,11.055
27,11.24,VV  ,0.108,774878900,11.055,11.429
28,11.484,VV  ,0.101,131013815,11.429,11.644
29,11.744,VV  ,0.104,82811104,11.644,11.813
30,11.901,VV  ,0.108,123773473,11.813,11.994
31,12.032,VV  ,0.107,82807173,11.994,12.143
32,12.216,VV  ,0.085,94341201,12.143,12.303
33,12.56,VV  ,0.124,108405688,12.483,12.685
34,12.75,VV  ,0.078,98571975,12.685,12.824
35,12.855,VV  ,0.123,71081555,12.824,12.983
36,13.158,VV  ,0.124,75759770,13.063,13.265
37,13.343,VV  ,0.095,47584172,13.265,13.379
38,13.521,VV  ,0.119,180406125,13.379,13.593
39,13.637,VV  ,0.081,115165141,13.593,13.737
40,13.805,VV  ,0.19,125837471,13.737,14.03
41,14.163,VV  ,0.113,118846550,14.03,14.219
42,14.25,VV  ,0.234,178778748,14.219,14.635
43,14.982,VV  ,0.116,141687056,14.903,15.146
44,15.692,VV  ,0.142,78522334,15.465,15.778
45,16.268,VV  ,0.078,108631077,16.159,16.354
46,16.398,VV  ,0.076,29007414,16.354,16.455
47,16.565,VV  ,0.087,272891412,16.455,16.746
48,16.816,VV  ,0.123,39152364,16.746,16.952
49,17.241,VV  ,0.101,49441809,17.132,17.327
50,17.393,VV  ,0.138,39968444,17.327,17.811
51,18.052,PV  ,0.18,97460872,17.811,18.335
52,18.819,VV  ,0.255,2295966552,18.335,19.271
53,19.887,VV  ,0.452,328361226,19.271,20.331
54,20.474,VV  ,0.138,21552748,20.331,20.562
55,20.822,VV  ,0.252,57228013,20.562,21.077
56,21.859,PV  ,0.387,6693404870,21.077,22.629
57,22.723,VV  ,0.233,455854144,22.629,23.059
58,23.537,VV  ,0.397,1753817615,23.059,23.915
59,24.211,VV  ,0.358,1026214481,23.915,24.605
60,24.793,VV  ,0.271,362680765,24.605,25.007
61,25.031,VV  ,0.243,178319633,25.007,25.278
62,25.598,VV  ,0.556,781533181,25.278,27.02
63,28.12,VV  ,0.295,37248671,27.659,28.225
64,28.254,VV  ,0.2,19848842,28.225,28.605
,,,,,,
,,,,,,
TIC: T5-SER-G2-1-skeletal.D\data.ms,,,,,,
T5-SER-G2-1-skeletal,,,,,,
,,,,,,
1,3.332,PV  ,0.063,22954172,3.29,3.513
2,4.25,VV  ,0.114,12937147,4.063,4.349
3,4.489,VV  ,0.079,16004898,4.349,4.538
4,5.007,VV  ,0.087,7535411,4.861,5.096
5,5.245,VV  ,0.091,12725834,5.096,5.295
6,5.375,VV  ,0.059,15501656,5.295,5.434
7,5.478,VV  ,0.057,5607743,5.434,5.54
8,6.317,PV  ,0.133,24676418,6.219,6.597
9,6.706,VV  ,0.061,16905096,6.597,6.804
10,7.006,PV  ,0.074,5366008,6.913,7.175
11,7.306,VV  ,0.081,5791107,7.175,7.372
12,7.534,VV  ,0.068,119241421,7.372,7.658
13,7.69,VV  ,0.104,23199955,7.658,7.797
14,8.309,VV  ,0.087,106971407,8.175,8.42
15,8.455,VV  ,0.105,36546690,8.42,8.587
16,8.658,VV  ,0.05,67765612,8.587,8.684
17,8.714,VV  ,0.06,76330727,8.684,8.83
18,8.93,VV  ,0.103,23975732,8.83,9.075
19,9.264,VV  ,0.079,22983574,9.147,9.304
20,9.578,VV  ,0.137,1328852863,9.304,9.863
21,9.892,VV  ,0.084,43599275,9.863,9.955
22,10.104,VV  ,0.131,82322719,9.955,10.161
23,10.296,VV  ,0.098,97263622,10.161,10.387
24,10.453,VV  ,0.079,70414758,10.387,10.545
25,10.682,VV  ,0.076,35195005,10.632,10.755
26,11.224,VV  ,0.121,548328676,11.059,11.435
27,11.494,VV  ,0.093,99862118,11.435,11.643
28,11.744,VV  ,0.111,63089273,11.643,11.814
29,11.907,VV  ,0.108,100747336,11.814,12.005
30,12.054,VV  ,0.126,61198146,12.005,12.152
31,12.23,VV  ,0.129,121332480,12.152,12.486
32,12.572,VV  ,0.132,87525484,12.486,12.693
33,12.757,VV  ,0.155,120770781,12.693,12.995
34,13.17,VV  ,0.154,75929254,12.995,13.275
35,13.352,VV  ,0.075,37260365,13.275,13.39
36,13.533,VV  ,0.125,131590089,13.39,13.596
37,13.653,VV  ,0.085,110699527,13.596,13.758
38,14.18,VV  ,0.221,249871055,14.031,14.652
39,14.999,VV  ,0.084,132126839,14.909,15.171
40,15.709,VV  ,0.154,71755325,15.512,15.848
41,16.288,VV  ,0.086,105129531,16.173,16.375
42,16.421,VV  ,0.072,26363151,16.375,16.475
43,16.591,VV  ,0.086,272512414,16.475,16.74
44,16.843,VV  ,0.135,40190074,16.74,16.992
45,17.267,VV  ,0.101,46005299,17.16,17.356
46,17.423,VB  ,0.125,34167743,17.356,17.811
47,18.081,BV  ,0.168,100505298,17.853,18.364
48,18.887,VV  ,0.276,2403218749,18.364,19.281
49,19.927,VV  ,0.49,376695053,19.281,20.394
50,20.522,VV  ,0.155,36575257,20.394,20.625
51,20.905,VV  ,0.283,90397130,20.625,21.111
52,21.899,VV  ,0.296,6881469751,21.111,22.662
53,22.757,VV  ,0.25,524326912,22.662,23.098
54,23.604,VV  ,0.399,2040388892,23.098,23.954
55,24.221,VV  ,0.383,1070957733,23.954,24.626
56,24.821,VV  ,0.38,690665295,24.626,25.285
57,25.616,VV  ,0.787,1282669816,25.285,27.272
58,27.957,VV  ,0.428,133006637,27.471,27.983
59,28.47,VV  ,0.791,399022373,27.983,29.886
,,,,,,
,,,,,,
TIC: T5-SER-G2-2-skeletal.D\data.ms,,,,,,
T5-SER-G2-2-skeletal,,,,,,
,,,,,,
1,3.335,BV  ,0.048,37384183,3.179,3.527
2,4.245,PV  ,0.148,13009196,3.921,4.32
3,4.488,VV  ,0.181,30932167,4.32,4.867
4,5.008,VV  ,0.095,7344368,4.867,5.132
5,5.382,VV  ,0.203,38032920,5.132,5.559
6,5.651,VV  ,0.132,7841594,5.559,5.831
7,5.995,PV  ,0.119,5103493,5.831,6.077
8,6.328,VV  ,0.144,32985891,6.077,6.606
9,6.713,VV  ,0.105,16421259,6.606,6.935
10,7.018,VV  ,0.103,6156440,6.935,7.169
11,7.314,VV  ,0.073,6659461,7.169,7.381
12,7.53,VV  ,0.14,148643200,7.381,8.19
13,8.326,VV  ,0.138,157880072,8.19,8.588
14,8.717,VV  ,0.089,142694037,8.588,8.849
15,8.94,VV  ,0.116,34306179,8.849,9.164
16,9.544,VV  ,0.169,1080090187,9.164,9.857
17,9.902,VV  ,0.101,59645267,9.857,9.998
18,10.114,VV  ,0.169,81850439,9.998,10.225
19,10.297,VV  ,0.109,57668039,10.225,10.383
20,10.464,VV  ,0.124,88533879,10.383,10.633
21,10.694,VV  ,0.145,54284603,10.633,10.853
22,10.911,VV  ,0.18,43419164,10.853,11.066
23,11.208,VV  ,0.134,399968133,11.066,11.434
24,11.505,VV  ,0.133,86774964,11.434,11.663
25,11.751,VV  ,0.128,50227546,11.663,11.821
26,11.915,VV  ,0.209,133587416,11.821,12.157
27,12.243,VV  ,0.161,108471471,12.157,12.493
28,12.587,VV  ,0.146,82986701,12.493,12.713
29,12.771,VV  ,0.201,113950631,12.713,13.093
30,13.184,VV  ,0.148,44281447,13.093,13.282
31,13.663,VV  ,0.279,227567843,13.282,13.764
32,13.824,VV  ,0.263,91959808,13.764,14.057
33,14.198,VV  ,0.241,200070791,14.057,14.656
34,15.021,VV  ,0.167,142619358,14.834,15.3
35,15.727,VV  ,0.194,65828478,15.509,15.863
36,16.317,VV  ,0.134,100644082,16.193,16.493
37,16.616,VV  ,0.102,233550616,16.493,16.776
38,16.865,VV  ,0.192,61658870,16.776,17.168
39,17.301,VV  ,0.118,40743263,17.168,17.391
40,17.457,VV  ,0.161,30368686,17.391,17.879
41,18.127,PV  ,0.196,77296450,17.879,18.402
42,18.904,VV  ,0.369,2107985442,18.402,19.392
43,19.991,VV  ,0.49,287115516,19.392,20.42
44,20.582,VV  ,0.235,37189311,20.42,20.68
45,20.907,VV  ,0.288,73823580,20.68,21.157
46,22.122,VV  ,0.731,6997746343,21.157,23.162
47,23.621,VV  ,0.503,1740105530,23.162,24.027
48,24.238,VV  ,0.453,794326545,24.027,24.659
49,24.872,VV  ,0.482,602518271,24.659,25.355
50,25.655,VV  ,1.018,1087709052,25.355,27.615
51,28.51,VV  ,1.226,517037477,27.706,30.92
,,,,,,
,,,,,,
TIC: T5-STY1-skeletal.D\data.ms,,,,,,
T5-STY1-skeletal,,,,,,
,,,,,,
1,3.339,VB  ,0.042,11588215,3.297,3.534
2,4.497,BV  ,0.054,7708217,4.389,4.551
3,5.395,VV  ,0.047,7320835,5.34,5.449
4,6.347,BV  ,0.111,29205525,6.195,6.621
5,6.727,VV  ,0.056,11113722,6.621,6.818
6,7.538,PV  ,0.06,70810336,7.403,7.676
7,7.713,VV  ,0.046,8783644,7.676,7.744
8,8.333,PV  ,0.093,215188615,8.201,8.617
9,8.683,VV  ,0.057,90853904,8.617,8.883
10,9.549,VV  ,0.104,649156372,9.328,9.83
11,9.913,VV  ,0.074,24132042,9.83,9.961
12,9.987,VV  ,0.065,11719355,9.961,10.054
13,10.125,VV  ,0.102,21769750,10.054,10.229
14,10.313,VV  ,0.075,29424291,10.229,10.406
15,10.481,VV  ,0.053,57991244,10.406,10.572
16,11.225,PV  ,0.082,265559144,11.086,11.464
17,11.517,VV  ,0.064,19981124,11.464,11.661
18,11.787,PV  ,0.063,9793633,11.661,11.847
19,11.939,VV  ,0.065,8990813,11.847,12.044
20,12.268,BV  ,0.05,10876075,12.154,12.367
21,12.6,PV  ,0.083,11638968,12.531,12.737
22,12.799,VB  ,0.097,17619881,12.737,12.968
23,13.385,PV  ,0.054,17004665,13.291,13.446
24,13.554,VV  ,0.079,24877387,13.446,13.64
25,13.698,VV  ,0.058,20595571,13.64,13.792
26,15.048,PV  ,0.08,44454204,14.943,15.201
27,15.756,BV  ,0.077,11246569,15.63,15.913
28,16.361,BV  ,0.086,32816364,16.081,16.443
29,16.471,VV  ,0.06,15548806,16.443,16.538
30,16.671,VV  ,0.149,371077512,16.538,17.238
31,18.226,BV  ,0.162,23983040,17.829,18.48
32,19.01,VV  ,0.444,2482270486,18.48,20.47
33,20.491,VB  ,0.062,3135381,20.47,20.612
34,21.959,BV  ,0.148,2624127733,21.116,22.019
35,22.171,VV  ,0.348,5203758197,22.019,23.183
36,23.718,VV  ,0.451,2146280347,23.183,24.102
37,24.14,VV  ,0.34,535180920,24.102,24.658
38,24.914,VV  ,0.304,216180124,24.69,25.4
39,47.66,PV  ,0.187,1989630015,47.234,48.516
40,48.533,VB  ,0.113,20641409,48.516,48.757
,,,,,,
,,,,,,
TIC: T5-STY3-skeletal.D\data.ms,,,,,,
T5-STY3-skeletal,,,,,,
,,,,,,
1,3.335,BV  ,0.053,7964406,3.143,3.594
2,4.257,PV  ,0.145,5757395,4.065,4.371
3,4.486,VV  ,0.101,10113672,4.371,4.686
4,5.009,VV  ,0.155,5072094,4.686,5.148
5,5.21,VV  ,0.105,7832067,5.148,5.337
6,5.386,VV  ,0.16,10496572,5.337,5.852
7,6.397,VV  ,0.176,12485923,6.07,6.629
8,6.716,VV  ,0.12,5955440,6.629,6.954
9,7.309,VV  ,0.083,2630077,7.196,7.395
10,7.499,VV  ,0.099,31351359,7.395,7.615
11,7.7,VV  ,0.121,11638612,7.615,7.82
12,7.883,VV  ,0.147,8788282,7.82,8.09
13,8.348,VV  ,0.158,93677844,8.09,8.613
14,8.68,VV  ,0.093,44260707,8.613,8.87
15,8.947,VV  ,0.115,8338759,8.87,9.054
16,9.47,VV  ,0.154,414371461,9.054,9.839
17,9.903,VV  ,0.12,28419129,9.839,10.031
18,10.116,VV  ,0.15,25633975,10.031,10.23
19,10.286,VV  ,0.123,19403062,10.23,10.393
20,10.467,VV  ,0.114,31452482,10.393,10.637
21,10.704,VV  ,0.138,18676385,10.637,10.853
22,11.174,VV  ,0.133,186388138,10.853,11.445
23,11.503,VV  ,0.129,26296185,11.445,11.658
24,11.762,VV  ,0.137,18687934,11.658,11.826
25,11.924,VV  ,0.168,23812788,11.826,12.024
26,12.082,VV  ,0.112,13107030,12.024,12.152
27,12.258,VV  ,0.149,40864366,12.152,12.519
28,12.595,VV  ,0.138,19904129,12.519,12.704
29,12.778,VV  ,0.213,35712695,12.704,13.097
30,13.191,VV  ,0.146,16814994,13.097,13.317
31,13.378,VV  ,0.105,21518096,13.317,13.485
32,13.541,VV  ,0.088,15348095,13.485,13.597
33,13.687,VV  ,0.085,30759892,13.597,13.758
34,13.819,VV  ,0.181,34740073,13.758,14.01
35,14.208,VV  ,0.313,50225623,14.01,14.58
36,15.038,VV  ,0.142,73281204,14.924,15.444
37,15.748,VV  ,0.143,14971752,15.68,15.878
38,16.335,VV  ,0.153,60885420,16.11,16.519
39,16.627,VV  ,0.158,130481247,16.519,17.201
40,17.324,VV  ,0.201,22856076,17.201,17.853
41,18.136,PV  ,0.24,40835343,17.853,18.452
42,18.774,VV  ,0.37,913694910,18.452,20.489
43,20.948,PV  ,0.221,8630246,20.489,21.15
44,21.864,PV  ,0.434,1526667207,21.15,22.085
45,22.193,VV  ,0.333,1633495889,22.085,23.145
46,23.54,VV  ,0.57,881875651,23.145,24.652
47,24.864,VV  ,0.322,77209576,24.652,25.324
48,29.227,BV  ,0.426,1657723660,28.469,32.616
49,32.64,VB  ,0.126,2792314,32.616,32.889
,,,,,,
,,,,,,
TIC: T6-SER-G1-1-skeletal.D\data.ms,,,,,,
T6-SER-G1-1-skeletal,,,,,,
,,,,,,
1,3.333,PV  ,0.035,9862723,3.285,3.402
2,4.491,VV  ,0.047,4403403,4.431,4.543
3,5.199,BV  ,0.041,2886149,5.114,5.229
4,5.256,VV  ,0.049,4674697,5.229,5.423
5,6.702,PV  ,0.068,6777255,6.591,6.82
6,7.497,BV  ,0.054,26514379,7.403,7.607
7,7.71,VB  ,0.099,7290161,7.607,7.807
8,8.45,VV  ,0.131,20425502,8.324,8.609
9,8.672,VV  ,0.045,20104551,8.609,8.689
10,8.715,VV  ,0.042,26044073,8.689,8.847
11,9.271,BV  ,0.054,6171455,9.151,9.313
12,9.493,VV  ,0.085,393374999,9.313,9.618
13,9.654,VV  ,0.094,37032225,9.618,9.834
14,9.903,VV  ,0.069,21230976,9.834,10.017
15,10.116,VV  ,0.085,16447362,10.017,10.214
16,10.285,VV  ,0.079,17573661,10.214,10.409
17,10.469,VV  ,0.059,17216187,10.409,10.642
18,10.695,VV  ,0.055,7694511,10.642,10.779
19,11.189,PV  ,0.07,170141815,11.071,11.336
20,11.359,VV  ,0.084,10908310,11.336,11.45
21,11.502,VV  ,0.075,10263975,11.45,11.661
22,11.881,PV  ,0.039,1038267,11.804,11.906
23,12.255,BV  ,0.058,10748288,12.112,12.322
24,12.586,PV  ,0.07,5718659,12.484,12.705
25,12.766,VV  ,0.062,6565931,12.705,12.861
26,13.537,VV  ,0.064,4116344,13.477,13.594
27,13.683,VV  ,0.064,17722985,13.594,13.767
28,13.814,VV  ,0.067,6485059,13.767,13.923
29,15.034,PV  ,0.077,35829562,14.912,15.22
30,16.32,PV  ,0.112,41312008,16.197,16.538
31,16.608,VV  ,0.09,12484105,16.538,16.785
32,18.085,BV  ,0.166,31756092,17.824,18.417
33,18.613,VV  ,0.185,120819456,18.417,19.137
34,21.518,PV  ,0.336,483931337,21.147,22.386
35,22.471,VB  ,0.169,10055624,22.386,22.649
36,23.358,BB  ,0.236,35036518,23.116,23.704
37,24.274,BB  ,0.248,12599773,23.904,24.486
,,,,,,
,,,,,,
TIC: T6-SER-G1-2-skeletal.D\data.ms,,,,,,
T6-SER-G1-2-skeletal,,,,,,
,,,,,,
1,3.331,BB  ,0.04,11831136,3.187,3.57
2,4.493,VV  ,0.063,10741107,4.332,4.541
3,5.201,PV  ,0.114,10487527,5.093,5.418
4,5.471,PB  ,0.058,4446517,5.418,5.576
5,6.703,BV  ,0.068,7633393,6.605,6.82
6,7.509,BV  ,0.058,39542487,7.403,7.66
7,7.709,VV  ,0.083,6745362,7.66,7.823
8,8.255,PV  ,0.08,6302529,8.199,8.346
9,8.457,VV  ,0.112,18615291,8.346,8.605
10,8.713,VV  ,0.073,53188513,8.605,8.852
11,8.94,VV  ,0.065,5413657,8.852,9.046
12,9.27,PV  ,0.058,7193038,9.046,9.319
13,9.53,VV  ,0.097,552766543,9.319,9.624
14,9.651,VV  ,0.116,50956995,9.624,9.849
15,9.904,VV  ,0.094,23431186,9.849,10.023
16,10.119,VV  ,0.089,22447610,10.023,10.196
17,10.296,VV  ,0.076,33035418,10.196,10.416
18,10.47,VV  ,0.07,26952400,10.416,10.642
19,10.7,VV  ,0.082,16771177,10.642,10.847
20,11.214,VV  ,0.081,281163644,11.076,11.454
21,11.508,VV  ,0.089,22138365,11.454,11.661
22,11.754,VV  ,0.092,15831565,11.661,11.834
23,11.949,VV  ,0.127,22056062,11.834,12.032
24,12.256,VV  ,0.074,24623876,12.171,12.516
25,12.774,BV  ,0.064,9568388,12.711,12.862
26,13.686,VV  ,0.063,31332905,13.581,13.787
27,15.036,BV  ,0.087,69656330,14.727,15.467
28,16.331,BV  ,0.094,55988958,16.118,16.543
29,18.095,BV  ,0.185,60304613,17.835,18.423
30,18.618,VB  ,0.237,94207004,18.423,19.352
31,20.847,BV  ,0.211,20856705,20.465,21.132
32,21.479,PV  ,0.303,293425850,21.132,22.344
,,,,,,
,,,,,,
TIC: T6-SER-G2-1-skeletal.D\data.ms,,,,,,
T6-SER-G2-1-skeletal,,,,,,
,,,,,,
1,3.332,BB  ,0.035,5960256,3.187,3.445
2,4.492,PV  ,0.062,4599481,4.32,4.544
3,6.701,BV  ,0.055,4917667,6.6,6.82
4,7.504,PV  ,0.049,9219914,7.359,7.61
5,8.674,VV  ,0.041,12057898,8.595,8.687
6,8.717,VB  ,0.043,20124812,8.687,8.836
7,9.274,PV  ,0.055,5300625,9.057,9.323
8,9.493,VV  ,0.08,307282526,9.323,9.629
9,9.655,VV  ,0.086,30701890,9.629,9.834
10,9.905,VV  ,0.09,16965904,9.834,10.027
11,10.115,VV  ,0.102,13843321,10.027,10.219
12,10.291,VV  ,0.083,16877774,10.219,10.417
13,10.47,VV  ,0.066,15274271,10.417,10.59
14,10.7,VV  ,0.068,8460243,10.651,10.779
15,11.193,VV  ,0.071,153611348,11.068,11.451
16,11.508,VV  ,0.088,15068516,11.451,11.656
17,11.936,VV  ,0.105,11662275,11.824,12.015
18,12.261,VV  ,0.078,15194327,12.123,12.433
19,12.777,PV  ,0.06,4204813,12.703,12.87
20,13.69,VV  ,0.081,22824746,13.478,13.908
21,15.046,PB  ,0.09,34081801,14.828,15.409
22,16.344,BV  ,0.099,27257497,16.181,16.57
23,18.118,BV  ,0.199,21700862,17.95,18.46
24,18.633,VV  ,0.189,42403735,18.46,19.084
25,21.46,BV  ,0.306,166690359,21.127,22.266
26,22.287,VV  ,0.051,575327,22.266,22.35
,,,,,,
,,,,,,
TIC: T6-SER-G2-2-skeletal.D\data.ms,,,,,,
T6-SER-G2-2-skeletal,,,,,,
,,,,,,
1,3.33,BV  ,0.04,17513057,3.203,3.52
2,4.407,PV  ,0.039,1698729,4.326,4.427
3,4.492,VV  ,0.046,6997487,4.427,4.544
4,5.202,BV  ,0.04,4372393,5.114,5.231
5,5.254,VB  ,0.054,4894667,5.231,5.397
6,6.702,PV  ,0.059,5268444,6.605,6.815
7,7.504,PV  ,0.05,14320712,7.4,7.665
8,7.712,PV  ,0.036,902150,7.665,7.747
9,8.469,PV  ,0.064,4934634,8.379,8.519
10,8.678,VV  ,0.042,15428846,8.603,8.692
11,8.719,VV  ,0.045,24987995,8.692,8.873
12,9.276,PV  ,0.048,4983104,9.06,9.323
13,9.503,VV  ,0.087,343101643,9.323,9.623
14,9.661,VV  ,0.081,31937118,9.623,9.807
15,9.912,VV  ,0.06,18133672,9.86,10.028
16,10.127,VV  ,0.075,14567868,10.028,10.233
17,10.293,VV  ,0.074,14208165,10.233,10.416
18,10.478,VV  ,0.058,15203719,10.416,10.658
19,10.704,PV  ,0.054,6602247,10.658,10.777
20,11.202,PV  ,0.076,165890636,11.084,11.464
21,11.51,VV  ,0.085,14194439,11.464,11.652
22,11.943,VV  ,0.105,13010256,11.834,12.032
23,12.266,VV  ,0.074,22654442,12.172,12.511
24,12.781,VV  ,0.063,5146302,12.716,12.879
25,13.701,PV  ,0.055,25669286,13.599,13.792
26,15.051,PV  ,0.086,60472758,14.858,15.414
27,16.355,BV  ,0.113,56403486,16.128,16.564
28,16.622,VB  ,0.126,8263929,16.564,16.79
29,18.123,BV  ,0.118,21491533,17.682,18.375
30,18.658,BV  ,0.157,42117951,18.47,19.021
31,20.865,PV  ,0.163,8982796,20.458,21.063
32,21.508,BV  ,0.302,200782435,21.216,22.297
33,22.312,VV  ,0.027,228289,22.297,22.333
,,,,,,
,,,,,,
TIC: T6-STY1-skeletal.D\data.ms,,,,,,
T6-STY1-skeletal,,,,,,
,,,,,,
1,3.331,BV  ,0.035,15575294,3.276,3.392
2,4.249,BV  ,0.105,7095677,4.064,4.363
3,4.496,VV  ,0.063,15769826,4.363,4.542
4,4.581,VV  ,0.07,4983483,4.542,4.683
5,5.013,VV  ,0.084,6378465,4.867,5.114
6,5.207,PV  ,0.071,10182434,5.114,5.307
7,5.385,VV  ,0.054,5508859,5.307,5.439
8,5.477,VB  ,0.051,4585178,5.439,5.56
9,5.664,BV  ,0.055,4999760,5.623,5.854
10,6.713,PV  ,0.068,14566121,6.6,6.826
11,7.551,PV  ,0.065,84122300,7.398,7.681
12,7.771,VV  ,0.075,22369879,7.681,7.833
13,7.888,VV  ,0.097,14958303,7.833,8.106
14,8.308,PV  ,0.069,14924711,8.106,8.338
15,8.475,VV  ,0.123,45327501,8.338,8.616
16,8.681,VV  ,0.058,48779312,8.616,8.852
17,9.271,BV  ,0.077,6585862,9.125,9.324
18,9.571,VV  ,0.11,730879456,9.324,9.834
19,9.922,VV  ,0.072,44480614,9.834,10.017
20,10.135,VV  ,0.11,36659593,10.017,10.252
21,10.326,VV  ,0.068,52802967,10.252,10.432
22,10.485,VV  ,0.064,34564755,10.432,10.59
23,10.717,VV  ,0.099,22408546,10.668,10.868
24,11.048,VV  ,0.082,11474839,10.968,11.096
25,11.248,VV  ,0.088,360896872,11.096,11.472
26,11.523,VV  ,0.084,38358657,11.472,11.661
27,11.784,VV  ,0.097,40952212,11.661,11.86
28,11.945,VV  ,0.107,33732656,11.86,12.007
29,12.068,VV  ,0.105,27373002,12.007,12.191
30,12.275,VV  ,0.069,33877335,12.191,12.354
31,12.612,VV  ,0.139,19945970,12.485,12.726
32,12.796,VV  ,0.075,25139003,12.726,12.875
33,12.921,VV  ,0.08,14125250,12.875,13.02
34,13.216,VV  ,0.071,14541742,13.145,13.313
35,13.394,VV  ,0.082,13397681,13.313,13.438
36,13.48,VV  ,0.075,9112803,13.438,13.519
37,13.561,VV  ,0.061,8478530,13.519,13.588
38,13.709,VV  ,0.079,73095660,13.588,13.817
39,14.312,VB  ,0.153,19918406,14.246,14.58
40,15.062,BV  ,0.095,120460896,14.616,15.477
41,15.768,BV  ,0.06,3698671,15.682,15.861
42,16.364,BV  ,0.115,110525769,16.155,16.559
43,16.654,VV  ,0.12,89614258,16.559,16.848
44,16.903,VV  ,0.162,32870856,16.848,17.457
45,18.168,BV  ,0.187,95712776,17.877,18.496
46,18.79,VV  ,0.299,693951663,18.496,19.935
47,20.975,BV  ,0.235,39291932,20.622,21.232
48,21.841,VV  ,0.609,1979601496,21.232,22.822
49,22.837,VV  ,0.22,199573423,22.822,23.184
50,23.57,VV  ,0.437,698527151,23.184,24.086
51,24.2,VV  ,0.349,225859510,24.086,24.705
52,24.798,VB  ,0.306,91263537,24.705,25.437
,,,,,,
,,,,,,
TIC: T6-STY3-skeletal.D\data.ms,,,,,,
T6-STY3-skeletal,,,,,,
,,,,,,
1,3.333,BV  ,0.043,27690212,3.182,3.528
2,4.5,VV  ,0.045,13801401,4.431,4.546
3,5.211,BV  ,0.04,8194499,5.103,5.239
4,5.257,VV  ,0.042,5664989,5.239,5.345
5,6.415,VV  ,0.078,9390704,6.316,6.456
6,6.722,PV  ,0.063,7616441,6.62,6.809
7,7.535,PV  ,0.056,53689152,7.387,7.623
8,7.653,VV  ,0.055,7168872,7.623,7.686
9,7.716,VV  ,0.051,8515072,7.686,7.759
10,8.344,PV  ,0.11,143985921,8.217,8.61
11,8.685,VV  ,0.058,65549338,8.61,8.795
12,9.56,PV  ,0.093,590957087,9.331,9.648
13,9.67,VV  ,0.116,55329426,9.648,9.868
14,9.927,VV  ,0.06,38481197,9.868,10.035
15,10.142,VV  ,0.096,31069037,10.035,10.248
16,10.313,VV  ,0.075,27389279,10.248,10.419
17,10.488,VV  ,0.055,41785523,10.419,10.595
18,10.72,VV  ,0.068,14416869,10.666,10.792
19,11.239,VV  ,0.078,294787928,11.104,11.464
20,11.529,VV  ,0.084,29868113,11.464,11.675
21,11.796,VV  ,0.114,22803145,11.675,11.867
22,11.954,VV  ,0.097,24747561,11.867,12.042
23,12.281,VV  ,0.062,31077950,12.207,12.369
24,12.613,VV  ,0.107,13667892,12.516,12.726
25,12.795,VV  ,0.084,18600376,12.726,12.881
26,13.218,PV  ,0.051,5300434,13.152,13.264
27,13.399,VV  ,0.068,21865591,13.264,13.509
28,13.565,VV  ,0.063,13270979,13.509,13.613
29,13.713,VV  ,0.066,59748404,13.613,13.803
30,13.856,VV  ,0.099,19212677,13.803,14.032
31,14.107,PV  ,0.05,5294725,14.032,14.161
32,15.065,VV  ,0.08,119056484,14.955,15.223
33,15.27,VB  ,0.071,14314542,15.223,15.462
34,15.77,BV  ,0.062,8896142,15.693,15.908
35,16.378,BV  ,0.099,121704290,16.118,16.559
36,16.678,VV  ,0.118,284114213,16.559,17.11
37,18.217,BV  ,0.175,112903910,17.934,18.519
38,19.003,VV  ,0.354,2057061058,18.519,19.961
39,19.981,VB  ,0.047,1323258,19.961,20.055
40,21.057,BV  ,0.104,12407119,20.439,21.084
41,21.104,VB  ,0.065,8092087,21.084,21.242
42,22.021,BV  ,0.106,2399430931,21.273,22.103
43,22.31,VV  ,0.475,3908473333,22.103,23.235
44,23.793,VV  ,0.475,1935989118,23.235,24.172
45,24.186,VV  ,0.365,505371143,24.172,24.734
46,24.887,VV  ,0.112,81397510,24.734,24.91
47,24.933,VV  ,0.185,134064861,24.91,25.445
48,25.652,PV  ,0.112,3194194,25.445,25.669
